id,ID_CIUDAD,DEPARTAMENTO,PROVINCIA,DISTRITO
54.0,54,Tumbes,Contralmirante Villar,Zorritos
55.0,55,Tumbes,Contralmirante Villar,Zorritos
56.0,56,Tumbes,Contralmirante Villar,Canoas De Punta Sal
57.0,57,Tumbes,Contralmirante Villar,Canoas De Punta Sal
58.0,58,Tumbes,Contralmirante Villar,Canoas De Punta Sal
59.0,59,Piura,Talara,Los Organos
60.0,60,Piura,Talara,Los Organos
61.0,61,Piura,Talara,El Alto
62.0,62,Piura,Talara,El Alto
63.0,63,Piura,Talara,El Alto
64.0,64,Piura,Talara,Lobitos
65.0,65,Piura,Talara,Lobitos
66.0,66,Piura,Talara,Pariñas
67.0,67,Piura,Talara,La Brea
68.0,68,Piura,Talara,La Brea
69.0,69,Piura,Talara,La Brea
70.0,70,Piura,Paita,Vichayal
71.0,71,Piura,Paita,Paita
72.0,72,Piura,Paita,Paita
73.0,73,Piura,Paita,Paita
74.0,74,Piura,Paita,Paita
75.0,75,Piura,Paita,Paita
76.0,76,Piura,Paita,Paita
77.0,77,Piura,Sechura,Sechura
78.0,78,Piura,Sechura,Sechura
79.0,79,Piura,Sechura,Sechura
80.0,80,Piura,Sechura,Sechura
264.0,264,Tumbes,Contralmirante Villar,Zorritos
265.0,265,Tumbes,Contralmirante Villar,Zorritos
266.0,266,Tumbes,Contralmirante Villar,Canoas De Punta Sal
267.0,267,Tumbes,Contralmirante Villar,Canoas De Punta Sal
268.0,268,Tumbes,Contralmirante Villar,Canoas De Punta Sal
269.0,269,Tumbes,Contralmirante Villar,Canoas De Punta Sal
270.0,270,Piura,Talara,Los Organos
271.0,271,Piura,Talara,Los Organos
272.0,272,Piura,Talara,El Alto
273.0,273,Piura,Talara,El Alto
274.0,274,Piura,Talara,Lobitos
275.0,275,Piura,Talara,Lobitos
276.0,276,Piura,Talara,Pariñas
277.0,277,Piura,Talara,La Brea
278.0,278,Piura,Talara,La Brea
279.0,279,Piura,Paita,Vichayal
280.0,280,Piura,Paita,Vichayal
281.0,281,Piura,Paita,Paita
282.0,282,Piura,Paita,Paita
283.0,283,Piura,Paita,Paita
284.0,284,Piura,Paita,Paita
285.0,285,Piura,Paita,Paita
286.0,286,Piura,Paita,Paita
287.0,287,Piura,Sechura,Sechura
288.0,288,Piura,Sechura,Sechura
289.0,289,Piura,Sechura,Sechura
290.0,290,Piura,Sechura,Sechura
291.0,291,Piura,Sechura,Sechura
474.0,474,Tumbes,Contralmirante Villar,Zorritos
475.0,475,Tumbes,Contralmirante Villar,Zorritos
476.0,476,Tumbes,Contralmirante Villar,Zorritos
477.0,477,Tumbes,Contralmirante Villar,Canoas De Punta Sal
478.0,478,Tumbes,Contralmirante Villar,Canoas De Punta Sal
479.0,479,Tumbes,Contralmirante Villar,Canoas De Punta Sal
480.0,480,Tumbes,Contralmirante Villar,Canoas De Punta Sal
481.0,481,Piura,Talara,Mancora
482.0,482,Piura,Talara,Los Organos
483.0,483,Piura,Talara,El Alto
484.0,484,Piura,Talara,Lobitos
485.0,485,Piura,Talara,Pariñas
486.0,486,Piura,Talara,Pariñas
487.0,487,Piura,Talara,La Brea
488.0,488,Piura,Talara,La Brea
489.0,489,Piura,Paita,Vichayal
490.0,490,Piura,Paita,Colan
491.0,491,Piura,Paita,Paita
492.0,492,Piura,Paita,Paita
493.0,493,Piura,Paita,Paita
494.0,494,Piura,Paita,Paita
495.0,495,Piura,Paita,Paita
496.0,496,Piura,Sechura,Vice
497.0,497,Piura,Sechura,Sechura
498.0,498,Piura,Sechura,Sechura
499.0,499,Piura,Sechura,Sechura
500.0,500,Piura,Sechura,Sechura
501.0,501,Piura,Sechura,Sechura
502.0,502,Piura,Sechura,Sechura
684.0,684,Tumbes,Contralmirante Villar,Zorritos
685.0,685,Tumbes,Contralmirante Villar,Zorritos
686.0,686,Tumbes,Contralmirante Villar,Zorritos
687.0,687,Tumbes,Contralmirante Villar,Zorritos
688.0,688,Tumbes,Contralmirante Villar,Canoas De Punta Sal
689.0,689,Tumbes,Contralmirante Villar,Canoas De Punta Sal
690.0,690,Tumbes,Contralmirante Villar,Canoas De Punta Sal
691.0,691,Tumbes,Contralmirante Villar,Canoas De Punta Sal
692.0,692,Piura,Talara,Mancora
693.0,693,Piura,Talara,El Alto
694.0,694,Piura,Talara,El Alto
695.0,695,Piura,Talara,Pariñas
696.0,696,Piura,Talara,Pariñas
697.0,697,Piura,Talara,Pariñas
698.0,698,Piura,Talara,La Brea
699.0,699,Piura,Paita,Vichayal
700.0,700,Piura,Paita,Colan
701.0,701,Piura,Paita,Paita
702.0,702,Piura,Paita,Paita
703.0,703,Piura,Paita,Paita
704.0,704,Piura,Paita,Paita
705.0,705,Piura,Sechura,Vice
706.0,706,Piura,Sechura,Vice
707.0,707,Piura,Sechura,Sechura
708.0,708,Piura,Sechura,Sechura
709.0,709,Piura,Sechura,Sechura
710.0,710,Piura,Sechura,Sechura
711.0,711,Piura,Sechura,Sechura
712.0,712,Piura,Sechura,Sechura
713.0,713,Piura,Sechura,Sechura
894.0,894,Tumbes,Contralmirante Villar,Zorritos
895.0,895,Tumbes,Contralmirante Villar,Zorritos
896.0,896,Tumbes,Contralmirante Villar,Zorritos
897.0,897,Tumbes,Contralmirante Villar,Zorritos
898.0,898,Tumbes,Contralmirante Villar,Zorritos
899.0,899,Tumbes,Contralmirante Villar,Canoas De Punta Sal
900.0,900,Tumbes,Contralmirante Villar,Canoas De Punta Sal
901.0,901,Tumbes,Contralmirante Villar,Canoas De Punta Sal
902.0,902,Tumbes,Contralmirante Villar,Canoas De Punta Sal
903.0,903,Piura,Talara,El Alto
904.0,904,Piura,Sullana,Marcavelica
905.0,905,Piura,Sullana,Marcavelica
906.0,906,Piura,Sullana,Marcavelica
907.0,907,Piura,Talara,La Brea
908.0,908,Piura,Talara,La Brea
909.0,909,Piura,Paita,Tamarindo
910.0,910,Piura,Paita,La Huaca
911.0,911,Piura,Paita,La Huaca
912.0,912,Piura,Paita,La Huaca
913.0,913,Piura,Piura,La Union
914.0,914,Piura,Piura,La Union
915.0,915,Piura,Sechura,Vice
916.0,916,Piura,Sechura,Vice
917.0,917,Piura,Sechura,Sechura
918.0,918,Piura,Sechura,Sechura
919.0,919,Piura,Sechura,Sechura
920.0,920,Piura,Sechura,Sechura
921.0,921,Piura,Sechura,Sechura
922.0,922,Piura,Sechura,Sechura
923.0,923,Piura,Sechura,Sechura
1104.0,1104,Tumbes,Contralmirante Villar,Zorritos
1105.0,1105,Tumbes,Contralmirante Villar,Zorritos
1106.0,1106,Tumbes,Contralmirante Villar,Zorritos
1107.0,1107,Tumbes,Contralmirante Villar,Zorritos
1108.0,1108,Tumbes,Contralmirante Villar,Zorritos
1109.0,1109,Tumbes,Contralmirante Villar,Zorritos
1110.0,1110,Tumbes,Contralmirante Villar,Canoas De Punta Sal
1111.0,1111,Tumbes,Contralmirante Villar,Canoas De Punta Sal
1112.0,1112,Tumbes,Contralmirante Villar,Canoas De Punta Sal
1113.0,1113,Piura,Sullana,Marcavelica
1114.0,1114,Piura,Sullana,Marcavelica
1115.0,1115,Piura,Sullana,Marcavelica
1116.0,1116,Piura,Sullana,Marcavelica
1117.0,1117,Piura,Sullana,Marcavelica
1118.0,1118,Piura,Sullana,Ignacio Escudero
1119.0,1119,Piura,Sullana,Ignacio Escudero
1120.0,1120,Piura,Paita,La Huaca
1121.0,1121,Piura,Paita,La Huaca
1122.0,1122,Piura,Sullana,Miguel Checa
1123.0,1123,Piura,Sullana,Miguel Checa
1124.0,1124,Piura,Piura,La Union
1125.0,1125,Piura,Sechura,Vice
1126.0,1126,Piura,Sechura,Sechura
1127.0,1127,Piura,Sechura,Sechura
1128.0,1128,Piura,Sechura,Sechura
1129.0,1129,Piura,Sechura,Sechura
1130.0,1130,Piura,Sechura,Sechura
1131.0,1131,Piura,Sechura,Sechura
1132.0,1132,Piura,Sechura,Sechura
1133.0,1133,Piura,Sechura,Sechura
1134.0,1134,Piura,Sechura,Sechura
1314.0,1314,Tumbes,Tumbes,Corrales
1315.0,1315,Tumbes,Contralmirante Villar,Zorritos
1316.0,1316,Tumbes,Contralmirante Villar,Zorritos
1317.0,1317,Tumbes,Contralmirante Villar,Zorritos
1318.0,1318,Tumbes,Contralmirante Villar,Zorritos
1319.0,1319,Tumbes,Contralmirante Villar,Zorritos
1320.0,1320,Tumbes,Contralmirante Villar,Zorritos
1321.0,1321,Tumbes,Contralmirante Villar,Casitas
1322.0,1322,Tumbes,Contralmirante Villar,Casitas
1323.0,1323,Piura,Sullana,Marcavelica
1324.0,1324,Piura,Sullana,Marcavelica
1325.0,1325,Piura,Sullana,Marcavelica
1326.0,1326,Piura,Sullana,Marcavelica
1327.0,1327,Piura,Sullana,Marcavelica
1328.0,1328,Piura,Sullana,Marcavelica
1329.0,1329,Piura,Sullana,Marcavelica
1330.0,1330,Piura,Sullana,Miguel Checa
1331.0,1331,Piura,Sullana,Miguel Checa
1332.0,1332,Piura,Piura,Veintiseis De Octubre
1333.0,1333,Piura,Piura,Catacaos
1334.0,1334,Piura,Piura,La Arena
1335.0,1335,Piura,Sechura,Bernal
1336.0,1336,Piura,Sechura,Sechura
1337.0,1337,Piura,Sechura,Sechura
1338.0,1338,Piura,Sechura,Sechura
1339.0,1339,Piura,Sechura,Sechura
1340.0,1340,Piura,Sechura,Sechura
1341.0,1341,Piura,Sechura,Sechura
1342.0,1342,Piura,Sechura,Sechura
1343.0,1343,Piura,Sechura,Sechura
1344.0,1344,Piura,Sechura,Sechura
1345.0,1345,Piura,Sechura,Sechura
1524.0,1524,Tumbes,Tumbes,Corrales
1525.0,1525,Tumbes,Tumbes,Corrales
1526.0,1526,Tumbes,Tumbes,La Cruz
1527.0,1527,Tumbes,Contralmirante Villar,Zorritos
1528.0,1528,Tumbes,Contralmirante Villar,Zorritos
1529.0,1529,Tumbes,Contralmirante Villar,Casitas
1530.0,1530,Tumbes,Contralmirante Villar,Casitas
1531.0,1531,Tumbes,Contralmirante Villar,Casitas
1532.0,1532,Tumbes,Contralmirante Villar,Casitas
1533.0,1533,Piura,Sullana,Lancones
1534.0,1534,Piura,Sullana,Lancones
1535.0,1535,Piura,Sullana,Lancones
1536.0,1536,Piura,Sullana,Lancones
1537.0,1537,Piura,Sullana,Marcavelica
1538.0,1538,Piura,Sullana,Querecotillo
1539.0,1539,Piura,Sullana,Querecotillo
1540.0,1540,Piura,Sullana,Sullana
1541.0,1541,Piura,Piura,Piura
1542.0,1542,Piura,Piura,Piura
1543.0,1543,Piura,Piura,Catacaos
1544.0,1544,Piura,Piura,Cura Mori
1545.0,1545,Piura,Sechura,Bernal
1546.0,1546,Piura,Sechura,Cristo Nos Valga
1547.0,1547,Piura,Sechura,Sechura
1548.0,1548,Piura,Sechura,Sechura
1549.0,1549,Piura,Sechura,Sechura
1550.0,1550,Piura,Sechura,Sechura
1551.0,1551,Piura,Sechura,Sechura
1552.0,1552,Piura,Sechura,Sechura
1553.0,1553,Piura,Sechura,Sechura
1554.0,1554,Piura,Sechura,Sechura
1555.0,1555,Lambayeque,Lambayeque,Morrope
1556.0,1556,Lambayeque,Lambayeque,Morrope
1734.0,1734,Tumbes,Tumbes,Tumbes
1735.0,1735,Tumbes,Tumbes,Corrales
1736.0,1736,Tumbes,Tumbes,Corrales
1737.0,1737,Tumbes,Tumbes,La Cruz
1738.0,1738,Tumbes,Tumbes,San Jacinto
1739.0,1739,Tumbes,Contralmirante Villar,Casitas
1740.0,1740,Tumbes,Contralmirante Villar,Casitas
1741.0,1741,Tumbes,Tumbes,San Jacinto
1742.0,1742,Tumbes,Tumbes,San Jacinto
1743.0,1743,Piura,Sullana,Lancones
1744.0,1744,Piura,Sullana,Lancones
1745.0,1745,Piura,Sullana,Lancones
1746.0,1746,Piura,Sullana,Lancones
1747.0,1747,Piura,Sullana,Querecotillo
1748.0,1748,Piura,Sullana,Sullana
1749.0,1749,Piura,Sullana,Sullana
1750.0,1750,Piura,Piura,Tambo Grande
1751.0,1751,Piura,Piura,Castilla
1752.0,1752,Piura,Piura,Castilla
1753.0,1753,Piura,Piura,Castilla
1754.0,1754,Piura,Piura,Cura Mori
1755.0,1755,Piura,Piura,El Tallan
1756.0,1756,Piura,Sechura,Cristo Nos Valga
1757.0,1757,Piura,Sechura,Sechura
1758.0,1758,Piura,Sechura,Sechura
1759.0,1759,Piura,Sechura,Sechura
1760.0,1760,Piura,Sechura,Sechura
1761.0,1761,Piura,Sechura,Sechura
1762.0,1762,Piura,Sechura,Sechura
1763.0,1763,Lambayeque,Lambayeque,Olmos
1764.0,1764,Lambayeque,Lambayeque,Olmos
1765.0,1765,Lambayeque,Lambayeque,Morrope
1766.0,1766,Lambayeque,Lambayeque,Morrope
1767.0,1767,Lambayeque,Lambayeque,Morrope
1944.0,1944,Tumbes,Tumbes,Tumbes
1945.0,1945,Tumbes,Tumbes,Tumbes
1946.0,1946,Tumbes,Tumbes,Tumbes
1947.0,1947,Tumbes,Tumbes,San Jacinto
1948.0,1948,Tumbes,Tumbes,San Jacinto
1949.0,1949,Tumbes,Tumbes,Pampas De Hospital
1950.0,1950,Tumbes,Tumbes,San Jacinto
1951.0,1951,Tumbes,Tumbes,San Jacinto
1952.0,1952,Piura,Sullana,Lancones
1953.0,1953,Piura,Sullana,Lancones
1954.0,1954,Piura,Sullana,Lancones
1955.0,1955,Piura,Sullana,Lancones
1956.0,1956,Piura,Sullana,Lancones
1957.0,1957,Piura,Sullana,Lancones
1958.0,1958,Piura,Sullana,Sullana
1959.0,1959,Piura,Piura,Tambo Grande
1960.0,1960,Piura,Piura,Tambo Grande
1961.0,1961,Piura,Piura,Castilla
1962.0,1962,Piura,Piura,Castilla
1963.0,1963,Piura,Piura,Catacaos
1964.0,1964,Piura,Piura,Catacaos
1965.0,1965,Piura,Piura,Catacaos
1966.0,1966,Piura,Piura,Catacaos
1967.0,1967,Piura,Sechura,Sechura
1968.0,1968,Piura,Sechura,Sechura
1969.0,1969,Piura,Sechura,Sechura
1970.0,1970,Piura,Sechura,Sechura
1971.0,1971,Piura,Sechura,Sechura
1972.0,1972,Lambayeque,Lambayeque,Olmos
1973.0,1973,Lambayeque,Lambayeque,Olmos
1974.0,1974,Lambayeque,Lambayeque,Olmos
1975.0,1975,Lambayeque,Lambayeque,Morrope
1976.0,1976,Lambayeque,Lambayeque,Morrope
1977.0,1977,Lambayeque,Lambayeque,Morrope
1978.0,1978,Lambayeque,Lambayeque,Morrope
2154.0,2154,Tumbes,Zarumilla,Zarumilla
2155.0,2155,Tumbes,Zarumilla,Zarumilla
2156.0,2156,Tumbes,Zarumilla,Papayal
2157.0,2157,Tumbes,Tumbes,San Juan De La Virgen
2158.0,2158,Tumbes,Tumbes,Pampas De Hospital
2159.0,2159,Tumbes,Tumbes,Pampas De Hospital
2160.0,2160,Tumbes,Tumbes,Pampas De Hospital
2161.0,2161,Tumbes,Tumbes,Pampas De Hospital
2162.0,2162,Piura,Sullana,Lancones
2163.0,2163,Piura,Sullana,Lancones
2164.0,2164,Piura,Sullana,Lancones
2165.0,2165,Piura,Sullana,Lancones
2166.0,2166,Piura,Sullana,Lancones
2167.0,2167,Piura,Sullana,Lancones
2168.0,2168,Piura,Piura,Las Lomas
2169.0,2169,Piura,Piura,Tambo Grande
2170.0,2170,Piura,Piura,Tambo Grande
2171.0,2171,Piura,Piura,Tambo Grande
2172.0,2172,Piura,Piura,Castilla
2173.0,2173,Piura,Piura,Catacaos
2174.0,2174,Piura,Piura,Catacaos
2175.0,2175,Piura,Piura,Catacaos
2176.0,2176,Piura,Piura,Catacaos
2177.0,2177,Piura,Piura,Catacaos
2178.0,2178,Piura,Sechura,Sechura
2179.0,2179,Piura,Sechura,Sechura
2180.0,2180,Piura,Sechura,Sechura
2181.0,2181,Lambayeque,Lambayeque,Olmos
2182.0,2182,Lambayeque,Lambayeque,Olmos
2183.0,2183,Lambayeque,Lambayeque,Olmos
2184.0,2184,Lambayeque,Lambayeque,Olmos
2185.0,2185,Lambayeque,Lambayeque,Morrope
2186.0,2186,Lambayeque,Lambayeque,Morrope
2187.0,2187,Lambayeque,Lambayeque,Morrope
2188.0,2188,Lambayeque,Lambayeque,Morrope
2189.0,2189,Lambayeque,Lambayeque,Morrope
2364.0,2364,Tumbes,Zarumilla,Zarumilla
2365.0,2365,Tumbes,Zarumilla,Aguas Verdes
2366.0,2366,Tumbes,Zarumilla,Papayal
2367.0,2367,Tumbes,Zarumilla,Matapalo
2368.0,2368,Tumbes,Zarumilla,Matapalo
2369.0,2369,Tumbes,Zarumilla,Matapalo
2370.0,2370,Tumbes,Tumbes,Pampas De Hospital
2371.0,2371,Tumbes,Tumbes,Pampas De Hospital
2372.0,2372,Piura,Sullana,Lancones
2373.0,2373,Piura,Sullana,Lancones
2374.0,2374,Piura,Ayabaca,Suyo
2375.0,2375,Piura,Sullana,Lancones
2376.0,2376,Piura,Sullana,Lancones
2377.0,2377,Piura,Piura,Las Lomas
2378.0,2378,Piura,Piura,Tambo Grande
2379.0,2379,Piura,Piura,Tambo Grande
2380.0,2380,Piura,Piura,Tambo Grande
2381.0,2381,Piura,Piura,Tambo Grande
2382.0,2382,Piura,Morropon,Chulucanas
2383.0,2383,Piura,Morropon,Chulucanas
2384.0,2384,Piura,Piura,Catacaos
2385.0,2385,Piura,Piura,Catacaos
2386.0,2386,Piura,Piura,Catacaos
2387.0,2387,Piura,Piura,Catacaos
2388.0,2388,Piura,Sechura,Sechura
2389.0,2389,Piura,Sechura,Sechura
2390.0,2390,Lambayeque,Lambayeque,Olmos
2391.0,2391,Lambayeque,Lambayeque,Olmos
2392.0,2392,Lambayeque,Lambayeque,Olmos
2393.0,2393,Lambayeque,Lambayeque,Olmos
2394.0,2394,Lambayeque,Lambayeque,Olmos
2395.0,2395,Lambayeque,Lambayeque,Morrope
2396.0,2396,Lambayeque,Lambayeque,Morrope
2397.0,2397,Lambayeque,Lambayeque,Morrope
2398.0,2398,Lambayeque,Lambayeque,Morrope
2399.0,2399,Lambayeque,Lambayeque,Lambayeque
2400.0,2400,Lambayeque,Lambayeque,Lambayeque
2574.0,2574,Tumbes,Zarumilla,Aguas Verdes
2575.0,2575,Tumbes,Zarumilla,Aguas Verdes
2576.0,2576,Tumbes,Zarumilla,Aguas Verdes
2577.0,2577,Tumbes,Zarumilla,Matapalo
2578.0,2578,Tumbes,Zarumilla,Matapalo
2579.0,2579,Tumbes,Zarumilla,Matapalo
2580.0,2580,Tumbes,Zarumilla,Matapalo
2581.0,2581,Tumbes,Tumbes,Pampas De Hospital
2582.0,2582,Piura,Ayabaca,Suyo
2583.0,2583,Piura,Ayabaca,Suyo
2584.0,2584,Piura,Ayabaca,Suyo
2585.0,2585,Piura,Ayabaca,Suyo
2586.0,2586,Piura,Ayabaca,Suyo
2587.0,2587,Piura,Piura,Las Lomas
2588.0,2588,Piura,Piura,Las Lomas
2589.0,2589,Piura,Piura,Tambo Grande
2590.0,2590,Piura,Piura,Tambo Grande
2591.0,2591,Piura,Morropon,Chulucanas
2592.0,2592,Piura,Morropon,Chulucanas
2593.0,2593,Piura,Morropon,La Matanza
2594.0,2594,Piura,Morropon,La Matanza
2595.0,2595,Piura,Morropon,La Matanza
2596.0,2596,Piura,Piura,Catacaos
2597.0,2597,Piura,Piura,Catacaos
2598.0,2598,Piura,Piura,Catacaos
2599.0,2599,Piura,Sechura,Sechura
2600.0,2600,Lambayeque,Lambayeque,Olmos
2601.0,2601,Lambayeque,Lambayeque,Olmos
2602.0,2602,Lambayeque,Lambayeque,Olmos
2603.0,2603,Lambayeque,Lambayeque,Olmos
2604.0,2604,Lambayeque,Lambayeque,Olmos
2605.0,2605,Lambayeque,Lambayeque,Morrope
2606.0,2606,Lambayeque,Lambayeque,Morrope
2607.0,2607,Lambayeque,Lambayeque,Morrope
2608.0,2608,Lambayeque,Lambayeque,Lambayeque
2609.0,2609,Lambayeque,Lambayeque,Lambayeque
2610.0,2610,Lambayeque,Chiclayo,Pimentel
2611.0,2611,Lambayeque,Chiclayo,Pimentel
2784.0,2784,Tumbes,Zarumilla,Aguas Verdes
2785.0,2785,Tumbes,Zarumilla,Aguas Verdes
2786.0,2786,Tumbes,Zarumilla,Papayal
2787.0,2787,Tumbes,Zarumilla,Matapalo
2788.0,2788,Tumbes,Zarumilla,Matapalo
2789.0,2789,Tumbes,Zarumilla,Matapalo
2790.0,2790,Tumbes,Zarumilla,Matapalo
2791.0,2791,Tumbes,Zarumilla,Matapalo
2792.0,2792,Piura,Ayabaca,Suyo
2793.0,2793,Piura,Ayabaca,Suyo
2794.0,2794,Piura,Ayabaca,Suyo
2795.0,2795,Piura,Ayabaca,Suyo
2796.0,2796,Piura,Ayabaca,Suyo
2797.0,2797,Piura,Ayabaca,Paimas
2798.0,2798,Piura,Ayabaca,Sapillica
2799.0,2799,Piura,Ayabaca,Frias
2800.0,2800,Piura,Ayabaca,Frias
2801.0,2801,Piura,Morropon,Chulucanas
2802.0,2802,Piura,Morropon,Morropon
2803.0,2803,Piura,Morropon,La Matanza
2804.0,2804,Piura,Morropon,La Matanza
2805.0,2805,Piura,Morropon,La Matanza
2806.0,2806,Lambayeque,Lambayeque,Olmos
2807.0,2807,Lambayeque,Lambayeque,Olmos
2808.0,2808,Lambayeque,Lambayeque,Olmos
2809.0,2809,Lambayeque,Lambayeque,Olmos
2810.0,2810,Lambayeque,Lambayeque,Olmos
2811.0,2811,Lambayeque,Lambayeque,Olmos
2812.0,2812,Lambayeque,Lambayeque,Olmos
2813.0,2813,Lambayeque,Lambayeque,Olmos
2814.0,2814,Lambayeque,Lambayeque,Olmos
2815.0,2815,Lambayeque,Lambayeque,Morrope
2816.0,2816,Lambayeque,Lambayeque,Morrope
2817.0,2817,Lambayeque,Lambayeque,Lambayeque
2818.0,2818,Lambayeque,Lambayeque,Lambayeque
2819.0,2819,Lambayeque,Lambayeque,San Jose
2820.0,2820,Lambayeque,Chiclayo,Pimentel
2821.0,2821,Lambayeque,Chiclayo,Santa Rosa
2822.0,2822,Lambayeque,Chiclayo,Eten Puerto
2823.0,2823,Lambayeque,Chiclayo,Eten Puerto
3000.0,3000,Tumbes,Zarumilla,Matapalo
3001.0,3001,Tumbes,Zarumilla,Matapalo
3002.0,3002,Piura,Ayabaca,Suyo
3003.0,3003,Piura,Ayabaca,Suyo
3004.0,3004,Piura,Ayabaca,Suyo
3005.0,3005,Piura,Ayabaca,Suyo
3006.0,3006,Piura,Ayabaca,Suyo
3007.0,3007,Piura,Ayabaca,Paimas
3008.0,3008,Piura,Ayabaca,Sapillica
3009.0,3009,Piura,Ayabaca,Sapillica
3010.0,3010,Piura,Ayabaca,Frias
3011.0,3011,Piura,Morropon,Santo Domingo
3012.0,3012,Piura,Morropon,Morropon
3013.0,3013,Piura,Morropon,Buenos Aires
3014.0,3014,Piura,Morropon,Buenos Aires
3015.0,3015,Piura,Morropon,La Matanza
3016.0,3016,Lambayeque,Lambayeque,Olmos
3017.0,3017,Lambayeque,Lambayeque,Olmos
3018.0,3018,Lambayeque,Lambayeque,Olmos
3019.0,3019,Lambayeque,Lambayeque,Olmos
3020.0,3020,Lambayeque,Lambayeque,Olmos
3021.0,3021,Lambayeque,Lambayeque,Olmos
3022.0,3022,Lambayeque,Lambayeque,Olmos
3023.0,3023,Lambayeque,Lambayeque,Jayanca
3024.0,3024,Lambayeque,Lambayeque,Jayanca
3025.0,3025,Lambayeque,Lambayeque,Olmos
3026.0,3026,Lambayeque,Lambayeque,Morrope
3027.0,3027,Lambayeque,Lambayeque,Lambayeque
3028.0,3028,Lambayeque,Lambayeque,San Jose
3029.0,3029,Lambayeque,Chiclayo,Pimentel
3030.0,3030,Lambayeque,Chiclayo,Santa Rosa
3031.0,3031,Lambayeque,Chiclayo,Eten Puerto
3032.0,3032,Lambayeque,Chiclayo,Eten
3033.0,3033,Lambayeque,Chiclayo,Lagunas
3034.0,3034,Lambayeque,Chiclayo,Lagunas
3211.0,3211,Tumbes,Zarumilla,Matapalo
3212.0,3212,Piura,Ayabaca,Suyo
3213.0,3213,Piura,Ayabaca,Suyo
3214.0,3214,Piura,Ayabaca,Suyo
3215.0,3215,Piura,Ayabaca,Jilili
3216.0,3216,Piura,Ayabaca,Suyo
3217.0,3217,Piura,Ayabaca,Montero
3218.0,3218,Piura,Ayabaca,Lagunas
3219.0,3219,Piura,Ayabaca,Lagunas
3220.0,3220,Piura,Ayabaca,Frias
3221.0,3221,Piura,Morropon,Chalaco
3222.0,3222,Piura,Morropon,Yamango
3223.0,3223,Piura,Morropon,Buenos Aires
3224.0,3224,Piura,Morropon,Salitral
3225.0,3225,Piura,Morropon,Salitral
3226.0,3226,Piura,Morropon,Salitral
3227.0,3227,Lambayeque,Lambayeque,Olmos
3228.0,3228,Lambayeque,Lambayeque,Olmos
3229.0,3229,Lambayeque,Lambayeque,Olmos
3230.0,3230,Lambayeque,Lambayeque,Olmos
3231.0,3231,Lambayeque,Lambayeque,Olmos
3232.0,3232,Lambayeque,Lambayeque,Olmos
3233.0,3233,Lambayeque,Lambayeque,Jayanca
3234.0,3234,Lambayeque,Lambayeque,Jayanca
3235.0,3235,Lambayeque,Lambayeque,Pacora
3236.0,3236,Lambayeque,Lambayeque,Mochumi
3237.0,3237,Lambayeque,Lambayeque,Lambayeque
3238.0,3238,Lambayeque,Chiclayo,Jose Leonardo Ortiz
3239.0,3239,Lambayeque,Chiclayo,Monsefú
3240.0,3240,Lambayeque,Chiclayo,Eten Puerto
3241.0,3241,Lambayeque,Chiclayo,Eten
3242.0,3242,Lambayeque,Chiclayo,Lagunas
3243.0,3243,Lambayeque,Chiclayo,Lagunas
3244.0,3244,La Libertad,Chepen,Pueblo Nuevo
3245.0,3245,La Libertad,Pacasmayo,Pacasmayo
3246.0,3246,La Libertad,Pacasmayo,San Pedro De Lloc
3422.0,3422,Piura,Ayabaca,Suyo
3423.0,3423,Piura,Ayabaca,Suyo
3424.0,3424,Piura,Ayabaca,Ayabaca
3425.0,3425,Piura,Ayabaca,Ayabaca
3426.0,3426,Piura,Ayabaca,Ayabaca
3427.0,3427,Piura,Ayabaca,Ayabaca
3428.0,3428,Piura,Ayabaca,Ayabaca
3429.0,3429,Piura,Ayabaca,Pacaipampa
3430.0,3430,Piura,Ayabaca,Pacaipampa
3431.0,3431,Piura,Morropon,Chalaco
3432.0,3432,Piura,Morropon,Yamango
3433.0,3433,Piura,Morropon,San Juan De Bigote
3434.0,3434,Piura,Morropon,San Juan De Bigote
3435.0,3435,Piura,Morropon,Salitral
3436.0,3436,Piura,Huancabamba,Huarmaca
3437.0,3437,Piura,Huancabamba,Huarmaca
3438.0,3438,Lambayeque,Lambayeque,Olmos
3439.0,3439,Lambayeque,Lambayeque,Olmos
3440.0,3440,Lambayeque,Lambayeque,Olmos
3441.0,3441,Lambayeque,Lambayeque,Olmos
3442.0,3442,Lambayeque,Lambayeque,Motupe
3443.0,3443,Lambayeque,Lambayeque,Motupe
3444.0,3444,Lambayeque,Lambayeque,Jayanca
3445.0,3445,Lambayeque,Ferreñafe,Pitipo
3446.0,3446,Lambayeque,Ferreñafe,Pitipo
3447.0,3447,Lambayeque,Ferreñafe,Manuel Antonio Mesones Muro
3448.0,3448,Lambayeque,Chiclayo,Pomalca
3449.0,3449,Lambayeque,Chiclayo,Saña
3450.0,3450,Lambayeque,Chiclayo,Lagunas
3451.0,3451,Lambayeque,Chiclayo,Lagunas
3452.0,3452,Lambayeque,Chiclayo,Lagunas
3453.0,3453,La Libertad,Chepen,Pueblo Nuevo
3454.0,3454,La Libertad,Pacasmayo,Jequetepeque
3455.0,3455,La Libertad,Pacasmayo,Pacasmayo
3456.0,3456,La Libertad,Pacasmayo,San Pedro De Lloc
3457.0,3457,La Libertad,Pacasmayo,San Pedro De Lloc
3633.0,3633,Piura,Ayabaca,Ayabaca
3634.0,3634,Piura,Ayabaca,Ayabaca
3635.0,3635,Piura,Ayabaca,Ayabaca
3636.0,3636,Piura,Ayabaca,Ayabaca
3637.0,3637,Piura,Ayabaca,Ayabaca
3638.0,3638,Piura,Ayabaca,Ayabaca
3639.0,3639,Piura,Ayabaca,Ayabaca
3640.0,3640,Piura,Ayabaca,Pacaipampa
3641.0,3641,Piura,Ayabaca,Pacaipampa
3642.0,3642,Piura,Huancabamba,Lalaquiz
3643.0,3643,Piura,Huancabamba,Canchaque
3644.0,3644,Piura,Huancabamba,Canchaque
3645.0,3645,Piura,Huancabamba,San Miguel De El Faique
3646.0,3646,Piura,Morropon,Salitral
3647.0,3647,Piura,Huancabamba,Huarmaca
3648.0,3648,Piura,Huancabamba,Huarmaca
3649.0,3649,Piura,Huancabamba,Huarmaca
3650.0,3650,Lambayeque,Lambayeque,Olmos
3651.0,3651,Lambayeque,Lambayeque,Motupe
3652.0,3652,Lambayeque,Lambayeque,Chochope
3653.0,3653,Lambayeque,Lambayeque,Motupe
3654.0,3654,Lambayeque,Lambayeque,Salas
3655.0,3655,Lambayeque,Ferreñafe,Pitipo
3656.0,3656,Lambayeque,Ferreñafe,Pitipo
3657.0,3657,Lambayeque,Ferreñafe,Manuel Antonio Mesones Muro
3658.0,3658,Lambayeque,Chiclayo,Patapo
3659.0,3659,Lambayeque,Chiclayo,Saña
3660.0,3660,Lambayeque,Chiclayo,Lagunas
3661.0,3661,Lambayeque,Chiclayo,Lagunas
3662.0,3662,La Libertad,Chepen,Pueblo Nuevo
3663.0,3663,La Libertad,Chepen,Pueblo Nuevo
3664.0,3664,La Libertad,Pacasmayo,Jequetepeque
3665.0,3665,La Libertad,Pacasmayo,Pacasmayo
3666.0,3666,La Libertad,Pacasmayo,San Pedro De Lloc
3667.0,3667,La Libertad,Pacasmayo,San Pedro De Lloc
3668.0,3668,La Libertad,Ascope,Razuri
3669.0,3669,La Libertad,Ascope,Razuri
3844.0,3844,Piura,Ayabaca,Ayabaca
3845.0,3845,Piura,Ayabaca,Ayabaca
3846.0,3846,Piura,Ayabaca,Ayabaca
3847.0,3847,Piura,Ayabaca,Ayabaca
3848.0,3848,Piura,Ayabaca,Ayabaca
3849.0,3849,Piura,Ayabaca,Ayabaca
3850.0,3850,Piura,Ayabaca,Pacaipampa
3851.0,3851,Piura,Ayabaca,Pacaipampa
3852.0,3852,Piura,Huancabamba,Huancabamba
3853.0,3853,Piura,Huancabamba,Huancabamba
3854.0,3854,Piura,Huancabamba,Canchaque
3855.0,3855,Piura,Huancabamba,Huarmaca
3856.0,3856,Piura,Huancabamba,Huarmaca
3857.0,3857,Piura,Huancabamba,Huarmaca
3858.0,3858,Piura,Huancabamba,Huarmaca
3859.0,3859,Piura,Huancabamba,Huarmaca
3860.0,3860,Lambayeque,Lambayeque,Salas
3861.0,3861,Lambayeque,Lambayeque,Salas
3862.0,3862,Lambayeque,Lambayeque,Salas
3863.0,3863,Lambayeque,Lambayeque,Salas
3864.0,3864,Lambayeque,Lambayeque,Salas
3865.0,3865,Lambayeque,Ferreñafe,Pitipo
3866.0,3866,Lambayeque,Chiclayo,Chongoyape
3867.0,3867,Lambayeque,Chiclayo,Patapo
3868.0,3868,Lambayeque,Chiclayo,Patapo
3869.0,3869,Lambayeque,Chiclayo,Cayalti
3870.0,3870,Lambayeque,Chiclayo,Saña
3871.0,3871,La Libertad,Chepen,Pacanga
3872.0,3872,La Libertad,Chepen,Pacanga
3873.0,3873,La Libertad,Chepen,Pueblo Nuevo
3874.0,3874,La Libertad,Pacasmayo,Jequetepeque
3875.0,3875,La Libertad,Pacasmayo,San Pedro De Lloc
3876.0,3876,La Libertad,Pacasmayo,San Pedro De Lloc
3877.0,3877,La Libertad,Pacasmayo,San Pedro De Lloc
3878.0,3878,La Libertad,Ascope,Razuri
3879.0,3879,La Libertad,Ascope,Razuri
3880.0,3880,La Libertad,Ascope,Magdalena De Cao
3881.0,3881,La Libertad,Ascope,Magdalena De Cao
4054.0,4054,Piura,Ayabaca,Ayabaca
4055.0,4055,Piura,Ayabaca,Ayabaca
4056.0,4056,Piura,Ayabaca,Ayabaca
4057.0,4057,Piura,Ayabaca,Ayabaca
4058.0,4058,Piura,Ayabaca,Ayabaca
4059.0,4059,Piura,Ayabaca,Ayabaca
4060.0,4060,Piura,Ayabaca,Ayabaca
4061.0,4061,Piura,Huancabamba,El Carmen De La Frontera
4062.0,4062,Piura,Huancabamba,El Carmen De La Frontera
4063.0,4063,Piura,Huancabamba,Huancabamba
4064.0,4064,Piura,Huancabamba,Sondorillo
4065.0,4065,Piura,Huancabamba,Sondorillo
4066.0,4066,Piura,Huancabamba,Huarmaca
4067.0,4067,Piura,Huancabamba,Huarmaca
4068.0,4068,Piura,Huancabamba,Huarmaca
4069.0,4069,Piura,Huancabamba,Huarmaca
4070.0,4070,Lambayeque,Lambayeque,Salas
4071.0,4071,Lambayeque,Lambayeque,Salas
4072.0,4072,Lambayeque,Lambayeque,Salas
4073.0,4073,Lambayeque,Ferreñafe,Incahuasi
4074.0,4074,Lambayeque,Ferreñafe,Incahuasi
4075.0,4075,Lambayeque,Ferreñafe,Pitipo
4076.0,4076,Lambayeque,Chiclayo,Chongoyape
4077.0,4077,Lambayeque,Chiclayo,Chongoyape
4078.0,4078,Lambayeque,Chiclayo,Chongoyape
4079.0,4079,Lambayeque,Chiclayo,Cayalti
4080.0,4080,La Libertad,Chepen,Pacanga
4081.0,4081,La Libertad,Chepen,Pacanga
4082.0,4082,La Libertad,Chepen,Pacanga
4083.0,4083,La Libertad,Pacasmayo,Guadalupe
4084.0,4084,La Libertad,Pacasmayo,San Jose
4085.0,4085,La Libertad,Pacasmayo,San Pedro De Lloc
4086.0,4086,La Libertad,Pacasmayo,San Pedro De Lloc
4087.0,4087,La Libertad,Ascope,Razuri
4088.0,4088,La Libertad,Ascope,Razuri
4089.0,4089,La Libertad,Ascope,Magdalena De Cao
4090.0,4090,La Libertad,Ascope,Magdalena De Cao
4091.0,4091,La Libertad,Ascope,Magdalena De Cao
4092.0,4092,La Libertad,Ascope,Santiago De Cao
4264.0,4264,Piura,Ayabaca,Ayabaca
4265.0,4265,Piura,Ayabaca,Ayabaca
4266.0,4266,Piura,Ayabaca,Ayabaca
4267.0,4267,Piura,Ayabaca,Ayabaca
4268.0,4268,Piura,Ayabaca,Ayabaca
4269.0,4269,Piura,Huancabamba,El Carmen De La Frontera
4270.0,4270,Piura,Huancabamba,El Carmen De La Frontera
4271.0,4271,Piura,Huancabamba,El Carmen De La Frontera
4272.0,4272,Piura,Huancabamba,El Carmen De La Frontera
4273.0,4273,Piura,Huancabamba,Huancabamba
4274.0,4274,Piura,Huancabamba,Sondor
4275.0,4275,Piura,Huancabamba,Sondor
4276.0,4276,Cajamarca,Jaen,Sallique
4277.0,4277,Cajamarca,Jaen,Sallique
4278.0,4278,Cajamarca,Jaen,San Felipe
4279.0,4279,Cajamarca,Jaen,San Felipe
4280.0,4280,Cajamarca,Jaen,Pomahuaca
4281.0,4281,Lambayeque,Ferreñafe,Cañaris
4282.0,4282,Lambayeque,Ferreñafe,Incahuasi
4283.0,4283,Lambayeque,Ferreñafe,Incahuasi
4284.0,4284,Cajamarca,Chota,Miracosta
4285.0,4285,Cajamarca,Chota,Tocmoche
4286.0,4286,Cajamarca,Chota,Tocmoche
4287.0,4287,Lambayeque,Chiclayo,Chongoyape
4288.0,4288,Lambayeque,Chiclayo,Oyotún
4289.0,4289,Lambayeque,Chiclayo,Oyotún
4290.0,4290,Lambayeque,Chiclayo,Nueva Arica
4291.0,4291,La Libertad,Chepen,Pacanga
4292.0,4292,La Libertad,Chepen,Chepen
4293.0,4293,La Libertad,Chepen,Chepen
4294.0,4294,La Libertad,Pacasmayo,San Jose
4295.0,4295,La Libertad,Pacasmayo,San Pedro De Lloc
4296.0,4296,La Libertad,Pacasmayo,San Pedro De Lloc
4297.0,4297,La Libertad,Ascope,Razuri
4298.0,4298,La Libertad,Ascope,Razuri
4299.0,4299,La Libertad,Ascope,Magdalena De Cao
4300.0,4300,La Libertad,Ascope,Magdalena De Cao
4301.0,4301,La Libertad,Ascope,Santiago De Cao
4302.0,4302,La Libertad,Ascope,Santiago De Cao
4303.0,4303,La Libertad,Trujillo,Huanchaco
4304.0,4304,La Libertad,Trujillo,Huanchaco
4474.0,4474,Piura,Ayabaca,Ayabaca
4475.0,4475,Piura,Ayabaca,Ayabaca
4476.0,4476,Piura,Ayabaca,Ayabaca
4477.0,4477,Piura,Ayabaca,Ayabaca
4478.0,4478,Piura,Huancabamba,El Carmen De La Frontera
4479.0,4479,Piura,Huancabamba,El Carmen De La Frontera
4480.0,4480,Piura,Huancabamba,El Carmen De La Frontera
4481.0,4481,Piura,Huancabamba,El Carmen De La Frontera
4482.0,4482,Cajamarca,San Ignacio,Namballe
4483.0,4483,Cajamarca,San Ignacio,Tabaconas
4484.0,4484,Cajamarca,San Ignacio,Tabaconas
4485.0,4485,Cajamarca,San Ignacio,Tabaconas
4486.0,4486,Cajamarca,Jaen,Sallique
4487.0,4487,Cajamarca,Jaen,Sallique
4488.0,4488,Cajamarca,Jaen,San Felipe
4489.0,4489,Cajamarca,Jaen,Pomahuaca
4490.0,4490,Cajamarca,Jaen,Pomahuaca
4491.0,4491,Lambayeque,Ferreñafe,Cañaris
4492.0,4492,Cajamarca,Cutervo,Querocotillo
4493.0,4493,Lambayeque,Ferreñafe,Incahuasi
4494.0,4494,Cajamarca,Chota,Miracosta
4495.0,4495,Cajamarca,Chota,San Juan De Licupis
4496.0,4496,Cajamarca,Chota,San Juan De Licupis
4497.0,4497,Cajamarca,Chota,Llama
4498.0,4498,Lambayeque,Chiclayo,Oyotún
4499.0,4499,Lambayeque,Chiclayo,Oyotún
4500.0,4500,Cajamarca,San Miguel,Nanchoc
4501.0,4501,Cajamarca,San Miguel,Nanchoc
4502.0,4502,Cajamarca,San Miguel,San Gregorio
4503.0,4503,Cajamarca,Contumaza,Yonan
4504.0,4504,Cajamarca,Contumaza,Yonan
4505.0,4505,La Libertad,Pacasmayo,San Pedro De Lloc
4506.0,4506,La Libertad,Ascope,Casa Grande
4507.0,4507,La Libertad,Ascope,Casa Grande
4508.0,4508,La Libertad,Ascope,Chocope
4509.0,4509,La Libertad,Ascope,Magdalena De Cao
4510.0,4510,La Libertad,Ascope,Santiago De Cao
4511.0,4511,La Libertad,Ascope,Santiago De Cao
4512.0,4512,La Libertad,Trujillo,Huanchaco
4513.0,4513,La Libertad,Trujillo,Huanchaco
4514.0,4514,La Libertad,Trujillo,Huanchaco
4515.0,4515,La Libertad,Virú,Virú
4516.0,4516,La Libertad,Virú,Virú
4684.0,4684,Piura,Ayabaca,Ayabaca
4685.0,4685,Piura,Ayabaca,Ayabaca
4686.0,4686,Cajamarca,San Ignacio,San Jose De Lourdes
4687.0,4687,Cajamarca,San Ignacio,San Jose De Lourdes
4688.0,4688,Cajamarca,San Ignacio,Namballe
4689.0,4689,Cajamarca,San Ignacio,Namballe
4690.0,4690,Cajamarca,San Ignacio,Namballe
4691.0,4691,Cajamarca,San Ignacio,Namballe
4692.0,4692,Cajamarca,San Ignacio,Namballe
4693.0,4693,Cajamarca,San Ignacio,Tabaconas
4694.0,4694,Cajamarca,San Ignacio,Tabaconas
4695.0,4695,Cajamarca,Jaen,San Jose Del Alto
4696.0,4696,Cajamarca,Jaen,Chontali
4697.0,4697,Cajamarca,Jaen,Chontali
4698.0,4698,Cajamarca,Jaen,Pomahuaca
4699.0,4699,Cajamarca,Jaen,Pomahuaca
4700.0,4700,Cajamarca,Jaen,Pomahuaca
4701.0,4701,Cajamarca,Jaen,Pucara
4702.0,4702,Cajamarca,Cutervo,Querocotillo
4703.0,4703,Cajamarca,Cutervo,Querocotillo
4704.0,4704,Cajamarca,Chota,Querocoto
4705.0,4705,Cajamarca,Chota,Llama
4706.0,4706,Cajamarca,Chota,Llama
4707.0,4707,Cajamarca,Santa Cruz,Catache
4708.0,4708,Lambayeque,Chiclayo,Oyotún
4709.0,4709,Cajamarca,Santa Cruz,Catache
4710.0,4710,Cajamarca,San Miguel,Bolivar
4711.0,4711,Cajamarca,San Miguel,San Gregorio
4712.0,4712,Cajamarca,San Miguel,San Gregorio
4713.0,4713,Cajamarca,Contumaza,Yonan
4714.0,4714,Cajamarca,Contumaza,Yonan
4715.0,4715,La Libertad,Ascope,Casa Grande
4716.0,4716,La Libertad,Ascope,Casa Grande
4717.0,4717,La Libertad,Ascope,Ascope
4718.0,4718,La Libertad,Ascope,Casa Grande
4719.0,4719,La Libertad,Ascope,Chicama
4720.0,4720,La Libertad,Trujillo,Huanchaco
4721.0,4721,La Libertad,Trujillo,Huanchaco
4722.0,4722,La Libertad,Trujillo,Huanchaco
4723.0,4723,La Libertad,Trujillo,Victor Larco Herrera
4724.0,4724,La Libertad,Trujillo,Salaverry
4725.0,4725,La Libertad,Virú,Virú
4726.0,4726,La Libertad,Virú,Virú
4727.0,4727,La Libertad,Virú,Virú
4728.0,4728,La Libertad,Virú,Virú
4894.0,4894,Cajamarca,San Ignacio,San Jose De Lourdes
4895.0,4895,Cajamarca,San Ignacio,San Jose De Lourdes
4896.0,4896,Cajamarca,San Ignacio,San Jose De Lourdes
4897.0,4897,Cajamarca,San Ignacio,San Jose De Lourdes
4898.0,4898,Cajamarca,San Ignacio,San Jose De Lourdes
4899.0,4899,Cajamarca,San Ignacio,San Jose De Lourdes
4900.0,4900,Cajamarca,San Ignacio,Namballe
4901.0,4901,Cajamarca,San Ignacio,San Ignacio
4902.0,4902,Cajamarca,San Ignacio,San Ignacio
4903.0,4903,Cajamarca,San Ignacio,Namballe
4904.0,4904,Cajamarca,San Ignacio,La Coipa
4905.0,4905,Cajamarca,Jaen,San Jose Del Alto
4906.0,4906,Cajamarca,Jaen,San Jose Del Alto
4907.0,4907,Cajamarca,Jaen,Chontali
4908.0,4908,Cajamarca,Jaen,Pomahuaca
4909.0,4909,Cajamarca,Jaen,Pomahuaca
4910.0,4910,Cajamarca,Jaen,Colasay
4911.0,4911,Cajamarca,Jaen,Pucara
4912.0,4912,Cajamarca,Cutervo,Querocotillo
4913.0,4913,Cajamarca,Cutervo,Querocotillo
4914.0,4914,Cajamarca,Chota,Querocoto
4915.0,4915,Cajamarca,Chota,Huambos
4916.0,4916,Cajamarca,Santa Cruz,Sexi
4917.0,4917,Cajamarca,Santa Cruz,Sexi
4918.0,4918,Cajamarca,Santa Cruz,Catache
4919.0,4919,Cajamarca,San Miguel,Calquis
4920.0,4920,Cajamarca,San Miguel,Niepos
4921.0,4921,Cajamarca,San Miguel,Union Agua Blanca
4922.0,4922,Cajamarca,San Miguel,Union Agua Blanca
4923.0,4923,Cajamarca,Contumaza,Yonan
4924.0,4924,Cajamarca,Contumaza,Cupisnique
4925.0,4925,Cajamarca,Contumaza,San Benito
4926.0,4926,Cajamarca,Contumaza,San Benito
4927.0,4927,La Libertad,Ascope,Ascope
4928.0,4928,La Libertad,Ascope,Chicama
4929.0,4929,La Libertad,Ascope,Chicama
4930.0,4930,La Libertad,Ascope,Chicama
4931.0,4931,La Libertad,Trujillo,La Esperanza
4932.0,4932,La Libertad,Trujillo,Victor Larco Herrera
4933.0,4933,La Libertad,Trujillo,Salaverry
4934.0,4934,La Libertad,Trujillo,Salaverry
4935.0,4935,La Libertad,Virú,Virú
4936.0,4936,La Libertad,Virú,Virú
4937.0,4937,La Libertad,Virú,Virú
4938.0,4938,La Libertad,Virú,Guadalupito
4939.0,4939,La Libertad,Virú,Guadalupito
5104.0,5104,Amazonas,Condorcanqui,El Cenepa
5105.0,5105,Cajamarca,San Ignacio,San Jose De Lourdes
5106.0,5106,Cajamarca,San Ignacio,San Jose De Lourdes
5107.0,5107,Cajamarca,San Ignacio,San Jose De Lourdes
5108.0,5108,Cajamarca,San Ignacio,San Jose De Lourdes
5109.0,5109,Cajamarca,San Ignacio,San Jose De Lourdes
5110.0,5110,Cajamarca,San Ignacio,San Jose De Lourdes
5111.0,5111,Cajamarca,San Ignacio,San Jose De Lourdes
5112.0,5112,Cajamarca,San Ignacio,San Ignacio
5113.0,5113,Cajamarca,San Ignacio,Chirinos
5114.0,5114,Cajamarca,San Ignacio,La Coipa
5115.0,5115,Cajamarca,San Ignacio,La Coipa
5116.0,5116,Cajamarca,Jaen,San Jose Del Alto
5117.0,5117,Cajamarca,Jaen,San Jose Del Alto
5118.0,5118,Cajamarca,Jaen,Jaen
5119.0,5119,Cajamarca,Jaen,Colasay
5120.0,5120,Cajamarca,Jaen,Colasay
5121.0,5121,Cajamarca,Cutervo,Callayuc
5122.0,5122,Cajamarca,Cutervo,Callayuc
5123.0,5123,Cajamarca,Cutervo,Querocotillo
5124.0,5124,Cajamarca,Chota,Huambos
5125.0,5125,Cajamarca,Chota,Huambos
5126.0,5126,Cajamarca,Santa Cruz,Chancaybaños
5127.0,5127,Cajamarca,Santa Cruz,Santa Cruz
5128.0,5128,Cajamarca,Santa Cruz,Pulan
5129.0,5129,Cajamarca,San Miguel,Calquis
5130.0,5130,Cajamarca,San Miguel,Calquis
5131.0,5131,Cajamarca,San Miguel,San Miguel
5132.0,5132,Cajamarca,San Miguel,San Miguel
5133.0,5133,Cajamarca,Contumaza,Tantarica
5134.0,5134,Cajamarca,Contumaza,Guzmango
5135.0,5135,Cajamarca,Contumaza,San Benito
5136.0,5136,Cajamarca,Contumaza,San Benito
5137.0,5137,La Libertad,Ascope,Chicama
5138.0,5138,La Libertad,Ascope,Chicama
5139.0,5139,La Libertad,Ascope,Chicama
5140.0,5140,La Libertad,Trujillo,Huanchaco
5141.0,5141,La Libertad,Trujillo,Laredo
5142.0,5142,La Libertad,Trujillo,Laredo
5143.0,5143,La Libertad,Trujillo,Salaverry
5144.0,5144,La Libertad,Trujillo,Salaverry
5145.0,5145,La Libertad,Virú,Virú
5146.0,5146,La Libertad,Virú,Virú
5147.0,5147,La Libertad,Virú,Virú
5148.0,5148,La Libertad,Virú,Guadalupito
5149.0,5149,La Libertad,Virú,Guadalupito
5150.0,5150,La Libertad,Virú,Guadalupito
5151.0,5151,Ancash,Santa,Santa
5314.0,5314,Amazonas,Condorcanqui,El Cenepa
5315.0,5315,Cajamarca,San Ignacio,San Jose De Lourdes
5316.0,5316,Cajamarca,San Ignacio,San Jose De Lourdes
5317.0,5317,Cajamarca,San Ignacio,San Jose De Lourdes
5318.0,5318,Cajamarca,San Ignacio,San Jose De Lourdes
5319.0,5319,Cajamarca,San Ignacio,San Jose De Lourdes
5320.0,5320,Cajamarca,San Ignacio,San Jose De Lourdes
5321.0,5321,Cajamarca,San Ignacio,San Jose De Lourdes
5322.0,5322,Cajamarca,San Ignacio,San Jose De Lourdes
5323.0,5323,Cajamarca,San Ignacio,Chirinos
5324.0,5324,Cajamarca,San Ignacio,Chirinos
5325.0,5325,Cajamarca,San Ignacio,La Coipa
5326.0,5326,Cajamarca,Jaen,Bellavista
5327.0,5327,Cajamarca,Jaen,Las Pirias
5328.0,5328,Cajamarca,Jaen,Jaen
5329.0,5329,Cajamarca,Jaen,Jaen
5330.0,5330,Cajamarca,Jaen,Colasay
5331.0,5331,Cajamarca,Cutervo,Santa Cruz
5332.0,5332,Cajamarca,Cutervo,Santa Cruz
5333.0,5333,Cajamarca,Cutervo,Santo Domingo De La Capilla
5334.0,5334,Cajamarca,Cutervo,Cutervo
5335.0,5335,Cajamarca,Chota,Cochabamba
5336.0,5336,Cajamarca,Santa Cruz,Chancaybaños
5337.0,5337,Cajamarca,Santa Cruz,La Esperanza
5338.0,5338,Cajamarca,San Miguel,Tongod
5339.0,5339,Cajamarca,San Miguel,Tongod
5340.0,5340,Cajamarca,San Miguel,Calquis
5341.0,5341,Cajamarca,San Pablo,San Pablo
5342.0,5342,Cajamarca,San Pablo,San Luis
5343.0,5343,Cajamarca,Contumaza,Chilete
5344.0,5344,Cajamarca,Contumaza,Santa Cruz De Toled
5345.0,5345,Cajamarca,Contumaza,San Benito
5346.0,5346,La Libertad,Gran Chimú,Cascas
5347.0,5347,La Libertad,Otuzco,Sinsicap
5348.0,5348,La Libertad,Otuzco,Sinsicap
5349.0,5349,La Libertad,Trujillo,Simbal
5350.0,5350,La Libertad,Trujillo,Simbal
5351.0,5351,La Libertad,Trujillo,Laredo
5352.0,5352,La Libertad,Trujillo,Poroto
5353.0,5353,La Libertad,Trujillo,Salaverry
5354.0,5354,La Libertad,Virú,Virú
5355.0,5355,La Libertad,Virú,Virú
5356.0,5356,La Libertad,Virú,Virú
5357.0,5357,La Libertad,Virú,Chao
5358.0,5358,La Libertad,Virú,Guadalupito
5359.0,5359,La Libertad,Virú,Guadalupito
5360.0,5360,La Libertad,Virú,Guadalupito
5361.0,5361,Ancash,Santa,Santa
5362.0,5362,Ancash,Santa,Chimbote
5363.0,5363,Ancash,Santa,Nuevo Chimbote
5524.0,5524,Amazonas,Condorcanqui,El Cenepa
5525.0,5525,Amazonas,Condorcanqui,El Cenepa
5526.0,5526,Cajamarca,San Ignacio,Huarango
5527.0,5527,Cajamarca,San Ignacio,Huarango
5528.0,5528,Cajamarca,San Ignacio,San Jose De Lourdes
5529.0,5529,Cajamarca,San Ignacio,San Jose De Lourdes
5530.0,5530,Cajamarca,San Ignacio,San Jose De Lourdes
5531.0,5531,Cajamarca,San Ignacio,Huarango
5532.0,5532,Cajamarca,San Ignacio,Huarango
5533.0,5533,Cajamarca,San Ignacio,Huarango
5534.0,5534,Cajamarca,San Ignacio,Huarango
5535.0,5535,Cajamarca,Jaen,Bellavista
5536.0,5536,Cajamarca,Jaen,Bellavista
5537.0,5537,Cajamarca,Jaen,Bellavista
5538.0,5538,Cajamarca,Jaen,Bellavista
5539.0,5539,Cajamarca,Cutervo,Choros
5540.0,5540,Cajamarca,Cutervo,Choros
5541.0,5541,Cajamarca,Cutervo,Pimpingos
5542.0,5542,Cajamarca,Cutervo,Pimpingos
5543.0,5543,Cajamarca,Cutervo,San Andres De Cutervo
5544.0,5544,Cajamarca,Cutervo,Cutervo
5545.0,5545,Cajamarca,Cutervo,Cutervo
5546.0,5546,Cajamarca,Chota,Lajas
5547.0,5547,Cajamarca,Hualgayoc,Chugur
5548.0,5548,Cajamarca,San Miguel,Catilluc
5549.0,5549,Cajamarca,San Miguel,Catilluc
5550.0,5550,Cajamarca,San Miguel,San Silvestre De Cochan
5551.0,5551,Cajamarca,San Pablo,Tumbaden
5552.0,5552,Cajamarca,San Pablo,San Bernardino
5553.0,5553,Cajamarca,Contumaza,Chilete
5554.0,5554,Cajamarca,Contumaza,Contumaza
5555.0,5555,La Libertad,Gran Chimú,Cascas
5556.0,5556,La Libertad,Gran Chimú,Cascas
5557.0,5557,La Libertad,Gran Chimú,Marmot
5558.0,5558,La Libertad,Otuzco,Sinsicap
5559.0,5559,La Libertad,Otuzco,Sinsicap
5560.0,5560,La Libertad,Trujillo,Simbal
5561.0,5561,La Libertad,Trujillo,Poroto
5562.0,5562,La Libertad,Trujillo,Poroto
5563.0,5563,La Libertad,Virú,Virú
5564.0,5564,La Libertad,Virú,Virú
5565.0,5565,La Libertad,Virú,Virú
5566.0,5566,La Libertad,Virú,Virú
5567.0,5567,La Libertad,Virú,Chao
5568.0,5568,La Libertad,Virú,Guadalupito
5569.0,5569,La Libertad,Virú,Guadalupito
5570.0,5570,Ancash,Santa,Santa
5571.0,5571,Ancash,Santa,Santa
5572.0,5572,Ancash,Santa,Nuevo Chimbote
5573.0,5573,Ancash,Santa,Nuevo Chimbote
5574.0,5574,Ancash,Santa,Nuevo Chimbote
5575.0,5575,Ancash,Santa,Samanco
5734.0,5734,Amazonas,Condorcanqui,El Cenepa
5735.0,5735,Amazonas,Condorcanqui,El Cenepa
5736.0,5736,Amazonas,Bagua,Imaza
5737.0,5737,Cajamarca,San Ignacio,Huarango
5738.0,5738,Cajamarca,San Ignacio,Huarango
5739.0,5739,Cajamarca,San Ignacio,Huarango
5740.0,5740,Amazonas,Bagua,Imaza
5741.0,5741,Amazonas,Bagua,Imaza
5742.0,5742,Amazonas,Bagua,Imaza
5743.0,5743,Amazonas,Bagua,Imaza
5744.0,5744,Cajamarca,San Ignacio,Huarango
5745.0,5745,Cajamarca,Jaen,Santa Rosa
5746.0,5746,Cajamarca,Jaen,Bellavista
5747.0,5747,Cajamarca,Jaen,Bellavista
5748.0,5748,Amazonas,Utcubamba,El Milagro
5749.0,5749,Amazonas,Utcubamba,Cumba
5750.0,5750,Amazonas,Utcubamba,Cumba
5751.0,5751,Cajamarca,Cutervo,Santo Tomas
5752.0,5752,Cajamarca,Cutervo,Santo Tomas
5753.0,5753,Cajamarca,Cutervo,Socota
5754.0,5754,Cajamarca,Chota,Anguia
5755.0,5755,Cajamarca,Chota,Conchan
5756.0,5756,Cajamarca,Chota,Chota
5757.0,5757,Cajamarca,Chota,Chota
5758.0,5758,Cajamarca,Hualgayoc,Hualgayoc
5759.0,5759,Cajamarca,San Miguel,Llapa
5760.0,5760,Cajamarca,San Pablo,Tumbaden
5761.0,5761,Cajamarca,San Pablo,Tumbaden
5762.0,5762,Cajamarca,Cajamarca,Chetilla
5763.0,5763,Cajamarca,Cajamarca,Magdalena
5764.0,5764,Cajamarca,Contumaza,Contumaza
5765.0,5765,La Libertad,Gran Chimú,Cascas
5766.0,5766,La Libertad,Gran Chimú,Cascas
5767.0,5767,La Libertad,Gran Chimú,Marmot
5768.0,5768,La Libertad,Gran Chimú,Marmot
5769.0,5769,La Libertad,Otuzco,Sinsicap
5770.0,5770,La Libertad,Otuzco,Otuzco
5771.0,5771,La Libertad,Otuzco,Salpo
5772.0,5772,La Libertad,Virú,Virú
5773.0,5773,La Libertad,Virú,Virú
5774.0,5774,La Libertad,Virú,Virú
5775.0,5775,La Libertad,Virú,Chao
5776.0,5776,La Libertad,Virú,Chao
5777.0,5777,La Libertad,Virú,Chao
5778.0,5778,La Libertad,Virú,Guadalupito
5779.0,5779,La Libertad,Virú,Guadalupito
5780.0,5780,La Libertad,Virú,Guadalupito
5781.0,5781,Ancash,Santa,Chimbote
5782.0,5782,Ancash,Santa,Nuevo Chimbote
5783.0,5783,Ancash,Santa,Nuevo Chimbote
5784.0,5784,Ancash,Santa,Samanco
5785.0,5785,Ancash,Santa,Samanco
5786.0,5786,Ancash,Casma,Comandante Noel
5787.0,5787,Ancash,Casma,Comandante Noel
5944.0,5944,Amazonas,Condorcanqui,El Cenepa
5945.0,5945,Amazonas,Condorcanqui,El Cenepa
5946.0,5946,Amazonas,Condorcanqui,El Cenepa
5947.0,5947,Amazonas,Bagua,Imaza
5948.0,5948,Amazonas,Bagua,Imaza
5949.0,5949,Amazonas,Bagua,Imaza
5950.0,5950,Amazonas,Bagua,Imaza
5951.0,5951,Amazonas,Bagua,Imaza
5952.0,5952,Amazonas,Bagua,Imaza
5953.0,5953,Amazonas,Bagua,Imaza
5954.0,5954,Amazonas,Bagua,Aramango
5955.0,5955,Cajamarca,Jaen,Santa Rosa
5956.0,5956,Amazonas,Bagua,Bagua
5957.0,5957,Amazonas,Bagua,Bagua
5958.0,5958,Amazonas,Utcubamba,Bagua Grande
5959.0,5959,Amazonas,Utcubamba,Bagua Grande
5960.0,5960,Amazonas,Utcubamba,Cumba
5961.0,5961,Amazonas,Utcubamba,Yamon
5962.0,5962,Cajamarca,Cutervo,Cujillo
5963.0,5963,Cajamarca,Cutervo,La Ramada
5964.0,5964,Cajamarca,Chota,Anguia
5965.0,5965,Cajamarca,Chota,Conchan
5966.0,5966,Cajamarca,Chota,Conchan
5967.0,5967,Cajamarca,Hualgayoc,Bambamarca
5968.0,5968,Cajamarca,Hualgayoc,Hualgayoc
5969.0,5969,Cajamarca,Cajamarca,Encañada
5970.0,5970,Cajamarca,Cajamarca,Cajamarca
5971.0,5971,Cajamarca,Cajamarca,Cajamarca
5972.0,5972,Cajamarca,Cajamarca,Cajamarca
5973.0,5973,Cajamarca,Cajamarca,Magdalena
5974.0,5974,Cajamarca,Cajamarca,Asuncion
5975.0,5975,Cajamarca,Cajamarca,Cospan
5976.0,5976,Cajamarca,Cajamarca,Cospan
5977.0,5977,La Libertad,Gran Chimú,Lucma
5978.0,5978,La Libertad,Otuzco,Otuzco
5979.0,5979,La Libertad,Otuzco,Otuzco
5980.0,5980,La Libertad,Otuzco,Agallpampa
5981.0,5981,La Libertad,Otuzco,Mache
5982.0,5982,La Libertad,Julcan,Carabamba
5983.0,5983,La Libertad,Julcan,Huaso
5984.0,5984,La Libertad,Virú,Chao
5985.0,5985,La Libertad,Virú,Chao
5986.0,5986,La Libertad,Virú,Chao
5987.0,5987,La Libertad,Virú,Chao
5988.0,5988,La Libertad,Virú,Chao
5989.0,5989,Ancash,Santa,Chimbote
5990.0,5990,Ancash,Santa,Chimbote
5991.0,5991,Ancash,Santa,Chimbote
5992.0,5992,Ancash,Santa,Nuevo Chimbote
5993.0,5993,Ancash,Santa,Nuevo Chimbote
5994.0,5994,Ancash,Santa,Samanco
5995.0,5995,Ancash,Casma,Comandante Noel
5996.0,5996,Ancash,Casma,Comandante Noel
5997.0,5997,Ancash,Casma,Comandante Noel
5998.0,5998,Ancash,Casma,Comandante Noel
5999.0,5999,Ancash,Casma,Casma
6154.0,6154,Amazonas,Condorcanqui,El Cenepa
6155.0,6155,Amazonas,Condorcanqui,El Cenepa
6156.0,6156,Amazonas,Condorcanqui,El Cenepa
6157.0,6157,Amazonas,Bagua,Imaza
6158.0,6158,Amazonas,Bagua,Imaza
6159.0,6159,Amazonas,Bagua,Imaza
6160.0,6160,Amazonas,Bagua,Imaza
6161.0,6161,Amazonas,Bagua,Imaza
6162.0,6162,Amazonas,Bagua,Imaza
6163.0,6163,Amazonas,Bagua,Aramango
6164.0,6164,Amazonas,Bagua,Aramango
6165.0,6165,Amazonas,Bagua,Aramango
6166.0,6166,Amazonas,Bagua,La Peca
6167.0,6167,Amazonas,Bagua,La Peca
6168.0,6168,Amazonas,Utcubamba,Bagua Grande
6169.0,6169,Amazonas,Utcubamba,Bagua Grande
6170.0,6170,Amazonas,Utcubamba,Yamon
6171.0,6171,Amazonas,Utcubamba,Lonya Grande
6172.0,6172,Amazonas,Utcubamba,Lonya Grande
6173.0,6173,Cajamarca,Chota,Pion
6174.0,6174,Cajamarca,Chota,Chimban
6175.0,6175,Cajamarca,Chota,Tacabamba
6176.0,6176,Cajamarca,Chota,Chalamarca
6177.0,6177,Cajamarca,Hualgayoc,Bambamarca
6178.0,6178,Cajamarca,Hualgayoc,Bambamarca
6179.0,6179,Cajamarca,Cajamarca,Encañada
6180.0,6180,Cajamarca,Cajamarca,Encañada
6181.0,6181,Cajamarca,Cajamarca,Los Baños Del Inca
6182.0,6182,Cajamarca,Cajamarca,Los Baños Del Inca
6183.0,6183,Cajamarca,Cajamarca,Jesús
6184.0,6184,Cajamarca,Cajamarca,Asuncion
6185.0,6185,Cajamarca,Cajamarca,Cospan
6186.0,6186,La Libertad,Gran Chimú,Sayapullo
6187.0,6187,La Libertad,Otuzco,Huaranchal
6188.0,6188,La Libertad,Otuzco,Usquil
6189.0,6189,La Libertad,Otuzco,Charat
6190.0,6190,La Libertad,Otuzco,Agallpampa
6191.0,6191,La Libertad,Julcan,Julcan
6192.0,6192,La Libertad,Julcan,Calamarca
6193.0,6193,La Libertad,Julcan,Huaso
6194.0,6194,La Libertad,Julcan,Huaso
6195.0,6195,La Libertad,Virú,Chao
6196.0,6196,La Libertad,Virú,Chao
6197.0,6197,La Libertad,Virú,Chao
6198.0,6198,Ancash,Santa,Chimbote
6199.0,6199,Ancash,Santa,Chimbote
6200.0,6200,Ancash,Santa,Chimbote
6201.0,6201,Ancash,Santa,Nuevo Chimbote
6202.0,6202,Ancash,Santa,Nuevo Chimbote
6203.0,6203,Ancash,Santa,Samanco
6204.0,6204,Ancash,Santa,Samanco
6205.0,6205,Ancash,Casma,Comandante Noel
6206.0,6206,Ancash,Casma,Comandante Noel
6207.0,6207,Ancash,Casma,Comandante Noel
6208.0,6208,Ancash,Casma,Comandante Noel
6209.0,6209,Ancash,Casma,Casma
6210.0,6210,Ancash,Huarmey,Culebras
6211.0,6211,Ancash,Huarmey,Culebras
6364.0,6364,Amazonas,Condorcanqui,El Cenepa
6365.0,6365,Amazonas,Condorcanqui,El Cenepa
6366.0,6366,Amazonas,Condorcanqui,El Cenepa
6367.0,6367,Amazonas,Condorcanqui,El Cenepa
6368.0,6368,Amazonas,Bagua,Imaza
6369.0,6369,Amazonas,Bagua,Imaza
6370.0,6370,Amazonas,Bagua,Imaza
6371.0,6371,Amazonas,Bagua,Imaza
6372.0,6372,Amazonas,Bagua,Imaza
6373.0,6373,Amazonas,Bagua,Imaza
6374.0,6374,Amazonas,Bagua,Imaza
6375.0,6375,Amazonas,Bagua,Aramango
6376.0,6376,Amazonas,Bagua,Aramango
6377.0,6377,Amazonas,Utcubamba,Cajaruro
6378.0,6378,Amazonas,Utcubamba,Cajaruro
6379.0,6379,Amazonas,Utcubamba,Bagua Grande
6380.0,6380,Amazonas,Utcubamba,Bagua Grande
6381.0,6381,Amazonas,Utcubamba,Lonya Grande
6382.0,6382,Amazonas,Luya,Camporredondo
6383.0,6383,Amazonas,Luya,Camporredondo
6384.0,6384,Cajamarca,Chota,Choropampa
6385.0,6385,Cajamarca,Chota,Choropampa
6386.0,6386,Cajamarca,Celendin,Cortegana
6387.0,6387,Cajamarca,Celendin,La Libertad De Pallan
6388.0,6388,Cajamarca,Celendin,Huasmin
6389.0,6389,Cajamarca,Celendin,Huasmin
6390.0,6390,Cajamarca,Celendin,Sorochuco
6391.0,6391,Cajamarca,Cajamarca,Encañada
6392.0,6392,Cajamarca,Cajamarca,Los Baños Del Inca
6393.0,6393,Cajamarca,Cajamarca,Jesús
6394.0,6394,Cajamarca,Cajamarca,Jesús
6395.0,6395,Cajamarca,Cajabamba,Cachachi
6396.0,6396,Cajamarca,Cajabamba,Cachachi
6397.0,6397,Cajamarca,Cajabamba,Cachachi
6398.0,6398,La Libertad,Otuzco,Usquil
6399.0,6399,La Libertad,Otuzco,Usquil
6400.0,6400,La Libertad,Santiago De Chuco,Quiruvilca
6401.0,6401,La Libertad,Julcan,Calamarca
6402.0,6402,La Libertad,Julcan,Calamarca
6403.0,6403,La Libertad,Julcan,Huaso
6404.0,6404,La Libertad,Santiago De Chuco,Santiago De Chuco
6405.0,6405,La Libertad,Santiago De Chuco,Santiago De Chuco
6406.0,6406,La Libertad,Virú,Chao
6407.0,6407,La Libertad,Virú,Chao
6408.0,6408,Ancash,Santa,Chimbote
6409.0,6409,Ancash,Santa,Chimbote
6410.0,6410,Ancash,Santa,Chimbote
6411.0,6411,Ancash,Santa,Nuevo Chimbote
6412.0,6412,Ancash,Santa,Nepeña
6413.0,6413,Ancash,Santa,Nepeña
6414.0,6414,Ancash,Casma,Casma
6415.0,6415,Ancash,Casma,Comandante Noel
6416.0,6416,Ancash,Casma,Comandante Noel
6417.0,6417,Ancash,Casma,Comandante Noel
6418.0,6418,Ancash,Casma,Casma
6419.0,6419,Ancash,Huarmey,Culebras
6420.0,6420,Ancash,Huarmey,Culebras
6421.0,6421,Ancash,Huarmey,Culebras
6422.0,6422,Ancash,Huarmey,Huarmey
6423.0,6423,Ancash,Huarmey,Huarmey
6574.0,6574,Amazonas,Condorcanqui,El Cenepa
6575.0,6575,Amazonas,Condorcanqui,El Cenepa
6576.0,6576,Amazonas,Condorcanqui,El Cenepa
6577.0,6577,Amazonas,Condorcanqui,El Cenepa
6578.0,6578,Amazonas,Bagua,Imaza
6579.0,6579,Amazonas,Bagua,Imaza
6580.0,6580,Amazonas,Bagua,Imaza
6581.0,6581,Amazonas,Bagua,Imaza
6582.0,6582,Amazonas,Bagua,Imaza
6583.0,6583,Amazonas,Bagua,Imaza
6584.0,6584,Amazonas,Bagua,Imaza
6585.0,6585,Amazonas,Bagua,Imaza
6586.0,6586,Amazonas,Utcubamba,Cajaruro
6587.0,6587,Amazonas,Utcubamba,Cajaruro
6588.0,6588,Amazonas,Utcubamba,Cajaruro
6589.0,6589,Amazonas,Utcubamba,Jamalca
6590.0,6590,Amazonas,Utcubamba,Jamalca
6591.0,6591,Amazonas,Utcubamba,Jamalca
6592.0,6592,Amazonas,Luya,Conila
6593.0,6593,Amazonas,Luya,Ocalli
6594.0,6594,Amazonas,Luya,Ocumal
6595.0,6595,Cajamarca,Celendin,Cortegana
6596.0,6596,Cajamarca,Celendin,Cortegana
6597.0,6597,Cajamarca,Celendin,Miguel Iglesias
6598.0,6598,Cajamarca,Celendin,La Libertad De Pallan
6599.0,6599,Cajamarca,Celendin,Huasmin
6600.0,6600,Cajamarca,Celendin,Sorochuco
6601.0,6601,Cajamarca,Cajamarca,Encañada
6602.0,6602,Cajamarca,Cajamarca,Namora
6603.0,6603,Cajamarca,Cajamarca,Matara
6604.0,6604,Cajamarca,San Marcos,Pedro Galvez
6605.0,6605,Cajamarca,Cajabamba,Cachachi
6606.0,6606,Cajamarca,Cajabamba,Cachachi
6607.0,6607,Cajamarca,Cajabamba,Cachachi
6608.0,6608,Cajamarca,Cajabamba,Cachachi
6609.0,6609,La Libertad,Sanchez Carrion,Sanagoran
6610.0,6610,La Libertad,Santiago De Chuco,Quiruvilca
6611.0,6611,La Libertad,Santiago De Chuco,Quiruvilca
6612.0,6612,La Libertad,Santiago De Chuco,Santiago De Chuco
6613.0,6613,La Libertad,Santiago De Chuco,Santiago De Chuco
6614.0,6614,La Libertad,Santiago De Chuco,Santiago De Chuco
6615.0,6615,La Libertad,Santiago De Chuco,Santiago De Chuco
6616.0,6616,La Libertad,Santiago De Chuco,Santiago De Chuco
6617.0,6617,La Libertad,Virú,Chao
6618.0,6618,Ancash,Santa,Chimbote
6619.0,6619,Ancash,Santa,Chimbote
6620.0,6620,Ancash,Santa,Chimbote
6621.0,6621,Ancash,Santa,Nepeña
6622.0,6622,Ancash,Santa,Nepeña
6623.0,6623,Ancash,Casma,Casma
6624.0,6624,Ancash,Casma,Casma
6625.0,6625,Ancash,Casma,Casma
6626.0,6626,Ancash,Casma,Casma
6627.0,6627,Ancash,Casma,Casma
6628.0,6628,Ancash,Casma,Casma
6629.0,6629,Ancash,Huarmey,Culebras
6630.0,6630,Ancash,Huarmey,Culebras
6631.0,6631,Ancash,Huarmey,Huarmey
6632.0,6632,Ancash,Huarmey,Huarmey
6633.0,6633,Ancash,Huarmey,Huarmey
6634.0,6634,Ancash,Huarmey,Huarmey
6635.0,6635,Ancash,Huarmey,Huarmey
6784.0,6784,Amazonas,Condorcanqui,El Cenepa
6785.0,6785,Amazonas,Condorcanqui,El Cenepa
6786.0,6786,Amazonas,Condorcanqui,El Cenepa
6787.0,6787,Amazonas,Bagua,Imaza
6788.0,6788,Amazonas,Bagua,Imaza
6789.0,6789,Amazonas,Bagua,Imaza
6790.0,6790,Amazonas,Condorcanqui,Nieva
6791.0,6791,Amazonas,Condorcanqui,Nieva
6792.0,6792,Amazonas,Bagua,Imaza
6793.0,6793,Amazonas,Bagua,Imaza
6794.0,6794,Amazonas,Bagua,Imaza
6795.0,6795,Amazonas,Utcubamba,Cajaruro
6796.0,6796,Amazonas,Utcubamba,Cajaruro
6797.0,6797,Amazonas,Utcubamba,Cajaruro
6798.0,6798,Amazonas,Utcubamba,Cajaruro
6799.0,6799,Amazonas,Utcubamba,Cajaruro
6800.0,6800,Amazonas,Luya,San Jeronimo
6801.0,6801,Amazonas,Luya,Santa Catalina
6802.0,6802,Amazonas,Luya,Conila
6803.0,6803,Amazonas,Luya,Ocalli
6804.0,6804,Amazonas,Luya,Ocumal
6805.0,6805,Amazonas,Luya,Pisuquia
6806.0,6806,Cajamarca,Celendin,Chumuch
6807.0,6807,Cajamarca,Celendin,Chumuch
6808.0,6808,Cajamarca,Celendin,Celendin
6809.0,6809,Cajamarca,Celendin,Celendin
6810.0,6810,Cajamarca,Celendin,Sucre
6811.0,6811,Cajamarca,Celendin,Sucre
6812.0,6812,Cajamarca,Celendin,Oxamarca
6813.0,6813,Cajamarca,San Marcos,Gregorio Pita
6814.0,6814,Cajamarca,San Marcos,Pedro Galvez
6815.0,6815,Cajamarca,San Marcos,Eduardo Villanueva
6816.0,6816,Cajamarca,Cajabamba,Condebamba
6817.0,6817,Cajamarca,Cajabamba,Cachachi
6818.0,6818,La Libertad,Sanchez Carrion,Sanagoran
6819.0,6819,La Libertad,Sanchez Carrion,Huamachuco
6820.0,6820,La Libertad,Santiago De Chuco,Quiruvilca
6821.0,6821,La Libertad,Santiago De Chuco,Quiruvilca
6822.0,6822,La Libertad,Santiago De Chuco,Santiago De Chuco
6823.0,6823,La Libertad,Santiago De Chuco,Santiago De Chuco
6824.0,6824,La Libertad,Santiago De Chuco,Santiago De Chuco
6825.0,6825,La Libertad,Santiago De Chuco,Santiago De Chuco
6826.0,6826,Ancash,Pallasca,Santa Rosa
6827.0,6827,Ancash,Pallasca,Santa Rosa
6828.0,6828,Ancash,Santa,Macate
6829.0,6829,Ancash,Santa,Macate
6830.0,6830,Ancash,Santa,Caceres Del Perú
6831.0,6831,Ancash,Santa,Caceres Del Perú
6832.0,6832,Ancash,Santa,Moro
6833.0,6833,Ancash,Santa,Moro
6834.0,6834,Ancash,Casma,Buena Vista Alta
6835.0,6835,Ancash,Casma,Buena Vista Alta
6836.0,6836,Ancash,Casma,Casma
6837.0,6837,Ancash,Casma,Casma
6838.0,6838,Ancash,Huarmey,Culebras
6839.0,6839,Ancash,Huarmey,Culebras
6840.0,6840,Ancash,Huarmey,Huarmey
6841.0,6841,Ancash,Huarmey,Huarmey
6842.0,6842,Ancash,Huarmey,Huarmey
6843.0,6843,Ancash,Huarmey,Huarmey
6844.0,6844,Ancash,Huarmey,Huarmey
6845.0,6845,Ancash,Huarmey,Huarmey
6846.0,6846,Ancash,Huarmey,Huarmey
6847.0,6847,Ancash,Huarmey,Huarmey
6993.0,6993,Amazonas,Condorcanqui,Rio Santiago
6994.0,6994,Amazonas,Condorcanqui,El Cenepa
6995.0,6995,Amazonas,Condorcanqui,Rio Santiago
6996.0,6996,Amazonas,Condorcanqui,Nieva
6997.0,6997,Amazonas,Condorcanqui,Nieva
6998.0,6998,Amazonas,Condorcanqui,Nieva
6999.0,6999,Amazonas,Condorcanqui,Nieva
7000.0,7000,Amazonas,Condorcanqui,Nieva
7001.0,7001,Amazonas,Condorcanqui,Nieva
7002.0,7002,Amazonas,Condorcanqui,Nieva
7003.0,7003,Amazonas,Condorcanqui,Nieva
7004.0,7004,Amazonas,Condorcanqui,Nieva
7005.0,7005,Amazonas,Utcubamba,Cajaruro
7006.0,7006,Amazonas,Utcubamba,Cajaruro
7007.0,7007,Amazonas,Bongara,Yambrasbamba
7008.0,7008,Amazonas,Bongara,Yambrasbamba
7009.0,7009,Amazonas,Bongara,Shipasbamba
7010.0,7010,Amazonas,Luya,San Jeronimo
7011.0,7011,Amazonas,Luya,Santa Catalina
7012.0,7012,Amazonas,Luya,Luya Viejo
7013.0,7013,Amazonas,Luya,Inguilpata
7014.0,7014,Amazonas,Luya,Ocumal
7015.0,7015,Amazonas,Luya,Pisuquia
7016.0,7016,Amazonas,Luya,Pisuquia
7017.0,7017,Amazonas,Luya,Cocabamba
7018.0,7018,Cajamarca,Celendin,Celendin
7019.0,7019,Cajamarca,Celendin,Utco
7020.0,7020,Cajamarca,Celendin,Jorge Chavez
7021.0,7021,Cajamarca,Celendin,Oxamarca
7022.0,7022,Cajamarca,San Marcos,Jose Sabogal
7023.0,7023,Cajamarca,San Marcos,Jose Sabogal
7024.0,7024,Cajamarca,San Marcos,Jose Manuel Quiroz
7025.0,7025,Cajamarca,San Marcos,Ichocan
7026.0,7026,Cajamarca,Cajabamba,Condebamba
7027.0,7027,Cajamarca,Cajabamba,Cajabamba
7028.0,7028,La Libertad,Sanchez Carrion,Huamachuco
7029.0,7029,La Libertad,Sanchez Carrion,Huamachuco
7030.0,7030,La Libertad,Santiago De Chuco,Cachicadan
7031.0,7031,La Libertad,Santiago De Chuco,Cachicadan
7032.0,7032,La Libertad,Santiago De Chuco,Angasmarca
7033.0,7033,La Libertad,Santiago De Chuco,Santa Cruz De Chuca
7034.0,7034,Ancash,Pallasca,Bolognesi
7035.0,7035,Ancash,Pallasca,Tauca
7036.0,7036,Ancash,Pallasca,Santa Rosa
7037.0,7037,Ancash,Corongo,Bambas
7038.0,7038,Ancash,Santa,Macate
7039.0,7039,Ancash,Santa,Macate
7040.0,7040,Ancash,Santa,Caceres Del Perú
7041.0,7041,Ancash,Santa,Moro
7042.0,7042,Ancash,Santa,Moro
7043.0,7043,Ancash,Santa,Moro
7044.0,7044,Ancash,Casma,Buena Vista Alta
7045.0,7045,Ancash,Casma,Yautan
7046.0,7046,Ancash,Casma,Yautan
7047.0,7047,Ancash,Casma,Casma
7048.0,7048,Ancash,Huarmey,Culebras
7049.0,7049,Ancash,Huarmey,Culebras
7050.0,7050,Ancash,Huarmey,Huarmey
7051.0,7051,Ancash,Huarmey,Huarmey
7052.0,7052,Ancash,Huarmey,Huarmey
7053.0,7053,Ancash,Huarmey,Huarmey
7054.0,7054,Ancash,Huarmey,Huarmey
7055.0,7055,Ancash,Huarmey,Huarmey
7056.0,7056,Ancash,Huarmey,Huarmey
7057.0,7057,Ancash,Huarmey,Huarmey
7058.0,7058,Lima,Barranca,Paramonga
7059.0,7059,Lima,Barranca,Paramonga
7202.0,7202,Amazonas,Condorcanqui,Rio Santiago
7203.0,7203,Amazonas,Condorcanqui,Rio Santiago
7204.0,7204,Amazonas,Condorcanqui,Rio Santiago
7205.0,7205,Amazonas,Condorcanqui,Nieva
7206.0,7206,Amazonas,Condorcanqui,Nieva
7207.0,7207,Amazonas,Condorcanqui,Nieva
7208.0,7208,Amazonas,Condorcanqui,Nieva
7209.0,7209,Amazonas,Condorcanqui,Nieva
7210.0,7210,Amazonas,Condorcanqui,Nieva
7211.0,7211,Amazonas,Condorcanqui,Nieva
7212.0,7212,Amazonas,Condorcanqui,Nieva
7213.0,7213,Amazonas,Condorcanqui,Nieva
7214.0,7214,Amazonas,Condorcanqui,Nieva
7215.0,7215,Amazonas,Utcubamba,Cajaruro
7216.0,7216,Amazonas,Bongara,Yambrasbamba
7217.0,7217,Amazonas,Bongara,Yambrasbamba
7218.0,7218,Amazonas,Bongara,Yambrasbamba
7219.0,7219,Amazonas,Bongara,Florida
7220.0,7220,Amazonas,Bongara,Cuispes
7221.0,7221,Amazonas,Luya,San Cristobal
7222.0,7222,Amazonas,Luya,Luya
7223.0,7223,Amazonas,Luya,Inguilpata
7224.0,7224,Amazonas,Luya,Tingo
7225.0,7225,Amazonas,Luya,Tingo
7226.0,7226,Amazonas,Luya,Maria
7227.0,7227,Amazonas,Luya,Cocabamba
7228.0,7228,Amazonas,Chachapoyas,Balsas
7229.0,7229,Amazonas,Chachapoyas,Balsas
7230.0,7230,Amazonas,Chachapoyas,Chuquibamba
7231.0,7231,La Libertad,Bolivar,Longotea
7232.0,7232,Cajamarca,San Marcos,Jose Sabogal
7233.0,7233,Cajamarca,San Marcos,Jose Sabogal
7234.0,7234,Cajamarca,San Marcos,Jose Sabogal
7235.0,7235,Cajamarca,Cajabamba,Sitacocha
7236.0,7236,Cajamarca,Cajabamba,Sitacocha
7237.0,7237,Cajamarca,Cajabamba,Cajabamba
7238.0,7238,La Libertad,Sanchez Carrion,Huamachuco
7239.0,7239,La Libertad,Sanchez Carrion,Curgos
7240.0,7240,La Libertad,Sanchez Carrion,Sarin
7241.0,7241,La Libertad,Santiago De Chuco,Sitabamba
7242.0,7242,La Libertad,Santiago De Chuco,Mollepata
7243.0,7243,Ancash,Pallasca,Pallasca
7244.0,7244,Ancash,Pallasca,Huandoval
7245.0,7245,Ancash,Pallasca,Tauca
7246.0,7246,Ancash,Corongo,Corongo
7247.0,7247,Ancash,Corongo,Yupan
7248.0,7248,Ancash,Huaylas,Huallanca
7249.0,7249,Ancash,Huaylas,Santo Toribio
7250.0,7250,Ancash,Huaylas,Mato
7251.0,7251,Ancash,Huaylas,Pamparomas
7252.0,7252,Ancash,Huaylas,Pamparomas
7253.0,7253,Ancash,Yungay,Quillo
7254.0,7254,Ancash,Yungay,Quillo
7255.0,7255,Ancash,Casma,Yautan
7256.0,7256,Ancash,Huaraz,Pampas Grande
7257.0,7257,Ancash,Huaraz,Pampas Grande
7258.0,7258,Ancash,Huaraz,Pampas Grande
7259.0,7259,Ancash,Huarmey,Huarmey
7260.0,7260,Ancash,Huarmey,Huarmey
7261.0,7261,Ancash,Huarmey,Huarmey
7262.0,7262,Ancash,Huarmey,Huarmey
7263.0,7263,Ancash,Huarmey,Huarmey
7264.0,7264,Ancash,Huarmey,Huarmey
7265.0,7265,Ancash,Huarmey,Huarmey
7266.0,7266,Ancash,Huarmey,Huarmey
7267.0,7267,Ancash,Huarmey,Huarmey
7268.0,7268,Lima,Barranca,Paramonga
7269.0,7269,Lima,Barranca,Pativilca
7270.0,7270,Lima,Barranca,Supe
7271.0,7271,Lima,Huaura,Vegueta
7412.0,7412,Amazonas,Condorcanqui,Rio Santiago
7413.0,7413,Amazonas,Condorcanqui,Rio Santiago
7414.0,7414,Amazonas,Condorcanqui,Rio Santiago
7415.0,7415,Amazonas,Condorcanqui,Nieva
7416.0,7416,Amazonas,Condorcanqui,Nieva
7417.0,7417,Amazonas,Condorcanqui,Nieva
7418.0,7418,Amazonas,Condorcanqui,Nieva
7419.0,7419,Amazonas,Condorcanqui,Nieva
7420.0,7420,Amazonas,Condorcanqui,Nieva
7421.0,7421,Amazonas,Condorcanqui,Nieva
7422.0,7422,Amazonas,Condorcanqui,Nieva
7423.0,7423,Amazonas,Condorcanqui,Nieva
7424.0,7424,Amazonas,Bongara,Yambrasbamba
7425.0,7425,Amazonas,Bongara,Yambrasbamba
7426.0,7426,Amazonas,Bongara,Yambrasbamba
7427.0,7427,Amazonas,Bongara,Yambrasbamba
7428.0,7428,Amazonas,Bongara,Yambrasbamba
7429.0,7429,Amazonas,Bongara,Jumbilla
7430.0,7430,Amazonas,Bongara,Jumbilla
7431.0,7431,Amazonas,Bongara,San Carlos
7432.0,7432,Amazonas,Chachapoyas,Sonche
7433.0,7433,Amazonas,Chachapoyas,Chachapoyas
7434.0,7434,Amazonas,Chachapoyas,San Isidro De Maino
7435.0,7435,Amazonas,Chachapoyas,Magdalena
7436.0,7436,Amazonas,Luya,Santo Tomas
7437.0,7437,Amazonas,Luya,San Francisco Del Yeso
7438.0,7438,Amazonas,Chachapoyas,Leimebamba
7439.0,7439,Amazonas,Chachapoyas,Leimebamba
7440.0,7440,Amazonas,Chachapoyas,Chuquibamba
7441.0,7441,La Libertad,Bolivar,Longotea
7442.0,7442,La Libertad,Bolivar,Ucuncha
7443.0,7443,La Libertad,Bolivar,Bolivar
7444.0,7444,Cajamarca,San Marcos,Jose Sabogal
7445.0,7445,Cajamarca,Cajabamba,Sitacocha
7446.0,7446,La Libertad,Sanchez Carrion,Sartimbamba
7447.0,7447,La Libertad,Sanchez Carrion,Marcabal
7448.0,7448,La Libertad,Sanchez Carrion,Chugay
7449.0,7449,La Libertad,Sanchez Carrion,Chugay
7450.0,7450,La Libertad,Sanchez Carrion,Sarin
7451.0,7451,La Libertad,Santiago De Chuco,Sitabamba
7452.0,7452,Ancash,Pallasca,Pampas
7453.0,7453,Ancash,Pallasca,Conchucos
7454.0,7454,Ancash,Pallasca,Conchucos
7455.0,7455,Ancash,Corongo,Cusca
7456.0,7456,Ancash,Corongo,Cusca
7457.0,7457,Ancash,Corongo,La Pampa
7458.0,7458,Ancash,Huaylas,Yuracmarca
7459.0,7459,Ancash,Huaylas,Huallanca
7460.0,7460,Ancash,Huaylas,Mato
7461.0,7461,Ancash,Huaylas,Huata
7462.0,7462,Ancash,Huaylas,Pueblo Libre
7463.0,7463,Ancash,Yungay,Quillo
7464.0,7464,Ancash,Yungay,Cascapara
7465.0,7465,Ancash,Huaraz,Cochabamba
7466.0,7466,Ancash,Huaraz,Colcabamba
7467.0,7467,Ancash,Huaraz,Pampas Grande
7468.0,7468,Ancash,Huaraz,Huanchay
7469.0,7469,Ancash,Huarmey,Huarmey
7470.0,7470,Ancash,Huarmey,Huayan
7471.0,7471,Ancash,Huarmey,Huarmey
7472.0,7472,Ancash,Huarmey,Huarmey
7473.0,7473,Ancash,Huarmey,Huarmey
7474.0,7474,Ancash,Huarmey,Huarmey
7475.0,7475,Ancash,Huarmey,Huarmey
7476.0,7476,Ancash,Huarmey,Huarmey
7477.0,7477,Lima,Barranca,Paramonga
7478.0,7478,Lima,Barranca,Pativilca
7479.0,7479,Lima,Barranca,Supe Puerto
7480.0,7480,Lima,Huaura,Vegueta
7481.0,7481,Lima,Huaura,Vegueta
7482.0,7482,Lima,Huaura,Huacho
7483.0,7483,Lima,Huaura,Huacho
7621.0,7621,Amazonas,Condorcanqui,Rio Santiago
7622.0,7622,Amazonas,Condorcanqui,Rio Santiago
7623.0,7623,Amazonas,Condorcanqui,Rio Santiago
7624.0,7624,Amazonas,Condorcanqui,Rio Santiago
7625.0,7625,Amazonas,Condorcanqui,Nieva
7626.0,7626,Amazonas,Condorcanqui,Nieva
7627.0,7627,Amazonas,Condorcanqui,Nieva
7628.0,7628,Loreto,Datem Del Marañon,Manseriche
7629.0,7629,Loreto,Datem Del Marañon,Manseriche
7630.0,7630,Loreto,Datem Del Marañon,Manseriche
7631.0,7631,Loreto,Datem Del Marañon,Manseriche
7632.0,7632,Amazonas,Bongara,Yambrasbamba
7633.0,7633,Amazonas,Bongara,Yambrasbamba
7634.0,7634,Amazonas,Bongara,Yambrasbamba
7635.0,7635,San Martin,Rioja,Pardo Miguel
7636.0,7636,San Martin,Rioja,Pardo Miguel
7637.0,7637,San Martin,Rioja,Pardo Miguel
7638.0,7638,San Martin,Rioja,Pardo Miguel
7639.0,7639,Amazonas,Bongara,Chisquilla
7640.0,7640,Amazonas,Bongara,Recta
7641.0,7641,Amazonas,Chachapoyas,Chiliquin
7642.0,7642,Amazonas,Chachapoyas,Chiliquin
7643.0,7643,Amazonas,Chachapoyas,San Francisco De Daguas
7644.0,7644,Amazonas,Rodriguez De Mendoza,Cochamal
7645.0,7645,Amazonas,Chachapoyas,La Jalca
7646.0,7646,Amazonas,Chachapoyas,Mariscal Castilla
7647.0,7647,Amazonas,Chachapoyas,Montevideo
7648.0,7648,Amazonas,Chachapoyas,Leimebamba
7649.0,7649,Amazonas,Chachapoyas,Leimebamba
7650.0,7650,Amazonas,Chachapoyas,Leimebamba
7651.0,7651,La Libertad,Bolivar,Uchumarca
7652.0,7652,La Libertad,Bolivar,Bolivar
7653.0,7653,La Libertad,Bolivar,Bolivar
7654.0,7654,La Libertad,Bolivar,Bolivar
7655.0,7655,La Libertad,Bolivar,Bambamarca
7656.0,7656,La Libertad,Sanchez Carrion,Sartimbamba
7657.0,7657,La Libertad,Sanchez Carrion,Sartimbamba
7658.0,7658,La Libertad,Sanchez Carrion,Sartimbamba
7659.0,7659,La Libertad,Sanchez Carrion,Chugay
7660.0,7660,La Libertad,Sanchez Carrion,Sarin
7661.0,7661,La Libertad,Santiago De Chuco,Sitabamba
7662.0,7662,Ancash,Pallasca,Pampas
7663.0,7663,Ancash,Pallasca,Conchucos
7664.0,7664,Ancash,Pallasca,Conchucos
7665.0,7665,Ancash,Sihuas,Ragash
7666.0,7666,Ancash,Corongo,Cusca
7667.0,7667,Ancash,Corongo,Cusca
7668.0,7668,Ancash,Huaylas,Yuracmarca
7669.0,7669,Ancash,Huaylas,Santa Cruz
7670.0,7670,Ancash,Huaylas,Santa Cruz
7671.0,7671,Ancash,Huaylas,Caraz
7672.0,7672,Ancash,Yungay,Yungay
7673.0,7673,Ancash,Yungay,Shupluy
7674.0,7674,Ancash,Yungay,Shupluy
7675.0,7675,Ancash,Huaraz,Pariacoto
7676.0,7676,Ancash,Huaraz,Pira
7677.0,7677,Ancash,Huaraz,La Libertad
7678.0,7678,Ancash,Huaraz,Huanchay
7679.0,7679,Ancash,Aija,Coris
7680.0,7680,Ancash,Huarmey,Cochapeti
7681.0,7681,Ancash,Huarmey,Huarmey
7682.0,7682,Ancash,Huarmey,Huarmey
7683.0,7683,Ancash,Huarmey,Huarmey
7684.0,7684,Lima,Barranca,Paramonga
7685.0,7685,Lima,Barranca,Paramonga
7686.0,7686,Lima,Barranca,Paramonga
7687.0,7687,Lima,Barranca,Pativilca
7688.0,7688,Lima,Barranca,Barranca
7689.0,7689,Lima,Barranca,Supe
7690.0,7690,Lima,Huaura,Vegueta
7691.0,7691,Lima,Huaura,Vegueta
7692.0,7692,Lima,Huaura,Huacho
7693.0,7693,Lima,Huaura,Huacho
7694.0,7694,Lima,Huaura,Huacho
7695.0,7695,Lima,Huaura,Huacho
7831.0,7831,Amazonas,Condorcanqui,Rio Santiago
7832.0,7832,Amazonas,Condorcanqui,Rio Santiago
7833.0,7833,Amazonas,Condorcanqui,Rio Santiago
7834.0,7834,Amazonas,Condorcanqui,Rio Santiago
7835.0,7835,Amazonas,Condorcanqui,Nieva
7836.0,7836,Loreto,Datem Del Marañon,Manseriche
7837.0,7837,Loreto,Datem Del Marañon,Manseriche
7838.0,7838,Loreto,Datem Del Marañon,Manseriche
7839.0,7839,Loreto,Datem Del Marañon,Manseriche
7840.0,7840,Loreto,Datem Del Marañon,Manseriche
7841.0,7841,Loreto,Datem Del Marañon,Manseriche
7842.0,7842,Loreto,Datem Del Marañon,Barranca
7843.0,7843,Loreto,Datem Del Marañon,Barranca
7844.0,7844,Loreto,Datem Del Marañon,Barranca
7845.0,7845,San Martin,Moyobamba,Moyobamba
7846.0,7846,San Martin,Rioja,Pardo Miguel
7847.0,7847,San Martin,Rioja,Pardo Miguel
7848.0,7848,San Martin,Rioja,Pardo Miguel
7849.0,7849,San Martin,Rioja,Pardo Miguel
7850.0,7850,San Martin,Rioja,Pardo Miguel
7851.0,7851,Amazonas,Chachapoyas,Olleros
7852.0,7852,Amazonas,Chachapoyas,Molinopampa
7853.0,7853,Amazonas,Chachapoyas,Molinopampa
7854.0,7854,Amazonas,Rodriguez De Mendoza,Cochamal
7855.0,7855,Amazonas,Rodriguez De Mendoza,Limabamba
7856.0,7856,Amazonas,Rodriguez De Mendoza,Limabamba
7857.0,7857,San Martin,Huallaga,Saposoa
7858.0,7858,San Martin,Huallaga,Saposoa
7859.0,7859,San Martin,Huallaga,Saposoa
7860.0,7860,San Martin,Huallaga,Saposoa
7861.0,7861,San Martin,Huallaga,Saposoa
7862.0,7862,La Libertad,Bolivar,Bolivar
7863.0,7863,La Libertad,Bolivar,Bolivar
7864.0,7864,La Libertad,Bolivar,Bolivar
7865.0,7865,La Libertad,Bolivar,Bambamarca
7866.0,7866,La Libertad,Bolivar,Condormarca
7867.0,7867,La Libertad,Bolivar,Condormarca
7868.0,7868,La Libertad,Pataz,Pataz
7869.0,7869,La Libertad,Sanchez Carrion,Cochorco
7870.0,7870,La Libertad,Sanchez Carrion,Chugay
7871.0,7871,Ancash,Pallasca,Pampas
7872.0,7872,Ancash,Pallasca,Conchucos
7873.0,7873,Ancash,Pallasca,Conchucos
7874.0,7874,Ancash,Sihuas,Chingalpo
7875.0,7875,Ancash,Sihuas,Ragash
7876.0,7876,Ancash,Sihuas,Cashapampa
7877.0,7877,Ancash,Sihuas,San Juan
7878.0,7878,Ancash,Huaylas,Yuracmarca
7879.0,7879,Ancash,Huaylas,Yuracmarca
7880.0,7880,Ancash,Huaylas,Santa Cruz
7881.0,7881,Ancash,Yungay,Yungay
7882.0,7882,Ancash,Yungay,Yungay
7883.0,7883,Ancash,Carhuaz,Tinco
7884.0,7884,Ancash,Carhuaz,Anta
7885.0,7885,Ancash,Carhuaz,Yungar
7886.0,7886,Ancash,Huaraz,Pira
7887.0,7887,Ancash,Aija,La Merced
7888.0,7888,Ancash,Aija,Aija
7889.0,7889,Ancash,Aija,Succha
7890.0,7890,Ancash,Huarmey,Malvas
7891.0,7891,Ancash,Recuay,Pararin
7892.0,7892,Ancash,Recuay,Pararin
7893.0,7893,Ancash,Bolognesi,Colquioc
7894.0,7894,Lima,Barranca,Paramonga
7895.0,7895,Ancash,Ocros,San Pedro
7896.0,7896,Lima,Barranca,Pativilca
7897.0,7897,Lima,Barranca,Pativilca
7898.0,7898,Lima,Barranca,Supe
7899.0,7899,Lima,Barranca,Supe
7900.0,7900,Lima,Huaura,Vegueta
7901.0,7901,Lima,Huaura,Vegueta
7902.0,7902,Lima,Huaura,Huacho
7903.0,7903,Lima,Huaura,Huacho
7904.0,7904,Lima,Huaura,Huacho
7905.0,7905,Lima,Huaura,Huacho
7906.0,7906,Lima,Huaura,Huacho
7907.0,7907,Lima,Huaura,Huacho
8041.0,8041,Amazonas,Condorcanqui,Rio Santiago
8042.0,8042,Loreto,Datem Del Marañon,Morona
8043.0,8043,Loreto,Datem Del Marañon,Manseriche
8044.0,8044,Loreto,Datem Del Marañon,Manseriche
8045.0,8045,Loreto,Datem Del Marañon,Manseriche
8046.0,8046,Loreto,Datem Del Marañon,Manseriche
8047.0,8047,Loreto,Datem Del Marañon,Manseriche
8048.0,8048,Loreto,Datem Del Marañon,Manseriche
8049.0,8049,Loreto,Datem Del Marañon,Manseriche
8050.0,8050,Loreto,Datem Del Marañon,Manseriche
8051.0,8051,Loreto,Datem Del Marañon,Barranca
8052.0,8052,Loreto,Datem Del Marañon,Barranca
8053.0,8053,Loreto,Datem Del Marañon,Barranca
8054.0,8054,Loreto,Datem Del Marañon,Barranca
8055.0,8055,San Martin,Moyobamba,Moyobamba
8056.0,8056,San Martin,Moyobamba,Moyobamba
8057.0,8057,San Martin,Moyobamba,Moyobamba
8058.0,8058,San Martin,Rioja,Pardo Miguel
8059.0,8059,San Martin,Rioja,Pardo Miguel
8060.0,8060,San Martin,Rioja,Awajun
8061.0,8061,San Martin,Rioja,Awajun
8062.0,8062,Amazonas,Chachapoyas,Granada
8063.0,8063,Amazonas,Rodriguez De Mendoza,Mariscal Benavides
8064.0,8064,Amazonas,Rodriguez De Mendoza,Longar
8065.0,8065,Amazonas,Rodriguez De Mendoza,Huambo
8066.0,8066,Amazonas,Rodriguez De Mendoza,Limabamba
8067.0,8067,San Martin,Huallaga,Saposoa
8068.0,8068,San Martin,Huallaga,Saposoa
8069.0,8069,San Martin,Huallaga,Saposoa
8070.0,8070,San Martin,Huallaga,Saposoa
8071.0,8071,San Martin,Huallaga,Saposoa
8072.0,8072,San Martin,Huallaga,Saposoa
8073.0,8073,San Martin,Mariscal Caceres,Huicungo
8074.0,8074,San Martin,Mariscal Caceres,Huicungo
8075.0,8075,San Martin,Mariscal Caceres,Huicungo
8076.0,8076,La Libertad,Bolivar,Condormarca
8077.0,8077,La Libertad,Bolivar,Condormarca
8078.0,8078,La Libertad,Pataz,Pataz
8079.0,8079,La Libertad,Pataz,Pias
8080.0,8080,La Libertad,Pataz,Parcoy
8081.0,8081,La Libertad,Pataz,Huayo
8082.0,8082,La Libertad,Pataz,Chillia
8083.0,8083,Ancash,Sihuas,Acobamba
8084.0,8084,Ancash,Sihuas,Acobamba
8085.0,8085,Ancash,Sihuas,Quiches
8086.0,8086,Ancash,Sihuas,Huayllabamba
8087.0,8087,Ancash,Sihuas,Sicsibamba
8088.0,8088,Ancash,Pomabamba,Pomabamba
8089.0,8089,Ancash,Pomabamba,Pomabamba
8090.0,8090,Ancash,Yungay,Yanama
8091.0,8091,Ancash,Yungay,Yanama
8092.0,8092,Ancash,Carhuaz,Shilla
8093.0,8093,Ancash,Carhuaz,Carhuaz
8094.0,8094,Ancash,Carhuaz,San Miguel De Aco
8095.0,8095,Ancash,Huaraz,Independencia
8096.0,8096,Ancash,Huaraz,Huaraz
8097.0,8097,Ancash,Huaraz,Huaraz
8098.0,8098,Ancash,Aija,Aija
8099.0,8099,Ancash,Aija,Aija
8100.0,8100,Ancash,Recuay,Cotaparaco
8101.0,8101,Ancash,Recuay,Huayllapampa
8102.0,8102,Ancash,Recuay,Huayllapampa
8103.0,8103,Ancash,Bolognesi,Antonio Raymondi
8104.0,8104,Ancash,Bolognesi,Colquioc
8105.0,8105,Ancash,Ocros,San Pedro
8106.0,8106,Ancash,Ocros,San Pedro
8107.0,8107,Ancash,Ocros,Cochas
8108.0,8108,Ancash,Ocros,Cochas
8109.0,8109,Lima,Barranca,Supe
8110.0,8110,Lima,Huaura,Vegueta
8111.0,8111,Lima,Huaura,Huaura
8112.0,8112,Lima,Huaura,Huacho
8113.0,8113,Lima,Huaura,Huacho
8114.0,8114,Lima,Huaura,Huacho
8115.0,8115,Lima,Huaura,Huacho
8116.0,8116,Lima,Huaura,Huacho
8117.0,8117,Lima,Huaura,Huacho
8118.0,8118,Lima,Huaral,Chancay
8119.0,8119,Lima,Lima,Santa Rosa
8120.0,8120,Callao,Callao,Ventanilla
8251.0,8251,Loreto,Datem Del Marañon,Morona
8252.0,8252,Loreto,Datem Del Marañon,Morona
8253.0,8253,Loreto,Datem Del Marañon,Morona
8254.0,8254,Loreto,Datem Del Marañon,Manseriche
8255.0,8255,Loreto,Datem Del Marañon,Manseriche
8256.0,8256,Loreto,Datem Del Marañon,Manseriche
8257.0,8257,Loreto,Datem Del Marañon,Manseriche
8258.0,8258,Loreto,Datem Del Marañon,Manseriche
8259.0,8259,Loreto,Datem Del Marañon,Manseriche
8260.0,8260,Loreto,Datem Del Marañon,Barranca
8261.0,8261,Loreto,Datem Del Marañon,Barranca
8262.0,8262,Loreto,Datem Del Marañon,Barranca
8263.0,8263,Loreto,Datem Del Marañon,Barranca
8264.0,8264,Loreto,Datem Del Marañon,Barranca
8265.0,8265,Loreto,Datem Del Marañon,Barranca
8266.0,8266,Loreto,Datem Del Marañon,Barranca
8267.0,8267,San Martin,Moyobamba,Moyobamba
8268.0,8268,San Martin,Rioja,Awajun
8269.0,8269,San Martin,Rioja,Awajun
8270.0,8270,San Martin,Rioja,Awajun
8271.0,8271,Amazonas,Rodriguez De Mendoza,Vista Alegre
8272.0,8272,Amazonas,Rodriguez De Mendoza,Vista Alegre
8273.0,8273,Amazonas,Rodriguez De Mendoza,Mariscal Benavides
8274.0,8274,Amazonas,Rodriguez De Mendoza,San Nicolas
8275.0,8275,Amazonas,Rodriguez De Mendoza,Santa Rosa
8276.0,8276,Amazonas,Rodriguez De Mendoza,Chirimoto
8277.0,8277,San Martin,Huallaga,Saposoa
8278.0,8278,San Martin,Huallaga,Saposoa
8279.0,8279,San Martin,Huallaga,Saposoa
8280.0,8280,San Martin,Huallaga,Saposoa
8281.0,8281,San Martin,Huallaga,Saposoa
8282.0,8282,San Martin,Huallaga,Saposoa
8283.0,8283,San Martin,Mariscal Caceres,Huicungo
8284.0,8284,San Martin,Mariscal Caceres,Huicungo
8285.0,8285,San Martin,Mariscal Caceres,Huicungo
8286.0,8286,San Martin,Mariscal Caceres,Huicungo
8287.0,8287,San Martin,Mariscal Caceres,Huicungo
8288.0,8288,San Martin,Mariscal Caceres,Huicungo
8289.0,8289,La Libertad,Pataz,Pias
8290.0,8290,La Libertad,Pataz,Pias
8291.0,8291,La Libertad,Pataz,Parcoy
8292.0,8292,La Libertad,Pataz,Buldibuyo
8293.0,8293,La Libertad,Pataz,Taurija
8294.0,8294,La Libertad,Pataz,Taurija
8295.0,8295,Ancash,Sihuas,Alfonso Ugarte
8296.0,8296,Ancash,Sihuas,Huayllabamba
8297.0,8297,Ancash,Pomabamba,Parobamba
8298.0,8298,Ancash,Pomabamba,Pomabamba
8299.0,8299,Ancash,Pomabamba,Pomabamba
8300.0,8300,Ancash,Mariscal Luzuriaga,Llumpa
8301.0,8301,Ancash,Yungay,Yanama
8302.0,8302,Ancash,Asuncion,Chacas
8303.0,8303,Ancash,Asuncion,Chacas
8304.0,8304,Ancash,Carhuaz,San Miguel De Aco
8305.0,8305,Ancash,Huaraz,Independencia
8306.0,8306,Ancash,Huaraz,Huaraz
8307.0,8307,Ancash,Huaraz,Olleros
8308.0,8308,Ancash,Recuay,Ticapampa
8309.0,8309,Ancash,Recuay,Catac
8310.0,8310,Ancash,Recuay,Tapacocha
8311.0,8311,Ancash,Recuay,Marca
8312.0,8312,Ancash,Recuay,Marca
8313.0,8313,Ancash,Bolognesi,Huayllacayan
8314.0,8314,Ancash,Ocros,Congas
8315.0,8315,Ancash,Ocros,San Pedro
8316.0,8316,Ancash,Ocros,Cochas
8317.0,8317,Ancash,Ocros,Cochas
8318.0,8318,Lima,Barranca,Supe
8319.0,8319,Lima,Huaura,Ambar
8320.0,8320,Lima,Huaura,Huaura
8321.0,8321,Lima,Huaura,Huaura
8322.0,8322,Lima,Huaura,Huacho
8323.0,8323,Lima,Huaura,Sayan
8324.0,8324,Lima,Huaura,Huacho
8325.0,8325,Lima,Huaura,Huacho
8326.0,8326,Lima,Huaura,Huacho
8327.0,8327,Lima,Huaral,Chancay
8328.0,8328,Lima,Huaral,Chancay
8329.0,8329,Lima,Lima,Santa Rosa
8330.0,8330,Callao,Callao,Ventanilla
8331.0,8331,Callao,Callao,La Punta
8461.0,8461,Loreto,Datem Del Marañon,Morona
8462.0,8462,Loreto,Datem Del Marañon,Morona
8463.0,8463,Loreto,Datem Del Marañon,Morona
8464.0,8464,Loreto,Datem Del Marañon,Morona
8465.0,8465,Loreto,Datem Del Marañon,Morona
8466.0,8466,Loreto,Datem Del Marañon,Morona
8467.0,8467,Loreto,Datem Del Marañon,Manseriche
8468.0,8468,Loreto,Datem Del Marañon,Manseriche
8469.0,8469,Loreto,Datem Del Marañon,Manseriche
8470.0,8470,Loreto,Datem Del Marañon,Barranca
8471.0,8471,Loreto,Datem Del Marañon,Barranca
8472.0,8472,Loreto,Datem Del Marañon,Barranca
8473.0,8473,Loreto,Datem Del Marañon,Barranca
8474.0,8474,Loreto,Datem Del Marañon,Barranca
8475.0,8475,Loreto,Datem Del Marañon,Barranca
8476.0,8476,Loreto,Datem Del Marañon,Barranca
8477.0,8477,San Martin,Moyobamba,Moyobamba
8478.0,8478,San Martin,Rioja,Awajun
8479.0,8479,San Martin,Rioja,Awajun
8480.0,8480,San Martin,Rioja,Nueva Cajamarca
8481.0,8481,San Martin,Rioja,Nueva Cajamarca
8482.0,8482,Amazonas,Rodriguez De Mendoza,Vista Alegre
8483.0,8483,Amazonas,Rodriguez De Mendoza,Vista Alegre
8484.0,8484,Amazonas,Rodriguez De Mendoza,Omia
8485.0,8485,Amazonas,Rodriguez De Mendoza,Omia
8486.0,8486,Amazonas,Rodriguez De Mendoza,Chirimoto
8487.0,8487,San Martin,Huallaga,Saposoa
8488.0,8488,San Martin,Huallaga,Saposoa
8489.0,8489,San Martin,Huallaga,Saposoa
8490.0,8490,San Martin,Huallaga,Saposoa
8491.0,8491,San Martin,Huallaga,Saposoa
8492.0,8492,San Martin,Huallaga,Saposoa
8493.0,8493,San Martin,Mariscal Caceres,Huicungo
8494.0,8494,San Martin,Mariscal Caceres,Huicungo
8495.0,8495,San Martin,Mariscal Caceres,Huicungo
8496.0,8496,San Martin,Mariscal Caceres,Huicungo
8497.0,8497,San Martin,Mariscal Caceres,Huicungo
8498.0,8498,San Martin,Mariscal Caceres,Huicungo
8499.0,8499,San Martin,Mariscal Caceres,Huicungo
8500.0,8500,San Martin,Mariscal Caceres,Huicungo
8501.0,8501,San Martin,Mariscal Caceres,Huicungo
8502.0,8502,La Libertad,Pataz,Buldibuyo
8503.0,8503,La Libertad,Pataz,Tayabamba
8504.0,8504,La Libertad,Pataz,Urpay
8505.0,8505,La Libertad,Pataz,Santiago De Challas
8506.0,8506,Ancash,Pomabamba,Parobamba
8507.0,8507,Ancash,Pomabamba,Parobamba
8508.0,8508,Ancash,Mariscal Luzuriaga,Fidel Olivas Escudero
8509.0,8509,Ancash,Mariscal Luzuriaga,Piscobamba
8510.0,8510,Ancash,Mariscal Luzuriaga,Llumpa
8511.0,8511,Ancash,Carlos Fermin Fitzcarrald,San Luis
8512.0,8512,Ancash,Asuncion,Chacas
8513.0,8513,Ancash,Asuncion,Chacas
8514.0,8514,Ancash,Carhuaz,San Miguel De Aco
8515.0,8515,Ancash,Huaraz,Huaraz
8516.0,8516,Ancash,Huaraz,Huaraz
8517.0,8517,Ancash,Huaraz,Olleros
8518.0,8518,Ancash,Recuay,Catac
8519.0,8519,Ancash,Recuay,Catac
8520.0,8520,Ancash,Recuay,Catac
8521.0,8521,Ancash,Recuay,Catac
8522.0,8522,Ancash,Recuay,Pampas Chico
8523.0,8523,Ancash,Bolognesi,Huayllacayan
8524.0,8524,Ancash,Ocros,Ocros
8525.0,8525,Ancash,Ocros,Santiago De Chilcas
8526.0,8526,Ancash,Ocros,Acas
8527.0,8527,Lima,Huaura,Ambar
8528.0,8528,Lima,Huaura,Ambar
8529.0,8529,Lima,Huaura,Ambar
8530.0,8530,Lima,Huaura,Huaura
8531.0,8531,Lima,Huaura,Sayan
8532.0,8532,Lima,Huaura,Sayan
8533.0,8533,Lima,Huaura,Sayan
8534.0,8534,Lima,Huaura,Huacho
8535.0,8535,Lima,Huaral,Chancay
8536.0,8536,Lima,Huaral,Chancay
8537.0,8537,Lima,Huaral,Chancay
8538.0,8538,Lima,Lima,Ancon
8539.0,8539,Lima,Lima,Santa Rosa
8540.0,8540,Callao,Callao,Ventanilla
8541.0,8541,Callao,Callao,La Punta
8542.0,8542,Callao,Callao,La Punta
8543.0,8543,Callao,Callao,La Punta
8671.0,8671,Loreto,Datem Del Marañon,Morona
8672.0,8672,Loreto,Datem Del Marañon,Morona
8673.0,8673,Loreto,Datem Del Marañon,Morona
8674.0,8674,Loreto,Datem Del Marañon,Morona
8675.0,8675,Loreto,Datem Del Marañon,Morona
8676.0,8676,Loreto,Datem Del Marañon,Morona
8677.0,8677,Loreto,Datem Del Marañon,Morona
8678.0,8678,Loreto,Datem Del Marañon,Manseriche
8679.0,8679,Loreto,Datem Del Marañon,Manseriche
8680.0,8680,Loreto,Datem Del Marañon,Barranca
8681.0,8681,Loreto,Datem Del Marañon,Barranca
8682.0,8682,Loreto,Datem Del Marañon,Barranca
8683.0,8683,Loreto,Datem Del Marañon,Barranca
8684.0,8684,Loreto,Datem Del Marañon,Barranca
8685.0,8685,Loreto,Datem Del Marañon,Barranca
8686.0,8686,Loreto,Datem Del Marañon,Barranca
8687.0,8687,San Martin,Moyobamba,Moyobamba
8688.0,8688,San Martin,Moyobamba,Moyobamba
8689.0,8689,San Martin,Rioja,San Fernando
8690.0,8690,San Martin,Rioja,Yuracyacu
8691.0,8691,San Martin,Rioja,Rioja
8692.0,8692,Amazonas,Rodriguez De Mendoza,Vista Alegre
8693.0,8693,Amazonas,Rodriguez De Mendoza,Vista Alegre
8694.0,8694,San Martin,Huallaga,Alto Saposoa
8695.0,8695,San Martin,Huallaga,Saposoa
8696.0,8696,San Martin,Huallaga,Saposoa
8697.0,8697,San Martin,Huallaga,Saposoa
8698.0,8698,San Martin,Huallaga,Saposoa
8699.0,8699,San Martin,Huallaga,Saposoa
8700.0,8700,San Martin,Huallaga,Saposoa
8701.0,8701,San Martin,Huallaga,Saposoa
8702.0,8702,San Martin,Huallaga,Saposoa
8703.0,8703,San Martin,Mariscal Caceres,Huicungo
8704.0,8704,San Martin,Mariscal Caceres,Huicungo
8705.0,8705,San Martin,Mariscal Caceres,Huicungo
8706.0,8706,San Martin,Mariscal Caceres,Huicungo
8707.0,8707,San Martin,Mariscal Caceres,Huicungo
8708.0,8708,San Martin,Mariscal Caceres,Huicungo
8709.0,8709,San Martin,Mariscal Caceres,Huicungo
8710.0,8710,San Martin,Mariscal Caceres,Huicungo
8711.0,8711,La Libertad,Pataz,Ongon
8712.0,8712,La Libertad,Pataz,Ongon
8713.0,8713,La Libertad,Pataz,Tayabamba
8714.0,8714,La Libertad,Pataz,Tayabamba
8715.0,8715,La Libertad,Pataz,Huancaspata
8716.0,8716,Huanuco,Marañon,Huacrachuco
8717.0,8717,Huanuco,Marañon,Huacrachuco
8718.0,8718,Ancash,Mariscal Luzuriaga,Fidel Olivas Escudero
8719.0,8719,Ancash,Mariscal Luzuriaga,Eleazar Guzman Barron
8720.0,8720,Ancash,Carlos Fermin Fitzcarrald,Yauya
8721.0,8721,Ancash,Carlos Fermin Fitzcarrald,Yauya
8722.0,8722,Ancash,Carlos Fermin Fitzcarrald,San Luis
8723.0,8723,Ancash,Huari,Huari
8724.0,8724,Ancash,Huari,Huari
8725.0,8725,Ancash,Huari,Huantar
8726.0,8726,Ancash,Huari,Chavin De Huantar
8727.0,8727,Ancash,Huari,Chavin De Huantar
8728.0,8728,Ancash,Recuay,Catac
8729.0,8729,Ancash,Recuay,Catac
8730.0,8730,Ancash,Recuay,Catac
8731.0,8731,Ancash,Recuay,Catac
8732.0,8732,Ancash,Bolognesi,Chiquian
8733.0,8733,Ancash,Bolognesi,Ticllos
8734.0,8734,Ancash,Ocros,Llipa
8735.0,8735,Ancash,Ocros,Carhuapampa
8736.0,8736,Lima,Cajatambo,Manas
8737.0,8737,Lima,Cajatambo,Manas
8738.0,8738,Lima,Huaura,Ambar
8739.0,8739,Lima,Huaura,Ambar
8740.0,8740,Lima,Huaura,Sayan
8741.0,8741,Lima,Huaura,Sayan
8742.0,8742,Lima,Huaura,Sayan
8743.0,8743,Lima,Huaura,Sayan
8744.0,8744,Lima,Huaral,Huaral
8745.0,8745,Lima,Huaral,Huaral
8746.0,8746,Lima,Huaral,Chancay
8747.0,8747,Lima,Huaral,Aucallama
8748.0,8748,Lima,Lima,Ancon
8749.0,8749,Callao,Callao,Ventanilla
8750.0,8750,Callao,Callao,Ventanilla
8751.0,8751,Callao,Callao,La Punta
8752.0,8752,Callao,Callao,La Punta
8753.0,8753,Callao,Callao,La Punta
8754.0,8754,Lima,Lima,Chorrillos
8882.0,8882,Loreto,Datem Del Marañon,Morona
8883.0,8883,Loreto,Datem Del Marañon,Morona
8884.0,8884,Loreto,Datem Del Marañon,Morona
8885.0,8885,Loreto,Datem Del Marañon,Morona
8886.0,8886,Loreto,Datem Del Marañon,Morona
8887.0,8887,Loreto,Datem Del Marañon,Morona
8888.0,8888,Loreto,Datem Del Marañon,Manseriche
8889.0,8889,Loreto,Datem Del Marañon,Morona
8890.0,8890,Loreto,Datem Del Marañon,Barranca
8891.0,8891,Loreto,Datem Del Marañon,Cahuapanas
8892.0,8892,Loreto,Datem Del Marañon,Cahuapanas
8893.0,8893,Loreto,Datem Del Marañon,Cahuapanas
8894.0,8894,Loreto,Datem Del Marañon,Cahuapanas
8895.0,8895,Loreto,Datem Del Marañon,Cahuapanas
8896.0,8896,Loreto,Datem Del Marañon,Barranca
8897.0,8897,Loreto,Datem Del Marañon,Barranca
8898.0,8898,San Martin,Moyobamba,Moyobamba
8899.0,8899,San Martin,Moyobamba,Moyobamba
8900.0,8900,San Martin,Rioja,Posic
8901.0,8901,San Martin,Rioja,Rioja
8902.0,8902,San Martin,Rioja,Yorongos
8903.0,8903,San Martin,Moyobamba,Soritor
8904.0,8904,San Martin,Moyobamba,Soritor
8905.0,8905,San Martin,Huallaga,Alto Saposoa
8906.0,8906,San Martin,Huallaga,Saposoa
8907.0,8907,San Martin,Huallaga,Saposoa
8908.0,8908,San Martin,Huallaga,Saposoa
8909.0,8909,San Martin,Huallaga,Saposoa
8910.0,8910,San Martin,Huallaga,Saposoa
8911.0,8911,San Martin,Mariscal Caceres,Pachiza
8912.0,8912,San Martin,Mariscal Caceres,Huicungo
8913.0,8913,San Martin,Mariscal Caceres,Huicungo
8914.0,8914,San Martin,Mariscal Caceres,Huicungo
8915.0,8915,San Martin,Mariscal Caceres,Huicungo
8916.0,8916,San Martin,Mariscal Caceres,Huicungo
8917.0,8917,San Martin,Mariscal Caceres,Huicungo
8918.0,8918,San Martin,Mariscal Caceres,Huicungo
8919.0,8919,San Martin,Mariscal Caceres,Huicungo
8920.0,8920,San Martin,Mariscal Caceres,Huicungo
8921.0,8921,La Libertad,Pataz,Ongon
8922.0,8922,La Libertad,Pataz,Ongon
8923.0,8923,La Libertad,Pataz,Ongon
8924.0,8924,La Libertad,Pataz,Ongon
8925.0,8925,La Libertad,Pataz,Huancaspata
8926.0,8926,Huanuco,Marañon,Huacrachuco
8927.0,8927,Huanuco,Marañon,Huacrachuco
8928.0,8928,Huanuco,Marañon,San Buenaventura
8929.0,8929,Huanuco,Huacaybamba,Canchabamba
8930.0,8930,Ancash,Carlos Fermin Fitzcarrald,San Nicolas
8931.0,8931,Ancash,Carlos Fermin Fitzcarrald,San Nicolas
8932.0,8932,Ancash,Antonio Raymondi,Mirgas
8933.0,8933,Ancash,Huari,Cajay
8934.0,8934,Ancash,Huari,Cajay
8935.0,8935,Ancash,Huari,San Marcos
8936.0,8936,Ancash,Huari,San Marcos
8937.0,8937,Ancash,Huari,San Marcos
8938.0,8938,Ancash,Huari,Chavin De Huantar
8939.0,8939,Ancash,Bolognesi,Aquia
8940.0,8940,Ancash,Bolognesi,Aquia
8941.0,8941,Ancash,Bolognesi,Aquia
8942.0,8942,Ancash,Bolognesi,Chiquian
8943.0,8943,Ancash,Bolognesi,Chiquian
8944.0,8944,Ancash,Bolognesi,Mangas
8945.0,8945,Ancash,Bolognesi,Mangas
8946.0,8946,Lima,Cajatambo,Huancapon
8947.0,8947,Lima,Cajatambo,Manas
8948.0,8948,Lima,Huaura,Ambar
8949.0,8949,Lima,Oyon,Cochamarca
8950.0,8950,Lima,Oyon,Cochamarca
8951.0,8951,Lima,Huaura,Sayan
8952.0,8952,Lima,Huaura,Sayan
8953.0,8953,Lima,Huaura,Sayan
8954.0,8954,Lima,Huaral,Huaral
8955.0,8955,Lima,Huaral,Huaral
8956.0,8956,Lima,Huaral,Aucallama
8957.0,8957,Lima,Huaral,Aucallama
8958.0,8958,Lima,Lima,Ancon
8959.0,8959,Callao,Callao,Ventanilla
8960.0,8960,Callao,Callao,Callao
8961.0,8961,Callao,Callao,Callao
8962.0,8962,Callao,Callao,La Punta
8963.0,8963,Lima,Lima,Chorrillos
8964.0,8964,Lima,Lima,Chorrillos
8965.0,8965,Lima,Lima,Chorrillos
8966.0,8966,Lima,Lima,Pucusana
9095.0,9095,Loreto,Datem Del Marañon,Barranca
9096.0,9096,Loreto,Datem Del Marañon,Barranca
9097.0,9097,Loreto,Datem Del Marañon,Barranca
9098.0,9098,Loreto,Datem Del Marañon,Morona
9099.0,9099,Loreto,Datem Del Marañon,Barranca
9100.0,9100,Loreto,Datem Del Marañon,Barranca
9101.0,9101,Loreto,Datem Del Marañon,Cahuapanas
9102.0,9102,Loreto,Datem Del Marañon,Cahuapanas
9103.0,9103,Loreto,Datem Del Marañon,Cahuapanas
9104.0,9104,Loreto,Datem Del Marañon,Cahuapanas
9105.0,9105,Loreto,Datem Del Marañon,Cahuapanas
9106.0,9106,Loreto,Datem Del Marañon,Cahuapanas
9107.0,9107,Loreto,Datem Del Marañon,Cahuapanas
9108.0,9108,San Martin,Moyobamba,Moyobamba
9109.0,9109,San Martin,Moyobamba,Moyobamba
9110.0,9110,San Martin,Moyobamba,Yantalo
9111.0,9111,San Martin,Moyobamba,Moyobamba
9112.0,9112,San Martin,Moyobamba,Jepelacio
9113.0,9113,San Martin,Moyobamba,Soritor
9114.0,9114,San Martin,Moyobamba,Soritor
9115.0,9115,San Martin,Huallaga,Alto Saposoa
9116.0,9116,San Martin,Huallaga,Alto Saposoa
9117.0,9117,San Martin,Huallaga,Alto Saposoa
9118.0,9118,San Martin,Huallaga,Saposoa
9119.0,9119,San Martin,Mariscal Caceres,Pachiza
9120.0,9120,San Martin,Mariscal Caceres,Pachiza
9121.0,9121,San Martin,Mariscal Caceres,Pachiza
9122.0,9122,San Martin,Mariscal Caceres,Pachiza
9123.0,9123,San Martin,Mariscal Caceres,Huicungo
9124.0,9124,San Martin,Mariscal Caceres,Huicungo
9125.0,9125,San Martin,Mariscal Caceres,Huicungo
9126.0,9126,San Martin,Mariscal Caceres,Huicungo
9127.0,9127,San Martin,Mariscal Caceres,Huicungo
9128.0,9128,San Martin,Mariscal Caceres,Huicungo
9129.0,9129,San Martin,Mariscal Caceres,Huicungo
9130.0,9130,San Martin,Tocache,Polvora
9131.0,9131,San Martin,Tocache,Polvora
9132.0,9132,La Libertad,Pataz,Ongon
9133.0,9133,La Libertad,Pataz,Ongon
9134.0,9134,La Libertad,Pataz,Ongon
9135.0,9135,San Martin,Tocache,Shunte
9136.0,9136,Huanuco,Marañon,Huacrachuco
9137.0,9137,Huanuco,Marañon,Huacrachuco
9138.0,9138,Huanuco,Marañon,Cholon
9139.0,9139,Huanuco,Huacaybamba,Canchabamba
9140.0,9140,Huanuco,Huacaybamba,Pinra
9141.0,9141,Ancash,Antonio Raymondi,Chaccho
9142.0,9142,Ancash,Antonio Raymondi,Chingas
9143.0,9143,Ancash,Antonio Raymondi,San Juan De Rontoy
9144.0,9144,Ancash,Huari,Rahuapampa
9145.0,9145,Ancash,Huari,Huachis
9146.0,9146,Ancash,Huari,San Marcos
9147.0,9147,Ancash,Huari,San Marcos
9148.0,9148,Ancash,Huari,San Marcos
9149.0,9149,Ancash,Bolognesi,Huallanca
9150.0,9150,Ancash,Bolognesi,Aquia
9151.0,9151,Ancash,Bolognesi,Huasta
9152.0,9152,Ancash,Bolognesi,Huasta
9153.0,9153,Ancash,Bolognesi,Pacllon
9154.0,9154,Lima,Cajatambo,Copa
9155.0,9155,Lima,Cajatambo,Cajatambo
9156.0,9156,Lima,Cajatambo,Gorgor
9157.0,9157,Lima,Cajatambo,Gorgor
9158.0,9158,Lima,Oyon,Navan
9159.0,9159,Lima,Oyon,Navan
9160.0,9160,Lima,Oyon,Navan
9161.0,9161,Lima,Huaura,Leoncio Prado
9162.0,9162,Lima,Huaral,Ihuari
9163.0,9163,Lima,Huaral,Ihuari
9164.0,9164,Lima,Huaral,Huaral
9165.0,9165,Lima,Huaral,Aucallama
9166.0,9166,Lima,Huaral,Aucallama
9167.0,9167,Lima,Lima,Ancon
9168.0,9168,Lima,Lima,Ancon
9169.0,9169,Lima,Lima,Carabayllo
9170.0,9170,Lima,Lima,Comas
9171.0,9171,Lima,Lima,Breña
9172.0,9172,Lima,Lima,Chorrillos
9173.0,9173,Lima,Lima,Chorrillos
9174.0,9174,Lima,Lima,Chorrillos
9175.0,9175,Lima,Lima,Lurin
9176.0,9176,Lima,Lima,Pucusana
9177.0,9177,Lima,Lima,Pucusana
9306.0,9306,Loreto,Datem Del Marañon,Barranca
9307.0,9307,Loreto,Datem Del Marañon,Barranca
9308.0,9308,Loreto,Datem Del Marañon,Barranca
9309.0,9309,Loreto,Datem Del Marañon,Barranca
9310.0,9310,Loreto,Datem Del Marañon,Cahuapanas
9311.0,9311,Loreto,Datem Del Marañon,Cahuapanas
9312.0,9312,Loreto,Datem Del Marañon,Cahuapanas
9313.0,9313,Loreto,Datem Del Marañon,Cahuapanas
9314.0,9314,Loreto,Datem Del Marañon,Cahuapanas
9315.0,9315,Loreto,Datem Del Marañon,Cahuapanas
9316.0,9316,Loreto,Datem Del Marañon,Cahuapanas
9317.0,9317,Loreto,Datem Del Marañon,Cahuapanas
9318.0,9318,San Martin,Moyobamba,Moyobamba
9319.0,9319,San Martin,Moyobamba,Moyobamba
9320.0,9320,San Martin,Moyobamba,Moyobamba
9321.0,9321,San Martin,Moyobamba,Moyobamba
9322.0,9322,San Martin,Moyobamba,Jepelacio
9323.0,9323,San Martin,Lamas,Alonso De Alvarado
9324.0,9324,San Martin,Moyobamba,Soritor
9325.0,9325,San Martin,Huallaga,Alto Saposoa
9326.0,9326,San Martin,Huallaga,Alto Saposoa
9327.0,9327,San Martin,Huallaga,Alto Saposoa
9328.0,9328,San Martin,Huallaga,Alto Saposoa
9329.0,9329,San Martin,Huallaga,Saposoa
9330.0,9330,San Martin,Huallaga,Saposoa
9331.0,9331,San Martin,Mariscal Caceres,Pachiza
9332.0,9332,San Martin,Mariscal Caceres,Pachiza
9333.0,9333,San Martin,Mariscal Caceres,Pachiza
9334.0,9334,San Martin,Mariscal Caceres,Huicungo
9335.0,9335,San Martin,Mariscal Caceres,Huicungo
9336.0,9336,San Martin,Mariscal Caceres,Campanilla
9337.0,9337,San Martin,Mariscal Caceres,Campanilla
9338.0,9338,San Martin,Mariscal Caceres,Campanilla
9339.0,9339,San Martin,Mariscal Caceres,Huicungo
9340.0,9340,San Martin,Tocache,Polvora
9341.0,9341,San Martin,Tocache,Polvora
9342.0,9342,La Libertad,Pataz,Ongon
9343.0,9343,La Libertad,Pataz,Ongon
9344.0,9344,La Libertad,Pataz,Ongon
9345.0,9345,San Martin,Tocache,Shunte
9346.0,9346,Huanuco,Marañon,Cholon
9347.0,9347,Huanuco,Marañon,Cholon
9348.0,9348,Huanuco,Marañon,Cholon
9349.0,9349,Huanuco,Huacaybamba,Pinra
9350.0,9350,Huanuco,Huacaybamba,Pinra
9351.0,9351,Huanuco,Huacaybamba,Huacaybamba
9352.0,9352,Ancash,Huari,Uco
9353.0,9353,Ancash,Huari,Anra
9354.0,9354,Ancash,Huari,Ponto
9355.0,9355,Ancash,Huari,San Pedro De Chana
9356.0,9356,Huanuco,Dos De Mayo,Pachas
9357.0,9357,Huanuco,Dos De Mayo,Pachas
9358.0,9358,Ancash,Bolognesi,Huallanca
9359.0,9359,Ancash,Bolognesi,Huallanca
9360.0,9360,Ancash,Bolognesi,Huallanca
9361.0,9361,Ancash,Bolognesi,Huallanca
9362.0,9362,Ancash,Bolognesi,Huasta
9363.0,9363,Ancash,Bolognesi,Pacllon
9364.0,9364,Lima,Cajatambo,Copa
9365.0,9365,Lima,Cajatambo,Cajatambo
9366.0,9366,Lima,Cajatambo,Cajatambo
9367.0,9367,Lima,Cajatambo,Gorgor
9368.0,9368,Lima,Oyon,Andajes
9369.0,9369,Lima,Oyon,Andajes
9370.0,9370,Lima,Huaura,Paccho
9371.0,9371,Lima,Huaura,Leoncio Prado
9372.0,9372,Lima,Huaral,Ihuari
9373.0,9373,Lima,Huaral,Ihuari
9374.0,9374,Lima,Huaral,Sumbilca
9375.0,9375,Lima,Huaral,Aucallama
9376.0,9376,Lima,Huaral,Aucallama
9377.0,9377,Lima,Canta,Huamantanga
9378.0,9378,Lima,Lima,Carabayllo
9379.0,9379,Lima,Lima,Carabayllo
9380.0,9380,Lima,Lima,San Juan De Lurigancho
9381.0,9381,Lima,Lima,Ate
9382.0,9382,Lima,Lima,Villa Maria Del Triunfo
9383.0,9383,Lima,Lima,Villa El Salvador
9384.0,9384,Lima,Lima,Lurin
9385.0,9385,Lima,Lima,Pucusana
9386.0,9386,Lima,Lima,Pucusana
9387.0,9387,Lima,Lima,Pucusana
9388.0,9388,Lima,Lima,Pucusana
9389.0,9389,Lima,Cañete,Asia
9517.0,9517,Loreto,Datem Del Marañon,Barranca
9518.0,9518,Loreto,Datem Del Marañon,Barranca
9519.0,9519,Loreto,Datem Del Marañon,Barranca
9520.0,9520,Loreto,Datem Del Marañon,Barranca
9521.0,9521,Loreto,Datem Del Marañon,Cahuapanas
9522.0,9522,Loreto,Datem Del Marañon,Cahuapanas
9523.0,9523,Loreto,Datem Del Marañon,Cahuapanas
9524.0,9524,Loreto,Datem Del Marañon,Cahuapanas
9525.0,9525,Loreto,Datem Del Marañon,Cahuapanas
9526.0,9526,Loreto,Datem Del Marañon,Cahuapanas
9527.0,9527,Loreto,Datem Del Marañon,Cahuapanas
9528.0,9528,San Martin,Moyobamba,Moyobamba
9529.0,9529,San Martin,Moyobamba,Moyobamba
9530.0,9530,San Martin,Moyobamba,Moyobamba
9531.0,9531,San Martin,Moyobamba,Moyobamba
9532.0,9532,San Martin,Lamas,Alonso De Alvarado
9533.0,9533,San Martin,Lamas,Alonso De Alvarado
9534.0,9534,San Martin,El Dorado,San Martin
9535.0,9535,San Martin,El Dorado,San Martin
9536.0,9536,San Martin,Huallaga,Alto Saposoa
9537.0,9537,San Martin,Huallaga,Alto Saposoa
9538.0,9538,San Martin,Huallaga,Alto Saposoa
9539.0,9539,San Martin,Huallaga,Saposoa
9540.0,9540,San Martin,Huallaga,Saposoa
9541.0,9541,San Martin,Huallaga,Piscoyacu
9542.0,9542,San Martin,Mariscal Caceres,Juanjui
9543.0,9543,San Martin,Mariscal Caceres,Pachiza
9544.0,9544,San Martin,Mariscal Caceres,Pachiza
9545.0,9545,San Martin,Mariscal Caceres,Huicungo
9546.0,9546,San Martin,Mariscal Caceres,Campanilla
9547.0,9547,San Martin,Mariscal Caceres,Campanilla
9548.0,9548,San Martin,Mariscal Caceres,Campanilla
9549.0,9549,San Martin,Mariscal Caceres,Campanilla
9550.0,9550,San Martin,Tocache,Polvora
9551.0,9551,San Martin,Tocache,Polvora
9552.0,9552,San Martin,Tocache,Polvora
9553.0,9553,San Martin,Tocache,Polvora
9554.0,9554,San Martin,Tocache,Shunte
9555.0,9555,San Martin,Tocache,Shunte
9556.0,9556,Huanuco,Marañon,Cholon
9557.0,9557,Huanuco,Marañon,Cholon
9558.0,9558,Huanuco,Marañon,Cholon
9559.0,9559,Huanuco,Huacaybamba,Huacaybamba
9560.0,9560,Huanuco,Huacaybamba,Huacaybamba
9561.0,9561,Huanuco,Huacaybamba,Cochabamba
9562.0,9562,Ancash,Huari,Paucas
9563.0,9563,Ancash,Huari,Paucas
9564.0,9564,Huanuco,Huamalies,Singa
9565.0,9565,Huanuco,Huamalies,Punchao
9566.0,9566,Huanuco,Huamalies,Llata
9567.0,9567,Huanuco,Dos De Mayo,Pachas
9568.0,9568,Huanuco,Dos De Mayo,Ripan
9569.0,9569,Huanuco,Dos De Mayo,Ripan
9570.0,9570,Ancash,Bolognesi,Huallanca
9571.0,9571,Ancash,Bolognesi,Huallanca
9572.0,9572,Huanuco,Lauricocha,Queropalca
9573.0,9573,Huanuco,Lauricocha,Jesús
9574.0,9574,Huanuco,Lauricocha,Jesús
9575.0,9575,Lima,Cajatambo,Cajatambo
9576.0,9576,Lima,Oyon,Oyon
9577.0,9577,Lima,Oyon,Oyon
9578.0,9578,Lima,Oyon,Oyon
9579.0,9579,Lima,Oyon,Pachangara
9580.0,9580,Lima,Huaura,Checras
9581.0,9581,Lima,Huaura,Leoncio Prado
9582.0,9582,Lima,Huaral,Ihuari
9583.0,9583,Lima,Huaral,Lampian
9584.0,9584,Lima,Huaral,Sumbilca
9585.0,9585,Lima,Huaral,Sumbilca
9586.0,9586,Lima,Canta,Huamantanga
9587.0,9587,Lima,Canta,Santa Rosa De Quives
9588.0,9588,Lima,Lima,Carabayllo
9589.0,9589,Lima,Huarochiri,San Antonio
9590.0,9590,Lima,Lima,Lurigancho
9591.0,9591,Lima,Lima,Cieneguilla
9592.0,9592,Lima,Lima,Pachacamac
9593.0,9593,Lima,Lima,Lurin
9594.0,9594,Lima,Lima,Punta Hermosa
9595.0,9595,Lima,Lima,Pucusana
9596.0,9596,Lima,Lima,Pucusana
9597.0,9597,Lima,Lima,Pucusana
9598.0,9598,Lima,Cañete,San Antonio
9599.0,9599,Lima,Cañete,Asia
9600.0,9600,Lima,Cañete,Asia
9727.0,9727,Loreto,Datem Del Marañon,Barranca
9728.0,9728,Loreto,Datem Del Marañon,Barranca
9729.0,9729,Loreto,Datem Del Marañon,Barranca
9730.0,9730,Loreto,Datem Del Marañon,Cahuapanas
9731.0,9731,Loreto,Datem Del Marañon,Cahuapanas
9732.0,9732,Loreto,Datem Del Marañon,Cahuapanas
9733.0,9733,Loreto,Datem Del Marañon,Cahuapanas
9734.0,9734,Loreto,Datem Del Marañon,Cahuapanas
9735.0,9735,Loreto,Alto Amazonas,Balsapuerto
9736.0,9736,Loreto,Alto Amazonas,Balsapuerto
9737.0,9737,Loreto,Alto Amazonas,Balsapuerto
9738.0,9738,Loreto,Alto Amazonas,Balsapuerto
9739.0,9739,Loreto,Alto Amazonas,Balsapuerto
9740.0,9740,San Martin,Moyobamba,Moyobamba
9741.0,9741,San Martin,Lamas,Pinto Recodo
9742.0,9742,San Martin,Lamas,Pinto Recodo
9743.0,9743,San Martin,Lamas,Alonso De Alvarado
9744.0,9744,San Martin,Lamas,Alonso De Alvarado
9745.0,9745,San Martin,El Dorado,San Martin
9746.0,9746,San Martin,El Dorado,Shatoja
9747.0,9747,San Martin,El Dorado,San Jose De Sisa
9748.0,9748,San Martin,El Dorado,Agua Blanca
9749.0,9749,San Martin,Huallaga,Saposoa
9750.0,9750,San Martin,Huallaga,Saposoa
9751.0,9751,San Martin,Huallaga,Sacanche
9752.0,9752,San Martin,Mariscal Caceres,Juanjui
9753.0,9753,San Martin,Mariscal Caceres,Juanjui
9754.0,9754,San Martin,Mariscal Caceres,Huicungo
9755.0,9755,San Martin,Mariscal Caceres,Campanilla
9756.0,9756,San Martin,Mariscal Caceres,Campanilla
9757.0,9757,San Martin,Mariscal Caceres,Campanilla
9758.0,9758,San Martin,Tocache,Polvora
9759.0,9759,San Martin,Mariscal Caceres,Campanilla
9760.0,9760,San Martin,Tocache,Polvora
9761.0,9761,San Martin,Tocache,Polvora
9762.0,9762,San Martin,Tocache,Polvora
9763.0,9763,San Martin,Tocache,Polvora
9764.0,9764,San Martin,Tocache,Shunte
9765.0,9765,San Martin,Tocache,Shunte
9766.0,9766,Huanuco,Marañon,Cholon
9767.0,9767,Huanuco,Marañon,Cholon
9768.0,9768,Huanuco,Marañon,Cholon
9769.0,9769,Huanuco,Marañon,Cholon
9770.0,9770,Huanuco,Huacaybamba,Huacaybamba
9771.0,9771,Huanuco,Huacaybamba,Cochabamba
9772.0,9772,Huanuco,Huamalies,Arancay
9773.0,9773,Ancash,Huari,Rapayan
9774.0,9774,Huanuco,Huamalies,Chavin De Pariarca
9775.0,9775,Huanuco,Huamalies,Chavin De Pariarca
9776.0,9776,Huanuco,Huamalies,Jacas Grande
9777.0,9777,Huanuco,Dos De Mayo,Pachas
9778.0,9778,Huanuco,Dos De Mayo,Sillapata
9779.0,9779,Huanuco,Yarowilca,Obas
9780.0,9780,Huanuco,Lauricocha,Rondos
9781.0,9781,Huanuco,Lauricocha,Baños
9782.0,9782,Huanuco,Lauricocha,Baños
9783.0,9783,Huanuco,Lauricocha,Jesús
9784.0,9784,Huanuco,Lauricocha,San Miguel De Cauri
9785.0,9785,Huanuco,Lauricocha,San Miguel De Cauri
9786.0,9786,Lima,Oyon,Oyon
9787.0,9787,Lima,Oyon,Oyon
9788.0,9788,Lima,Oyon,Oyon
9789.0,9789,Lima,Oyon,Pachangara
9790.0,9790,Lima,Huaura,Santa Leonor
9791.0,9791,Lima,Huaral,Veintisiete De Noviembre
9792.0,9792,Lima,Huaral,Veintisiete De Noviembre
9793.0,9793,Lima,Huaral,Pacaraos
9794.0,9794,Lima,Huaral,Atavillos Bajo
9795.0,9795,Lima,Canta,Huamantanga
9796.0,9796,Lima,Canta,Huamantanga
9797.0,9797,Lima,Canta,Arahuay
9798.0,9798,Lima,Huarochiri,San Antonio
9799.0,9799,Lima,Huarochiri,San Antonio
9800.0,9800,Lima,Lima,Lurigancho
9801.0,9801,Lima,Lima,Cieneguilla
9802.0,9802,Lima,Lima,Pachacamac
9803.0,9803,Lima,Lima,Lurin
9804.0,9804,Lima,Lima,Punta Negra
9805.0,9805,Lima,Cañete,Chilca
9806.0,9806,Lima,Cañete,Chilca
9807.0,9807,Lima,Cañete,San Antonio
9808.0,9808,Lima,Cañete,Mala
9809.0,9809,Lima,Cañete,Asia
9810.0,9810,Lima,Cañete,Asia
9811.0,9811,Lima,Cañete,Cerro Azul
9812.0,9812,Lima,Cañete,Cerro Azul
9937.0,9937,Loreto,Datem Del Marañon,Pastaza
9938.0,9938,Loreto,Datem Del Marañon,Barranca
9939.0,9939,Loreto,Datem Del Marañon,Barranca
9940.0,9940,Loreto,Datem Del Marañon,Cahuapanas
9941.0,9941,Loreto,Datem Del Marañon,Cahuapanas
9942.0,9942,Loreto,Datem Del Marañon,Cahuapanas
9943.0,9943,Loreto,Datem Del Marañon,Cahuapanas
9944.0,9944,Loreto,Datem Del Marañon,Cahuapanas
9945.0,9945,Loreto,Datem Del Marañon,Cahuapanas
9946.0,9946,Loreto,Alto Amazonas,Balsapuerto
9947.0,9947,Loreto,Alto Amazonas,Balsapuerto
9948.0,9948,Loreto,Alto Amazonas,Balsapuerto
9949.0,9949,Loreto,Alto Amazonas,Balsapuerto
9950.0,9950,Loreto,Alto Amazonas,Balsapuerto
9951.0,9951,San Martin,Lamas,San Roque De Cumbaza
9952.0,9952,San Martin,Lamas,Pinto Recodo
9953.0,9953,San Martin,Lamas,Pinto Recodo
9954.0,9954,San Martin,Lamas,Tabalosos
9955.0,9955,San Martin,Lamas,Tabalosos
9956.0,9956,San Martin,El Dorado,San Jose De Sisa
9957.0,9957,San Martin,El Dorado,San Jose De Sisa
9958.0,9958,San Martin,El Dorado,Santa Rosa
9959.0,9959,San Martin,Bellavista,San Pablo
9960.0,9960,San Martin,Bellavista,Bellavista
9961.0,9961,San Martin,Huallaga,Tingo De Saposoa
9962.0,9962,San Martin,Mariscal Caceres,Pajarillo
9963.0,9963,San Martin,Mariscal Caceres,Pajarillo
9964.0,9964,San Martin,Mariscal Caceres,Pajarillo
9965.0,9965,San Martin,Mariscal Caceres,Campanilla
9966.0,9966,San Martin,Mariscal Caceres,Campanilla
9967.0,9967,San Martin,Mariscal Caceres,Campanilla
9968.0,9968,San Martin,Tocache,Polvora
9969.0,9969,San Martin,Tocache,Polvora
9970.0,9970,San Martin,Tocache,Polvora
9971.0,9971,San Martin,Tocache,Polvora
9972.0,9972,San Martin,Tocache,Polvora
9973.0,9973,San Martin,Tocache,Tocache
9974.0,9974,San Martin,Tocache,Tocache
9975.0,9975,San Martin,Tocache,Tocache
9976.0,9976,San Martin,Tocache,Uchiza
9977.0,9977,Huanuco,Marañon,Cholon
9978.0,9978,Huanuco,Marañon,Cholon
9979.0,9979,Huanuco,Marañon,Santa Rosa De Alto Yanajanca
9980.0,9980,Huanuco,Marañon,Santa Rosa De Alto Yanajanca
9981.0,9981,Huanuco,Huacaybamba,Cochabamba
9982.0,9982,Huanuco,Huamalies,Jircan
9983.0,9983,Huanuco,Huamalies,Jircan
9984.0,9984,Huanuco,Huamalies,Tantamayo
9985.0,9985,Huanuco,Huamalies,Tantamayo
9986.0,9986,Huanuco,Huamalies,Jacas Grande
9987.0,9987,Huanuco,Dos De Mayo,Chuquis
9988.0,9988,Huanuco,Yarowilca,Aparicio Pomares
9989.0,9989,Huanuco,Yarowilca,Cahuac
9990.0,9990,Huanuco,Lauricocha,Rondos
9991.0,9991,Huanuco,Lauricocha,Jesús
9992.0,9992,Huanuco,Lauricocha,San Miguel De Cauri
9993.0,9993,Huanuco,Lauricocha,San Miguel De Cauri
9994.0,9994,Huanuco,Lauricocha,San Miguel De Cauri
9995.0,9995,Pasco,Daniel Alcides Carrion,Yanahuanca
9996.0,9996,Pasco,Daniel Alcides Carrion,Yanahuanca
9997.0,9997,Pasco,Daniel Alcides Carrion,Yanahuanca
9998.0,9998,Lima,Oyon,Oyon
9999.0,9999,Lima,Oyon,Oyon
10000.0,10000,Lima,Huaura,Santa Leonor
10001.0,10001,Lima,Huaral,Pacaraos
10002.0,10002,Lima,Huaral,Pacaraos
10003.0,10003,Lima,Huaral,Atavillos Alto
10004.0,10004,Lima,Canta,San Buenaventura
10005.0,10005,Lima,Canta,San Buenaventura
10006.0,10006,Lima,Canta,Lachaqui
10007.0,10007,Lima,Canta,Arahuay
10008.0,10008,Lima,Huarochiri,San Antonio
10009.0,10009,Lima,Huarochiri,Santa Eulalia
10010.0,10010,Lima,Lima,Lurigancho
10011.0,10011,Lima,Huarochiri,Antioquia
10012.0,10012,Lima,Huarochiri,Santo Domingo De Los Olleros
10013.0,10013,Lima,Lima,Punta Negra
10014.0,10014,Lima,Huarochiri,Santo Domingo De Los Olleros
10015.0,10015,Lima,Cañete,Chilca
10016.0,10016,Lima,Cañete,Santa Cruz De Flores
10017.0,10017,Lima,Cañete,San Antonio
10018.0,10018,Lima,Cañete,Asia
10019.0,10019,Lima,Cañete,Asia
10020.0,10020,Lima,Cañete,Cerro Azul
10021.0,10021,Lima,Cañete,Cerro Azul
10022.0,10022,Lima,Cañete,Cerro Azul
10023.0,10023,Lima,Cañete,Cerro Azul
10024.0,10024,Lima,Cañete,San Vicente De Cañete
10147.0,10147,Loreto,Datem Del Marañon,Pastaza
10148.0,10148,Loreto,Datem Del Marañon,Pastaza
10149.0,10149,Loreto,Datem Del Marañon,Barranca
10150.0,10150,Loreto,Datem Del Marañon,Cahuapanas
10151.0,10151,Loreto,Datem Del Marañon,Cahuapanas
10152.0,10152,Loreto,Datem Del Marañon,Cahuapanas
10153.0,10153,Loreto,Alto Amazonas,Jeberos
10154.0,10154,Loreto,Alto Amazonas,Jeberos
10155.0,10155,Loreto,Alto Amazonas,Jeberos
10156.0,10156,Loreto,Alto Amazonas,Balsapuerto
10157.0,10157,Loreto,Alto Amazonas,Balsapuerto
10158.0,10158,Loreto,Alto Amazonas,Balsapuerto
10159.0,10159,Loreto,Alto Amazonas,Balsapuerto
10160.0,10160,Loreto,Alto Amazonas,Balsapuerto
10161.0,10161,Loreto,Alto Amazonas,Yurimaguas
10162.0,10162,San Martin,Lamas,San Roque De Cumbaza
10163.0,10163,San Martin,Lamas,San Roque De Cumbaza
10164.0,10164,San Martin,Lamas,San Roque De Cumbaza
10165.0,10165,San Martin,Lamas,Lamas
10166.0,10166,San Martin,Lamas,Zapatero
10167.0,10167,San Martin,Lamas,Cuñumbuqui
10168.0,10168,San Martin,El Dorado,Santa Rosa
10169.0,10169,San Martin,Bellavista,San Pablo
10170.0,10170,San Martin,Bellavista,Bellavista
10171.0,10171,San Martin,Bellavista,Bellavista
10172.0,10172,San Martin,Bellavista,Bajo Biavo
10173.0,10173,San Martin,Bellavista,Bajo Biavo
10174.0,10174,San Martin,Bellavista,Huallaga
10175.0,10175,San Martin,Bellavista,Huallaga
10176.0,10176,San Martin,Bellavista,Alto Biavo
10177.0,10177,San Martin,Bellavista,Alto Biavo
10178.0,10178,San Martin,Bellavista,Alto Biavo
10179.0,10179,San Martin,Bellavista,Alto Biavo
10180.0,10180,San Martin,Bellavista,Alto Biavo
10181.0,10181,San Martin,Tocache,Polvora
10182.0,10182,San Martin,Tocache,Tocache
10183.0,10183,San Martin,Tocache,Tocache
10184.0,10184,San Martin,Tocache,Tocache
10185.0,10185,San Martin,Tocache,Tocache
10186.0,10186,San Martin,Tocache,Uchiza
10187.0,10187,Huanuco,Marañon,Cholon
10188.0,10188,Huanuco,Marañon,Santa Rosa De Alto Yanajanca
10189.0,10189,Huanuco,Marañon,Santa Rosa De Alto Yanajanca
10190.0,10190,Huanuco,Marañon,La Morada
10191.0,10191,Huanuco,Huacaybamba,Cochabamba
10192.0,10192,Huanuco,Huacaybamba,Cochabamba
10193.0,10193,Huanuco,Huamalies,Jircan
10194.0,10194,Huanuco,Huamalies,Monzon
10195.0,10195,Huanuco,Huamalies,Monzon
10196.0,10196,Huanuco,Dos De Mayo,Marias
10197.0,10197,Huanuco,Dos De Mayo,Chuquis
10198.0,10198,Huanuco,Yarowilca,Chavinillo
10199.0,10199,Huanuco,Yarowilca,Chavinillo
10200.0,10200,Huanuco,Huanuco,Yacus
10201.0,10201,Huanuco,Huanuco,Margos
10202.0,10202,Huanuco,Lauricocha,San Miguel De Cauri
10203.0,10203,Huanuco,Lauricocha,San Miguel De Cauri
10204.0,10204,Huanuco,Lauricocha,San Miguel De Cauri
10205.0,10205,Pasco,Daniel Alcides Carrion,Yanahuanca
10206.0,10206,Pasco,Daniel Alcides Carrion,Yanahuanca
10207.0,10207,Pasco,Daniel Alcides Carrion,Yanahuanca
10208.0,10208,Pasco,Pasco,Simon Bolivar
10209.0,10209,Pasco,Pasco,Huayllay
10210.0,10210,Pasco,Pasco,Huayllay
10211.0,10211,Lima,Huaral,Pacaraos
10212.0,10212,Lima,Huaral,Santa Cruz De Andamarca
10213.0,10213,Lima,Huaral,Atavillos Alto
10214.0,10214,Lima,Canta,Huaros
10215.0,10215,Lima,Canta,Canta
10216.0,10216,Lima,Canta,Lachaqui
10217.0,10217,Lima,Huarochiri,Laraos
10218.0,10218,Lima,Huarochiri,San Pedro De Casta
10219.0,10219,Lima,Huarochiri,San Mateo De Otao
10220.0,10220,Lima,Huarochiri,Santiago De Tuna
10221.0,10221,Lima,Huarochiri,Antioquia
10222.0,10222,Lima,Huarochiri,Santo Domingo De Los Olleros
10223.0,10223,Lima,Huarochiri,Santo Domingo De Los Olleros
10224.0,10224,Lima,Cañete,Chilca
10225.0,10225,Lima,Cañete,Chilca
10226.0,10226,Lima,Cañete,Calango
10227.0,10227,Lima,Cañete,Coayllo
10228.0,10228,Lima,Cañete,Asia
10229.0,10229,Lima,Cañete,Asia
10230.0,10230,Lima,Cañete,Cerro Azul
10231.0,10231,Lima,Cañete,Cerro Azul
10232.0,10232,Lima,Cañete,San Luis
10233.0,10233,Lima,Cañete,San Vicente De Cañete
10234.0,10234,Lima,Cañete,San Vicente De Cañete
10235.0,10235,Lima,Cañete,San Vicente De Cañete
10236.0,10236,Ica,Pisco,Paracas
10237.0,10237,Ica,Pisco,Paracas
10357.0,10357,Loreto,Datem Del Marañon,Pastaza
10358.0,10358,Loreto,Datem Del Marañon,Pastaza
10359.0,10359,Loreto,Datem Del Marañon,Pastaza
10360.0,10360,Loreto,Datem Del Marañon,Barranca
10361.0,10361,Loreto,Alto Amazonas,Jeberos
10362.0,10362,Loreto,Alto Amazonas,Jeberos
10363.0,10363,Loreto,Alto Amazonas,Jeberos
10364.0,10364,Loreto,Alto Amazonas,Jeberos
10365.0,10365,Loreto,Alto Amazonas,Jeberos
10366.0,10366,Loreto,Alto Amazonas,Balsapuerto
10367.0,10367,Loreto,Alto Amazonas,Balsapuerto
10368.0,10368,Loreto,Alto Amazonas,Balsapuerto
10369.0,10369,Loreto,Alto Amazonas,Balsapuerto
10370.0,10370,Loreto,Alto Amazonas,Balsapuerto
10371.0,10371,Loreto,Alto Amazonas,Yurimaguas
10372.0,10372,Loreto,Alto Amazonas,Yurimaguas
10373.0,10373,San Martin,Lamas,San Roque De Cumbaza
10374.0,10374,San Martin,Lamas,San Roque De Cumbaza
10375.0,10375,San Martin,San Martin,Cacatachi
10376.0,10376,San Martin,Lamas,Cuñumbuqui
10377.0,10377,San Martin,Lamas,Cuñumbuqui
10378.0,10378,San Martin,Picota,Buenos Aires
10379.0,10379,San Martin,Picota,Pucacaca
10380.0,10380,San Martin,Picota,Caspisapa
10381.0,10381,San Martin,Bellavista,San Rafael
10382.0,10382,San Martin,Bellavista,Bajo Biavo
10383.0,10383,San Martin,Bellavista,Alto Biavo
10384.0,10384,San Martin,Bellavista,Alto Biavo
10385.0,10385,San Martin,Bellavista,Alto Biavo
10386.0,10386,San Martin,Bellavista,Alto Biavo
10387.0,10387,San Martin,Bellavista,Alto Biavo
10388.0,10388,San Martin,Bellavista,Alto Biavo
10389.0,10389,San Martin,Bellavista,Alto Biavo
10390.0,10390,San Martin,Bellavista,Alto Biavo
10391.0,10391,San Martin,Bellavista,Alto Biavo
10392.0,10392,San Martin,Tocache,Tocache
10393.0,10393,San Martin,Tocache,Tocache
10394.0,10394,San Martin,Tocache,Tocache
10395.0,10395,San Martin,Tocache,Uchiza
10396.0,10396,San Martin,Tocache,Uchiza
10397.0,10397,Huanuco,Marañon,Santa Rosa De Alto Yanajanca
10398.0,10398,Huanuco,Marañon,Santa Rosa De Alto Yanajanca
10399.0,10399,Huanuco,Marañon,Santa Rosa De Alto Yanajanca
10400.0,10400,Huanuco,Marañon,La Morada
10401.0,10401,Huanuco,Leoncio Prado,Jose Crespo Y Castillo
10402.0,10402,Huanuco,Leoncio Prado,Jose Crespo Y Castillo
10403.0,10403,Huanuco,Huamalies,Monzon
10404.0,10404,Huanuco,Huamalies,Monzon
10405.0,10405,Huanuco,Huamalies,Monzon
10406.0,10406,Huanuco,Dos De Mayo,Marias
10407.0,10407,Huanuco,Dos De Mayo,Marias
10408.0,10408,Huanuco,Huanuco,Santa Maria Del Valle
10409.0,10409,Huanuco,Huanuco,Quisqui
10410.0,10410,Huanuco,Huanuco,Yarumayo
10411.0,10411,Huanuco,Huanuco,San Pedro De Chaulan
10412.0,10412,Huanuco,Huanuco,San Pedro De Chaulan
10413.0,10413,Huanuco,Ambo,Colpas
10414.0,10414,Pasco,Daniel Alcides Carrion,Paucar
10415.0,10415,Pasco,Daniel Alcides Carrion,Tapuc
10416.0,10416,Pasco,Daniel Alcides Carrion,Vilcabamba
10417.0,10417,Pasco,Pasco,Simon Bolivar
10418.0,10418,Pasco,Pasco,Simon Bolivar
10419.0,10419,Pasco,Pasco,Huayllay
10420.0,10420,Pasco,Pasco,Huayllay
10421.0,10421,Pasco,Pasco,Huayllay
10422.0,10422,Junin,Yauli,Santa Barbara De Carhuacayán
10423.0,10423,Junin,Yauli,Santa Barbara De Carhuacayán
10424.0,10424,Lima,Canta,Huaros
10425.0,10425,Lima,Canta,Huaros
10426.0,10426,Lima,Huarochiri,Huanza
10427.0,10427,Lima,Huarochiri,Carampoma
10428.0,10428,Lima,Huarochiri,San Juan De Iris
10429.0,10429,Lima,Huarochiri,Surco
10430.0,10430,Lima,Huarochiri,San Andres De Tupicocha
10431.0,10431,Lima,Huarochiri,Antioquia
10432.0,10432,Lima,Huarochiri,Cuenca
10433.0,10433,Lima,Huarochiri,Santo Domingo De Los Olleros
10434.0,10434,Lima,Huarochiri,Santo Domingo De Los Olleros
10435.0,10435,Lima,Cañete,Calango
10436.0,10436,Lima,Cañete,Calango
10437.0,10437,Lima,Cañete,Coayllo
10438.0,10438,Lima,Cañete,Coayllo
10439.0,10439,Lima,Cañete,Asia
10440.0,10440,Lima,Cañete,Cerro Azul
10441.0,10441,Lima,Cañete,San Luis
10442.0,10442,Lima,Cañete,San Vicente De Cañete
10443.0,10443,Lima,Cañete,San Vicente De Cañete
10444.0,10444,Lima,Cañete,San Vicente De Cañete
10445.0,10445,Lima,Cañete,San Vicente De Cañete
10446.0,10446,Ica,Pisco,San Clemente
10447.0,10447,Ica,Pisco,Paracas
10448.0,10448,Ica,Pisco,Paracas
10449.0,10449,Ica,Pisco,Paracas
10450.0,10450,Ica,Pisco,Paracas
10451.0,10451,Ica,Pisco,Paracas
10567.0,10567,Loreto,Datem Del Marañon,Pastaza
10568.0,10568,Loreto,Datem Del Marañon,Pastaza
10569.0,10569,Loreto,Datem Del Marañon,Pastaza
10570.0,10570,Loreto,Datem Del Marañon,Pastaza
10571.0,10571,Loreto,Alto Amazonas,Jeberos
10572.0,10572,Loreto,Alto Amazonas,Jeberos
10573.0,10573,Loreto,Alto Amazonas,Jeberos
10574.0,10574,Loreto,Alto Amazonas,Jeberos
10575.0,10575,Loreto,Alto Amazonas,Jeberos
10576.0,10576,Loreto,Alto Amazonas,Balsapuerto
10577.0,10577,Loreto,Alto Amazonas,Balsapuerto
10578.0,10578,Loreto,Alto Amazonas,Balsapuerto
10579.0,10579,Loreto,Alto Amazonas,Balsapuerto
10580.0,10580,Loreto,Alto Amazonas,Yurimaguas
10581.0,10581,Loreto,Alto Amazonas,Yurimaguas
10582.0,10582,San Martin,Lamas,Caynarachi
10583.0,10583,San Martin,Lamas,Caynarachi
10584.0,10584,San Martin,San Martin,San Antonio
10585.0,10585,San Martin,San Martin,Tarapoto
10586.0,10586,San Martin,San Martin,La Banda De Shilcayo
10587.0,10587,San Martin,San Martin,Juan Guerra
10588.0,10588,San Martin,Picota,Buenos Aires
10589.0,10589,San Martin,Picota,Pucacaca
10590.0,10590,San Martin,Picota,Picota
10591.0,10591,San Martin,Bellavista,Bajo Biavo
10592.0,10592,San Martin,Bellavista,Bajo Biavo
10593.0,10593,San Martin,Bellavista,Alto Biavo
10594.0,10594,San Martin,Bellavista,Alto Biavo
10595.0,10595,San Martin,Bellavista,Alto Biavo
10596.0,10596,San Martin,Bellavista,Alto Biavo
10597.0,10597,San Martin,Bellavista,Alto Biavo
10598.0,10598,San Martin,Bellavista,Alto Biavo
10599.0,10599,San Martin,Bellavista,Alto Biavo
10600.0,10600,San Martin,Bellavista,Alto Biavo
10601.0,10601,San Martin,Bellavista,Alto Biavo
10602.0,10602,San Martin,Tocache,Tocache
10603.0,10603,San Martin,Tocache,Uchiza
10604.0,10604,San Martin,Tocache,Uchiza
10605.0,10605,Huanuco,Marañon,Cholon
10606.0,10606,Huanuco,Marañon,Cholon
10607.0,10607,Huanuco,Marañon,Santa Rosa De Alto Yanajanca
10608.0,10608,Huanuco,Marañon,Santa Rosa De Alto Yanajanca
10609.0,10609,Huanuco,Marañon,La Morada
10610.0,10610,Huanuco,Marañon,La Morada
10611.0,10611,Huanuco,Leoncio Prado,Jose Crespo Y Castillo
10612.0,10612,Huanuco,Leoncio Prado,Jose Crespo Y Castillo
10613.0,10613,Huanuco,Huamalies,Monzon
10614.0,10614,Huanuco,Huamalies,Monzon
10615.0,10615,Huanuco,Dos De Mayo,Marias
10616.0,10616,Huanuco,Huanuco,Churubamba
10617.0,10617,Huanuco,Huanuco,Churubamba
10618.0,10618,Huanuco,Huanuco,Santa Maria Del Valle
10619.0,10619,Huanuco,Huanuco,Huanuco
10620.0,10620,Huanuco,Huanuco,San Francisco De Cayran
10621.0,10621,Huanuco,Huanuco,San Francisco De Cayran
10622.0,10622,Huanuco,Ambo,Cayna
10623.0,10623,Huanuco,Ambo,Cayna
10624.0,10624,Pasco,Daniel Alcides Carrion,Chacayan
10625.0,10625,Pasco,Daniel Alcides Carrion,Santa Ana De Tusi
10626.0,10626,Pasco,Daniel Alcides Carrion,Chacayan
10627.0,10627,Pasco,Pasco,Simon Bolivar
10628.0,10628,Pasco,Pasco,Simon Bolivar
10629.0,10629,Pasco,Pasco,Huayllay
10630.0,10630,Pasco,Pasco,Huayllay
10631.0,10631,Pasco,Pasco,Huayllay
10632.0,10632,Junin,Yauli,Santa Barbara De Carhuacayán
10633.0,10633,Junin,Yauli,Marcapomacocha
10634.0,10634,Junin,Yauli,Marcapomacocha
10635.0,10635,Junin,Yauli,Marcapomacocha
10636.0,10636,Lima,Huarochiri,Carampoma
10637.0,10637,Lima,Huarochiri,Carampoma
10638.0,10638,Lima,Huarochiri,San Mateo
10639.0,10639,Lima,Huarochiri,Matucana
10640.0,10640,Lima,Huarochiri,San Damian
10641.0,10641,Lima,Huarochiri,San Damian
10642.0,10642,Lima,Huarochiri,Langa
10643.0,10643,Lima,Huarochiri,Mariatana
10644.0,10644,Lima,Yauyos,Quinocay
10645.0,10645,Lima,Cañete,Calango
10646.0,10646,Lima,Cañete,Coayllo
10647.0,10647,Lima,Cañete,Coayllo
10648.0,10648,Lima,Cañete,Coayllo
10649.0,10649,Lima,Cañete,Quilmana
10650.0,10650,Lima,Cañete,Quilmana
10651.0,10651,Lima,Cañete,Imperial
10652.0,10652,Lima,Cañete,San Vicente De Cañete
10653.0,10653,Lima,Cañete,San Vicente De Cañete
10654.0,10654,Lima,Cañete,San Vicente De Cañete
10655.0,10655,Ica,Chincha,Grocio Prado
10656.0,10656,Ica,Chincha,El Carmen
10657.0,10657,Ica,Pisco,Pisco
10658.0,10658,Ica,Pisco,Paracas
10659.0,10659,Ica,Pisco,Paracas
10660.0,10660,Ica,Pisco,Paracas
10661.0,10661,Ica,Pisco,Paracas
10662.0,10662,Ica,Pisco,Paracas
10663.0,10663,Ica,Pisco,Paracas
10664.0,10664,Ica,Pisco,Paracas
10665.0,10665,Ica,Pisco,Paracas
10777.0,10777,Loreto,Datem Del Marañon,Pastaza
10778.0,10778,Loreto,Datem Del Marañon,Pastaza
10779.0,10779,Loreto,Datem Del Marañon,Pastaza
10780.0,10780,Loreto,Datem Del Marañon,Barranca
10781.0,10781,Loreto,Alto Amazonas,Jeberos
10782.0,10782,Loreto,Alto Amazonas,Jeberos
10783.0,10783,Loreto,Alto Amazonas,Jeberos
10784.0,10784,Loreto,Alto Amazonas,Jeberos
10785.0,10785,Loreto,Alto Amazonas,Jeberos
10786.0,10786,Loreto,Alto Amazonas,Yurimaguas
10787.0,10787,Loreto,Alto Amazonas,Yurimaguas
10788.0,10788,Loreto,Alto Amazonas,Yurimaguas
10789.0,10789,Loreto,Alto Amazonas,Yurimaguas
10790.0,10790,Loreto,Alto Amazonas,Yurimaguas
10791.0,10791,Loreto,Alto Amazonas,Yurimaguas
10792.0,10792,San Martin,Lamas,Caynarachi
10793.0,10793,San Martin,Lamas,Caynarachi
10794.0,10794,San Martin,Lamas,Caynarachi
10795.0,10795,San Martin,San Martin,La Banda De Shilcayo
10796.0,10796,San Martin,San Martin,Shapaja
10797.0,10797,San Martin,San Martin,Alberto Leveau
10798.0,10798,San Martin,San Martin,Sauce
10799.0,10799,San Martin,Picota,Pucacaca
10800.0,10800,San Martin,Picota,Tingo De Ponasa
10801.0,10801,San Martin,Picota,Tingo De Ponasa
10802.0,10802,San Martin,Bellavista,Bajo Biavo
10803.0,10803,San Martin,Bellavista,Bajo Biavo
10804.0,10804,San Martin,Bellavista,Bajo Biavo
10805.0,10805,San Martin,Bellavista,Alto Biavo
10806.0,10806,San Martin,Bellavista,Alto Biavo
10807.0,10807,San Martin,Bellavista,Alto Biavo
10808.0,10808,San Martin,Bellavista,Alto Biavo
10809.0,10809,San Martin,Bellavista,Alto Biavo
10810.0,10810,San Martin,Bellavista,Alto Biavo
10811.0,10811,San Martin,Bellavista,Alto Biavo
10812.0,10812,San Martin,Bellavista,Alto Biavo
10813.0,10813,San Martin,Tocache,Uchiza
10814.0,10814,San Martin,Tocache,Uchiza
10815.0,10815,San Martin,Tocache,Nuevo Progreso
10816.0,10816,San Martin,Tocache,Nuevo Progreso
10817.0,10817,San Martin,Tocache,Nuevo Progreso
10818.0,10818,Huanuco,Marañon,La Morada
10819.0,10819,Huanuco,Marañon,La Morada
10820.0,10820,Huanuco,Marañon,La Morada
10821.0,10821,Huanuco,Leoncio Prado,Jose Crespo Y Castillo
10822.0,10822,Huanuco,Huamalies,Monzon
10823.0,10823,Huanuco,Huamalies,Monzon
10824.0,10824,Huanuco,Huamalies,Monzon
10825.0,10825,Huanuco,Dos De Mayo,Marias
10826.0,10826,Huanuco,Huanuco,Churubamba
10827.0,10827,Huanuco,Huanuco,Chinchao
10828.0,10828,Huanuco,Huanuco,Churubamba
10829.0,10829,Huanuco,Huanuco,Santa Maria Del Valle
10830.0,10830,Huanuco,Huanuco,Pillco Marca
10831.0,10831,Huanuco,Ambo,Conchamarca
10832.0,10832,Huanuco,Ambo,Huacar
10833.0,10833,Huanuco,Ambo,Huacar
10834.0,10834,Huanuco,Ambo,San Rafael
10835.0,10835,Pasco,Pasco,Pallanchacra
10836.0,10836,Pasco,Pasco,San Francisco De Asis De Yarusyacan
10837.0,10837,Pasco,Pasco,San Francisco De Asis De Yarusyacan
10838.0,10838,Pasco,Pasco,Tinyahuarco
10839.0,10839,Pasco,Pasco,Vicco
10840.0,10840,Junin,Junin,Ondores
10841.0,10841,Pasco,Pasco,Huayllay
10842.0,10842,Junin,Yauli,Santa Barbara De Carhuacayán
10843.0,10843,Junin,Yauli,Santa Barbara De Carhuacayán
10844.0,10844,Junin,Yauli,Marcapomacocha
10845.0,10845,Junin,Yauli,Marcapomacocha
10846.0,10846,Junin,Yauli,Marcapomacocha
10847.0,10847,Lima,Huarochiri,Chicla
10848.0,10848,Lima,Huarochiri,Chicla
10849.0,10849,Lima,Huarochiri,San Mateo
10850.0,10850,Lima,Huarochiri,San Damian
10851.0,10851,Lima,Huarochiri,Santiago De Anchucaya
10852.0,10852,Lima,Huarochiri,Huarochiri
10853.0,10853,Lima,Huarochiri,Sangallaya
10854.0,10854,Lima,Yauyos,Quinocay
10855.0,10855,Lima,Yauyos,Omas
10856.0,10856,Lima,Yauyos,Omas
10857.0,10857,Lima,Yauyos,Tauripampa
10858.0,10858,Lima,Yauyos,Tauripampa
10859.0,10859,Lima,Cañete,Nuevo Imperial
10860.0,10860,Lima,Cañete,Nuevo Imperial
10861.0,10861,Lima,Cañete,Nuevo Imperial
10862.0,10862,Lima,Cañete,San Vicente De Cañete
10863.0,10863,Lima,Cañete,San Vicente De Cañete
10864.0,10864,Ica,Chincha,Grocio Prado
10865.0,10865,Ica,Chincha,Tambo De Mora
10866.0,10866,Ica,Chincha,Chincha Baja
10867.0,10867,Ica,Pisco,San Clemente
10868.0,10868,Ica,Pisco,Paracas
10869.0,10869,Ica,Pisco,Paracas
10870.0,10870,Ica,Pisco,Paracas
10871.0,10871,Ica,Pisco,Paracas
10872.0,10872,Ica,Pisco,Paracas
10873.0,10873,Ica,Pisco,Paracas
10874.0,10874,Ica,Pisco,Paracas
10875.0,10875,Ica,Pisco,Paracas
10876.0,10876,Ica,Pisco,Paracas
10877.0,10877,Ica,Ica,Ocucaje
10987.0,10987,Loreto,Alto Amazonas,Lagunas
10988.0,10988,Loreto,Alto Amazonas,Lagunas
10989.0,10989,Loreto,Datem Del Marañon,Pastaza
10990.0,10990,Loreto,Datem Del Marañon,Barranca
10991.0,10991,Loreto,Alto Amazonas,Jeberos
10992.0,10992,Loreto,Alto Amazonas,Jeberos
10993.0,10993,Loreto,Alto Amazonas,Jeberos
10994.0,10994,Loreto,Alto Amazonas,Jeberos
10995.0,10995,Loreto,Alto Amazonas,Jeberos
10996.0,10996,Loreto,Alto Amazonas,Jeberos
10997.0,10997,Loreto,Alto Amazonas,Yurimaguas
10998.0,10998,Loreto,Alto Amazonas,Yurimaguas
10999.0,10999,Loreto,Alto Amazonas,Yurimaguas
11000.0,11000,Loreto,Alto Amazonas,Yurimaguas
11001.0,11001,Loreto,Alto Amazonas,Yurimaguas
11002.0,11002,San Martin,Lamas,Barranquita
11003.0,11003,San Martin,Lamas,Barranquita
11004.0,11004,San Martin,Lamas,Barranquita
11005.0,11005,San Martin,Lamas,Barranquita
11006.0,11006,San Martin,San Martin,Chazuta
11007.0,11007,San Martin,San Martin,Shapaja
11008.0,11008,San Martin,Picota,Tres-Unidos
11009.0,11009,San Martin,Picota,Tres-Unidos
11010.0,11010,San Martin,Picota,Shamboyacu
11011.0,11011,San Martin,Picota,Tingo De Ponasa
11012.0,11012,San Martin,Picota,Shamboyacu
11013.0,11013,Loreto,Ucayali,Pampa Hermosa
11014.0,11014,Loreto,Ucayali,Pampa Hermosa
11015.0,11015,Loreto,Ucayali,Pampa Hermosa
11016.0,11016,San Martin,Bellavista,Alto Biavo
11017.0,11017,San Martin,Bellavista,Alto Biavo
11018.0,11018,San Martin,Bellavista,Alto Biavo
11019.0,11019,San Martin,Bellavista,Alto Biavo
11020.0,11020,San Martin,Bellavista,Alto Biavo
11021.0,11021,San Martin,Bellavista,Alto Biavo
11022.0,11022,San Martin,Bellavista,Alto Biavo
11023.0,11023,San Martin,Bellavista,Alto Biavo
11024.0,11024,San Martin,Bellavista,Alto Biavo
11025.0,11025,San Martin,Tocache,Nuevo Progreso
11026.0,11026,San Martin,Tocache,Nuevo Progreso
11027.0,11027,San Martin,Tocache,Nuevo Progreso
11028.0,11028,Huanuco,Leoncio Prado,Pucayacu
11029.0,11029,Huanuco,Leoncio Prado,Jose Crespo Y Castillo
11030.0,11030,Huanuco,Leoncio Prado,Jose Crespo Y Castillo
11031.0,11031,Huanuco,Leoncio Prado,Pueblo Nuevo
11032.0,11032,Huanuco,Leoncio Prado,Rupa-Rupa
11033.0,11033,Huanuco,Huamalies,Monzon
11034.0,11034,Huanuco,Leoncio Prado,Mariano Damaso Beraún
11035.0,11035,Huanuco,Leoncio Prado,Mariano Damaso Beraún
11036.0,11036,Huanuco,Huanuco,Chinchao
11037.0,11037,Huanuco,Huanuco,Chinchao
11038.0,11038,Huanuco,Huanuco,Chinchao
11039.0,11039,Huanuco,Huanuco,Santa Maria Del Valle
11040.0,11040,Huanuco,Huanuco,Amarilis
11041.0,11041,Huanuco,Ambo,Conchamarca
11042.0,11042,Huanuco,Ambo,Ambo
11043.0,11043,Huanuco,Ambo,San Rafael
11044.0,11044,Huanuco,Ambo,San Rafael
11045.0,11045,Pasco,Pasco,Huariaca
11046.0,11046,Pasco,Pasco,Ticlacayan
11047.0,11047,Pasco,Pasco,Ticlacayan
11048.0,11048,Pasco,Pasco,Ticlacayan
11049.0,11049,Pasco,Pasco,Ninacaca
11050.0,11050,Junin,Junin,Ondores
11051.0,11051,Junin,Junin,Ondores
11052.0,11052,Junin,Junin,Ondores
11053.0,11053,Junin,Junin,Junin
11054.0,11054,Junin,Yauli,Marcapomacocha
11055.0,11055,Junin,Yauli,Marcapomacocha
11056.0,11056,Junin,Yauli,Morococha
11057.0,11057,Junin,Yauli,Yauli
11058.0,11058,Junin,Yauli,Yauli
11059.0,11059,Lima,Huarochiri,San Mateo
11060.0,11060,Lima,Huarochiri,San Juan De Tantaranche
11061.0,11061,Lima,Huarochiri,San Juan De Tantaranche
11062.0,11062,Lima,Huarochiri,San Lorenzo De Quinti
11063.0,11063,Lima,Yauyos,San Joaquin
11064.0,11064,Lima,Yauyos,Quinches
11065.0,11065,Lima,Yauyos,Omas
11066.0,11066,Lima,Yauyos,Tauripampa
11067.0,11067,Lima,Yauyos,Tauripampa
11068.0,11068,Lima,Yauyos,Tauripampa
11069.0,11069,Lima,Cañete,Pacaran
11070.0,11070,Lima,Cañete,Lunahuana
11071.0,11071,Lima,Cañete,Lunahuana
11072.0,11072,Lima,Cañete,San Vicente De Cañete
11073.0,11073,Ica,Chincha,Grocio Prado
11074.0,11074,Ica,Chincha,Grocio Prado
11075.0,11075,Ica,Chincha,Chincha Baja
11076.0,11076,Ica,Chincha,Chincha Baja
11077.0,11077,Ica,Pisco,San Clemente
11078.0,11078,Ica,Pisco,San Andres
11079.0,11079,Ica,Pisco,Paracas
11080.0,11080,Ica,Pisco,Paracas
11081.0,11081,Ica,Pisco,Paracas
11082.0,11082,Ica,Pisco,Paracas
11083.0,11083,Ica,Pisco,Paracas
11084.0,11084,Ica,Pisco,Paracas
11085.0,11085,Ica,Pisco,Paracas
11086.0,11086,Ica,Pisco,Paracas
11087.0,11087,Ica,Ica,Ocucaje
11088.0,11088,Ica,Ica,Ocucaje
11197.0,11197,Loreto,Alto Amazonas,Lagunas
11198.0,11198,Loreto,Alto Amazonas,Lagunas
11199.0,11199,Loreto,Datem Del Marañon,Pastaza
11200.0,11200,Loreto,Datem Del Marañon,Pastaza
11201.0,11201,Loreto,Datem Del Marañon,Barranca
11202.0,11202,Loreto,Alto Amazonas,Jeberos
11203.0,11203,Loreto,Alto Amazonas,Jeberos
11204.0,11204,Loreto,Alto Amazonas,Jeberos
11205.0,11205,Loreto,Alto Amazonas,Jeberos
11206.0,11206,Loreto,Alto Amazonas,Jeberos
11207.0,11207,Loreto,Alto Amazonas,Yurimaguas
11208.0,11208,Loreto,Alto Amazonas,Yurimaguas
11209.0,11209,Loreto,Alto Amazonas,Yurimaguas
11210.0,11210,Loreto,Alto Amazonas,Yurimaguas
11211.0,11211,Loreto,Alto Amazonas,Yurimaguas
11212.0,11212,San Martin,Lamas,Barranquita
11213.0,11213,San Martin,Lamas,Barranquita
11214.0,11214,San Martin,Lamas,Barranquita
11215.0,11215,San Martin,Lamas,Barranquita
11216.0,11216,San Martin,San Martin,Chazuta
11217.0,11217,San Martin,San Martin,Chazuta
11218.0,11218,San Martin,San Martin,Chazuta
11219.0,11219,San Martin,Picota,Tres-Unidos
11220.0,11220,San Martin,Picota,Shamboyacu
11221.0,11221,San Martin,Picota,Shamboyacu
11222.0,11222,Loreto,Ucayali,Pampa Hermosa
11223.0,11223,Loreto,Ucayali,Pampa Hermosa
11224.0,11224,Loreto,Ucayali,Pampa Hermosa
11225.0,11225,Loreto,Ucayali,Pampa Hermosa
11226.0,11226,Loreto,Ucayali,Pampa Hermosa
11227.0,11227,Loreto,Ucayali,Pampa Hermosa
11228.0,11228,Loreto,Ucayali,Pampa Hermosa
11229.0,11229,San Martin,Bellavista,Alto Biavo
11230.0,11230,San Martin,Bellavista,Alto Biavo
11231.0,11231,San Martin,Bellavista,Alto Biavo
11232.0,11232,San Martin,Bellavista,Alto Biavo
11233.0,11233,San Martin,Bellavista,Alto Biavo
11234.0,11234,Huanuco,Leoncio Prado,Pucayacu
11235.0,11235,Huanuco,Leoncio Prado,Pucayacu
11236.0,11236,Huanuco,Leoncio Prado,Jose Crespo Y Castillo
11237.0,11237,Huanuco,Leoncio Prado,Jose Crespo Y Castillo
11238.0,11238,Huanuco,Leoncio Prado,Pucayacu
11239.0,11239,Huanuco,Leoncio Prado,Jose Crespo Y Castillo
11240.0,11240,Huanuco,Leoncio Prado,Jose Crespo Y Castillo
11241.0,11241,Huanuco,Leoncio Prado,Santo Domingo De Anda
11242.0,11242,Huanuco,Leoncio Prado,Castillo Grande
11243.0,11243,Huanuco,Leoncio Prado,Castillo Grande
11244.0,11244,Huanuco,Leoncio Prado,Mariano Damaso Beraún
11245.0,11245,Huanuco,Leoncio Prado,Mariano Damaso Beraún
11246.0,11246,Huanuco,Huanuco,Chinchao
11247.0,11247,Huanuco,Huanuco,Chinchao
11248.0,11248,Huanuco,Huanuco,Chinchao
11249.0,11249,Huanuco,Pachitea,Umari
11250.0,11250,Huanuco,Pachitea,Molino
11251.0,11251,Huanuco,Pachitea,Molino
11252.0,11252,Huanuco,Pachitea,Panao
11253.0,11253,Huanuco,Ambo,San Rafael
11254.0,11254,Huanuco,Ambo,San Rafael
11255.0,11255,Huanuco,Ambo,San Rafael
11256.0,11256,Pasco,Pasco,Ticlacayan
11257.0,11257,Pasco,Pasco,Ticlacayan
11258.0,11258,Pasco,Pasco,Ninacaca
11259.0,11259,Pasco,Pasco,Ninacaca
11260.0,11260,Junin,Junin,Carhuamayo
11261.0,11261,Junin,Junin,Ondores
11262.0,11262,Junin,Junin,Junin
11263.0,11263,Junin,Junin,Junin
11264.0,11264,Junin,Junin,Junin
11265.0,11265,Junin,Yauli,Paccha
11266.0,11266,Junin,Yauli,Santa Rosa De Sacco
11267.0,11267,Junin,Yauli,Yauli
11268.0,11268,Junin,Yauli,Yauli
11269.0,11269,Junin,Yauli,Suitucancha
11270.0,11270,Lima,Huarochiri,San Lorenzo De Quinti
11271.0,11271,Lima,Huarochiri,San Lorenzo De Quinti
11272.0,11272,Lima,Yauyos,Tanta
11273.0,11273,Lima,Yauyos,Huañec
11274.0,11274,Lima,Yauyos,Ayaviri
11275.0,11275,Lima,Yauyos,Ayauca
11276.0,11276,Lima,Yauyos,Ayauca
11277.0,11277,Lima,Yauyos,Ayauca
11278.0,11278,Lima,Yauyos,Ayauca
11279.0,11279,Lima,Cañete,Zúñiga
11280.0,11280,Lima,Cañete,Pacaran
11281.0,11281,Lima,Cañete,Lunahuana
11282.0,11282,Ica,Chincha,Chavin
11283.0,11283,Ica,Chincha,Pueblo Nuevo
11284.0,11284,Ica,Chincha,Chincha Alta
11285.0,11285,Ica,Chincha,Alto Laran
11286.0,11286,Ica,Chincha,El Carmen
11287.0,11287,Ica,Pisco,Independencia
11288.0,11288,Ica,Pisco,Humay
11289.0,11289,Ica,Pisco,San Andres
11290.0,11290,Ica,Pisco,Paracas
11291.0,11291,Ica,Pisco,Paracas
11292.0,11292,Ica,Pisco,Paracas
11293.0,11293,Ica,Ica,Ica
11294.0,11294,Ica,Pisco,Paracas
11295.0,11295,Ica,Ica,Ica
11296.0,11296,Ica,Ica,Ocucaje
11297.0,11297,Ica,Ica,Ocucaje
11298.0,11298,Ica,Ica,Ocucaje
11299.0,11299,Ica,Ica,Ocucaje
11407.0,11407,Loreto,Alto Amazonas,Lagunas
11408.0,11408,Loreto,Alto Amazonas,Lagunas
11409.0,11409,Loreto,Alto Amazonas,Lagunas
11410.0,11410,Loreto,Datem Del Marañon,Pastaza
11411.0,11411,Loreto,Datem Del Marañon,Barranca
11412.0,11412,Loreto,Alto Amazonas,Jeberos
11413.0,11413,Loreto,Alto Amazonas,Jeberos
11414.0,11414,Loreto,Alto Amazonas,Jeberos
11415.0,11415,Loreto,Alto Amazonas,Santa Cruz
11416.0,11416,Loreto,Alto Amazonas,Santa Cruz
11417.0,11417,Loreto,Alto Amazonas,Santa Cruz
11418.0,11418,Loreto,Alto Amazonas,Yurimaguas
11419.0,11419,Loreto,Alto Amazonas,Yurimaguas
11420.0,11420,Loreto,Alto Amazonas,Teniente Cesar Lopez Rojas
11421.0,11421,Loreto,Alto Amazonas,Teniente Cesar Lopez Rojas
11422.0,11422,San Martin,Lamas,Barranquita
11423.0,11423,San Martin,Lamas,Barranquita
11424.0,11424,San Martin,Lamas,Barranquita
11425.0,11425,San Martin,Lamas,Barranquita
11426.0,11426,San Martin,San Martin,Chazuta
11427.0,11427,San Martin,San Martin,Huimbayoc
11428.0,11428,San Martin,San Martin,Huimbayoc
11429.0,11429,Loreto,Ucayali,Pampa Hermosa
11430.0,11430,Loreto,Ucayali,Pampa Hermosa
11431.0,11431,Loreto,Ucayali,Pampa Hermosa
11432.0,11432,Loreto,Ucayali,Pampa Hermosa
11433.0,11433,Loreto,Ucayali,Pampa Hermosa
11434.0,11434,Loreto,Ucayali,Pampa Hermosa
11435.0,11435,Loreto,Ucayali,Pampa Hermosa
11436.0,11436,Loreto,Ucayali,Pampa Hermosa
11437.0,11437,Loreto,Ucayali,Pampa Hermosa
11438.0,11438,Loreto,Ucayali,Pampa Hermosa
11439.0,11439,Loreto,Ucayali,Pampa Hermosa
11440.0,11440,San Martin,Bellavista,Alto Biavo
11441.0,11441,San Martin,Bellavista,Alto Biavo
11442.0,11442,San Martin,Bellavista,Alto Biavo
11443.0,11443,San Martin,Bellavista,Alto Biavo
11444.0,11444,Loreto,Ucayali,Contamana
11445.0,11445,Loreto,Ucayali,Contamana
11446.0,11446,Loreto,Ucayali,Contamana
11447.0,11447,Loreto,Ucayali,Contamana
11448.0,11448,Huanuco,Leoncio Prado,Jose Crespo Y Castillo
11449.0,11449,Huanuco,Leoncio Prado,Jose Crespo Y Castillo
11450.0,11450,Huanuco,Leoncio Prado,Santo Domingo De Anda
11451.0,11451,Huanuco,Leoncio Prado,Pueblo Nuevo
11452.0,11452,Huanuco,Leoncio Prado,Hermilio Valdizan
11453.0,11453,Huanuco,Leoncio Prado,Luyando
11454.0,11454,Huanuco,Leoncio Prado,Mariano Damaso Beraún
11455.0,11455,Huanuco,Leoncio Prado,Mariano Damaso Beraún
11456.0,11456,Huanuco,Huanuco,Chinchao
11457.0,11457,Huanuco,Huanuco,San Pablo De Pillao
11458.0,11458,Huanuco,Huanuco,San Pablo De Pillao
11459.0,11459,Huanuco,Pachitea,Umari
11460.0,11460,Huanuco,Pachitea,Panao
11461.0,11461,Huanuco,Pachitea,Panao
11462.0,11462,Huanuco,Pachitea,Panao
11463.0,11463,Huanuco,Pachitea,Panao
11464.0,11464,Huanuco,Pachitea,Panao
11465.0,11465,Pasco,Pasco,Ticlacayan
11466.0,11466,Pasco,Pasco,Huachon
11467.0,11467,Pasco,Pasco,Huachon
11468.0,11468,Pasco,Pasco,Paucartambo
11469.0,11469,Pasco,Pasco,Paucartambo
11470.0,11470,Junin,Junin,Ulcumayo
11471.0,11471,Junin,Junin,Junin
11472.0,11472,Junin,Junin,Junin
11473.0,11473,Junin,Junin,Junin
11474.0,11474,Junin,Yauli,Paccha
11475.0,11475,Junin,Yauli,Paccha
11476.0,11476,Junin,Yauli,Santa Rosa De Sacco
11477.0,11477,Junin,Yauli,La Oroya
11478.0,11478,Junin,Yauli,Huay-Huay
11479.0,11479,Junin,Yauli,Suitucancha
11480.0,11480,Junin,Jauja,Canchayllo
11481.0,11481,Lima,Yauyos,Tanta
11482.0,11482,Lima,Yauyos,Tanta
11483.0,11483,Lima,Yauyos,Miraflores
11484.0,11484,Lima,Yauyos,Yauyos
11485.0,11485,Lima,Yauyos,Yauyos
11486.0,11486,Lima,Yauyos,Yauyos
11487.0,11487,Lima,Yauyos,Putinza
11488.0,11488,Lima,Yauyos,Ayauca
11489.0,11489,Lima,Yauyos,Chocos
11490.0,11490,Lima,Yauyos,Chocos
11491.0,11491,Ica,Chincha,Chavin
11492.0,11492,Ica,Chincha,Chavin
11493.0,11493,Ica,Chincha,Chavin
11494.0,11494,Ica,Chincha,Alto Laran
11495.0,11495,Ica,Chincha,El Carmen
11496.0,11496,Ica,Chincha,El Carmen
11497.0,11497,Ica,Pisco,Independencia
11498.0,11498,Ica,Pisco,Humay
11499.0,11499,Ica,Ica,Salas
11500.0,11500,Ica,Ica,Salas
11501.0,11501,Ica,Ica,Subtanjalla
11502.0,11502,Ica,Ica,Ica
11503.0,11503,Ica,Ica,Ica
11504.0,11504,Ica,Ica,Ica
11505.0,11505,Ica,Ica,Ica
11506.0,11506,Ica,Ica,Ocucaje
11507.0,11507,Ica,Ica,Ocucaje
11508.0,11508,Ica,Ica,Ocucaje
11509.0,11509,Ica,Ica,Santiago
11510.0,11510,Ica,Ica,Santiago
11617.0,11617,Loreto,Alto Amazonas,Lagunas
11618.0,11618,Loreto,Alto Amazonas,Lagunas
11619.0,11619,Loreto,Alto Amazonas,Lagunas
11620.0,11620,Loreto,Datem Del Marañon,Pastaza
11621.0,11621,Loreto,Alto Amazonas,Lagunas
11622.0,11622,Loreto,Alto Amazonas,Jeberos
11623.0,11623,Loreto,Alto Amazonas,Jeberos
11624.0,11624,Loreto,Alto Amazonas,Lagunas
11625.0,11625,Loreto,Alto Amazonas,Santa Cruz
11626.0,11626,Loreto,Alto Amazonas,Santa Cruz
11627.0,11627,Loreto,Alto Amazonas,Santa Cruz
11628.0,11628,Loreto,Alto Amazonas,Santa Cruz
11629.0,11629,Loreto,Alto Amazonas,Teniente Cesar Lopez Rojas
11630.0,11630,Loreto,Alto Amazonas,Teniente Cesar Lopez Rojas
11631.0,11631,Loreto,Alto Amazonas,Teniente Cesar Lopez Rojas
11632.0,11632,San Martin,San Martin,El Porvenir
11633.0,11633,San Martin,San Martin,El Porvenir
11634.0,11634,San Martin,San Martin,El Porvenir
11635.0,11635,San Martin,San Martin,Huimbayoc
11636.0,11636,San Martin,San Martin,Huimbayoc
11637.0,11637,San Martin,San Martin,Huimbayoc
11638.0,11638,San Martin,San Martin,Huimbayoc
11639.0,11639,Loreto,Ucayali,Pampa Hermosa
11640.0,11640,Loreto,Ucayali,Pampa Hermosa
11641.0,11641,Loreto,Ucayali,Pampa Hermosa
11642.0,11642,Loreto,Ucayali,Pampa Hermosa
11643.0,11643,Loreto,Ucayali,Pampa Hermosa
11644.0,11644,Loreto,Ucayali,Pampa Hermosa
11645.0,11645,Loreto,Ucayali,Pampa Hermosa
11646.0,11646,Loreto,Ucayali,Pampa Hermosa
11647.0,11647,Loreto,Ucayali,Pampa Hermosa
11648.0,11648,Loreto,Ucayali,Pampa Hermosa
11649.0,11649,Loreto,Ucayali,Pampa Hermosa
11650.0,11650,San Martin,Bellavista,Alto Biavo
11651.0,11651,San Martin,Bellavista,Alto Biavo
11652.0,11652,Loreto,Ucayali,Contamana
11653.0,11653,Loreto,Ucayali,Contamana
11654.0,11654,Loreto,Ucayali,Contamana
11655.0,11655,Loreto,Ucayali,Contamana
11656.0,11656,Loreto,Ucayali,Contamana
11657.0,11657,Loreto,Ucayali,Contamana
11658.0,11658,Ucayali,Padre Abad,Padre Abad
11659.0,11659,Ucayali,Padre Abad,Padre Abad
11660.0,11660,Ucayali,Padre Abad,Padre Abad
11661.0,11661,Ucayali,Padre Abad,Padre Abad
11662.0,11662,Huanuco,Leoncio Prado,Hermilio Valdizan
11663.0,11663,Huanuco,Leoncio Prado,Daniel Alomia Robles
11664.0,11664,Huanuco,Leoncio Prado,Mariano Damaso Beraún
11665.0,11665,Huanuco,Pachitea,Chaglla
11666.0,11666,Huanuco,Pachitea,Chaglla
11667.0,11667,Huanuco,Huanuco,San Pablo De Pillao
11668.0,11668,Huanuco,Huanuco,San Pablo De Pillao
11669.0,11669,Huanuco,Pachitea,Chaglla
11670.0,11670,Huanuco,Pachitea,Chaglla
11671.0,11671,Huanuco,Pachitea,Panao
11672.0,11672,Pasco,Oxapampa,Pozuzo
11673.0,11673,Huanuco,Pachitea,Panao
11674.0,11674,Pasco,Oxapampa,Huancabamba
11675.0,11675,Pasco,Pasco,Huachon
11676.0,11676,Pasco,Pasco,Huachon
11677.0,11677,Pasco,Pasco,Paucartambo
11678.0,11678,Pasco,Pasco,Paucartambo
11679.0,11679,Pasco,Pasco,Paucartambo
11680.0,11680,Junin,Junin,Ulcumayo
11681.0,11681,Junin,Junin,Ulcumayo
11682.0,11682,Junin,Tarma,San Pedro De Cajas
11683.0,11683,Junin,Tarma,San Pedro De Cajas
11684.0,11684,Junin,Tarma,La Union
11685.0,11685,Junin,Tarma,Tarma
11686.0,11686,Junin,Yauli,La Oroya
11687.0,11687,Junin,Yauli,La Oroya
11688.0,11688,Junin,Yauli,Chacapalpa
11689.0,11689,Junin,Jauja,Canchayllo
11690.0,11690,Junin,Jauja,Canchayllo
11691.0,11691,Lima,Yauyos,Huancaya
11692.0,11692,Lima,Yauyos,Vitis
11693.0,11693,Lima,Yauyos,Miraflores
11694.0,11694,Lima,Yauyos,Carania
11695.0,11695,Lima,Yauyos,Huantan
11696.0,11696,Lima,Yauyos,Colonia
11697.0,11697,Lima,Yauyos,Colonia
11698.0,11698,Lima,Yauyos,Tupe
11699.0,11699,Lima,Yauyos,Cacra
11700.0,11700,Lima,Yauyos,Chocos
11701.0,11701,Ica,Chincha,Chavin
11702.0,11702,Ica,Chincha,San Juan De Yanac
11703.0,11703,Ica,Chincha,San Juan De Yanac
11704.0,11704,Ica,Chincha,Alto Laran
11705.0,11705,Ica,Chincha,El Carmen
11706.0,11706,Ica,Chincha,El Carmen
11707.0,11707,Ica,Pisco,Humay
11708.0,11708,Ica,Pisco,Humay
11709.0,11709,Ica,Ica,Salas
11710.0,11710,Ica,Ica,Salas
11711.0,11711,Ica,Ica,Subtanjalla
11712.0,11712,Ica,Ica,Ica
11713.0,11713,Ica,Ica,Ica
11714.0,11714,Ica,Ica,Ocucaje
11715.0,11715,Ica,Ica,Ocucaje
11716.0,11716,Ica,Ica,Ocucaje
11717.0,11717,Ica,Ica,Ocucaje
11718.0,11718,Ica,Ica,Santiago
11719.0,11719,Ica,Ica,Santiago
11720.0,11720,Ica,Ica,Santiago
11721.0,11721,Ica,Ica,Santiago
11827.0,11827,Loreto,Loreto,Urarinas
11828.0,11828,Loreto,Alto Amazonas,Lagunas
11829.0,11829,Loreto,Alto Amazonas,Lagunas
11830.0,11830,Loreto,Alto Amazonas,Lagunas
11831.0,11831,Loreto,Alto Amazonas,Lagunas
11832.0,11832,Loreto,Alto Amazonas,Jeberos
11833.0,11833,Loreto,Alto Amazonas,Lagunas
11834.0,11834,Loreto,Alto Amazonas,Lagunas
11835.0,11835,Loreto,Alto Amazonas,Lagunas
11836.0,11836,Loreto,Alto Amazonas,Santa Cruz
11837.0,11837,Loreto,Alto Amazonas,Santa Cruz
11838.0,11838,Loreto,Alto Amazonas,Santa Cruz
11839.0,11839,Loreto,Alto Amazonas,Teniente Cesar Lopez Rojas
11840.0,11840,Loreto,Alto Amazonas,Teniente Cesar Lopez Rojas
11841.0,11841,Loreto,Alto Amazonas,Teniente Cesar Lopez Rojas
11842.0,11842,San Martin,San Martin,El Porvenir
11843.0,11843,San Martin,San Martin,Papa-Playa
11844.0,11844,San Martin,San Martin,Chipurana
11845.0,11845,San Martin,San Martin,Huimbayoc
11846.0,11846,San Martin,San Martin,Huimbayoc
11847.0,11847,San Martin,San Martin,Huimbayoc
11848.0,11848,San Martin,San Martin,Huimbayoc
11849.0,11849,San Martin,San Martin,Huimbayoc
11850.0,11850,Loreto,Ucayali,Pampa Hermosa
11851.0,11851,Loreto,Ucayali,Pampa Hermosa
11852.0,11852,Loreto,Ucayali,Pampa Hermosa
11853.0,11853,Loreto,Ucayali,Pampa Hermosa
11854.0,11854,Loreto,Ucayali,Pampa Hermosa
11855.0,11855,Loreto,Ucayali,Pampa Hermosa
11856.0,11856,Loreto,Ucayali,Pampa Hermosa
11857.0,11857,Loreto,Ucayali,Pampa Hermosa
11858.0,11858,Loreto,Ucayali,Contamana
11859.0,11859,Loreto,Ucayali,Contamana
11860.0,11860,Loreto,Ucayali,Contamana
11861.0,11861,Loreto,Ucayali,Contamana
11862.0,11862,Loreto,Ucayali,Contamana
11863.0,11863,Loreto,Ucayali,Contamana
11864.0,11864,Loreto,Ucayali,Contamana
11865.0,11865,Loreto,Ucayali,Contamana
11866.0,11866,Ucayali,Padre Abad,Padre Abad
11867.0,11867,Ucayali,Padre Abad,Padre Abad
11868.0,11868,Ucayali,Padre Abad,Padre Abad
11869.0,11869,Ucayali,Padre Abad,Padre Abad
11870.0,11870,Ucayali,Padre Abad,Padre Abad
11871.0,11871,Ucayali,Padre Abad,Padre Abad
11872.0,11872,Ucayali,Padre Abad,Padre Abad
11873.0,11873,Ucayali,Padre Abad,Padre Abad
11874.0,11874,Huanuco,Leoncio Prado,Daniel Alomia Robles
11875.0,11875,Huanuco,Leoncio Prado,Daniel Alomia Robles
11876.0,11876,Huanuco,Leoncio Prado,Daniel Alomia Robles
11877.0,11877,Huanuco,Pachitea,Chaglla
11878.0,11878,Huanuco,Pachitea,Chaglla
11879.0,11879,Pasco,Oxapampa,Pozuzo
11880.0,11880,Pasco,Oxapampa,Pozuzo
11881.0,11881,Pasco,Oxapampa,Pozuzo
11882.0,11882,Pasco,Oxapampa,Pozuzo
11883.0,11883,Pasco,Oxapampa,Huancabamba
11884.0,11884,Pasco,Oxapampa,Huancabamba
11885.0,11885,Pasco,Pasco,Huachon
11886.0,11886,Pasco,Pasco,Huachon
11887.0,11887,Pasco,Pasco,Huachon
11888.0,11888,Pasco,Pasco,Paucartambo
11889.0,11889,Junin,Junin,Ulcumayo
11890.0,11890,Junin,Junin,Ulcumayo
11891.0,11891,Junin,Tarma,San Pedro De Cajas
11892.0,11892,Junin,Tarma,Huasahuasi
11893.0,11893,Junin,Tarma,Palcamayo
11894.0,11894,Junin,Tarma,La Union
11895.0,11895,Junin,Tarma,Tarma
11896.0,11896,Junin,Jauja,Pomacancha
11897.0,11897,Junin,Yauli,La Oroya
11898.0,11898,Junin,Yauli,Chacapalpa
11899.0,11899,Junin,Jauja,Canchayllo
11900.0,11900,Junin,Jauja,Canchayllo
11901.0,11901,Lima,Yauyos,Tomas
11902.0,11902,Lima,Yauyos,Tomas
11903.0,11903,Lima,Yauyos,Tomas
11904.0,11904,Lima,Yauyos,Laraos
11905.0,11905,Lima,Yauyos,Huantan
11906.0,11906,Lima,Yauyos,Huantan
11907.0,11907,Lima,Yauyos,Tupe
11908.0,11908,Lima,Yauyos,Tupe
11909.0,11909,Lima,Yauyos,Lincha
11910.0,11910,Lima,Yauyos,Madean
11911.0,11911,Ica,Chincha,San Pedro De Huacarpana
11912.0,11912,Ica,Chincha,San Pedro De Huacarpana
11913.0,11913,Huancavelica,Castrovirreyna,San Juan
11914.0,11914,Huancavelica,Castrovirreyna,San Juan
11915.0,11915,Ica,Chincha,El Carmen
11916.0,11916,Ica,Pisco,Huancano
11917.0,11917,Ica,Pisco,Huancano
11918.0,11918,Ica,Pisco,Humay
11919.0,11919,Ica,Ica,Salas
11920.0,11920,Ica,Ica,Salas
11921.0,11921,Ica,Ica,Ica
11922.0,11922,Ica,Ica,Ica
11923.0,11923,Ica,Ica,Santiago
11924.0,11924,Ica,Ica,Ocucaje
11925.0,11925,Ica,Ica,Ocucaje
11926.0,11926,Ica,Ica,Ocucaje
11927.0,11927,Ica,Ica,Ocucaje
11928.0,11928,Ica,Ica,Santiago
11929.0,11929,Ica,Ica,Santiago
11930.0,11930,Ica,Ica,Santiago
11931.0,11931,Ica,Ica,Santiago
11932.0,11932,Ica,Nazca,Changuillo
12037.0,12037,Loreto,Loreto,Urarinas
12038.0,12038,Loreto,Loreto,Urarinas
12039.0,12039,Loreto,Loreto,Urarinas
12040.0,12040,Loreto,Alto Amazonas,Lagunas
12041.0,12041,Loreto,Alto Amazonas,Lagunas
12042.0,12042,Loreto,Alto Amazonas,Lagunas
12043.0,12043,Loreto,Alto Amazonas,Lagunas
12044.0,12044,Loreto,Alto Amazonas,Lagunas
12045.0,12045,Loreto,Alto Amazonas,Lagunas
12046.0,12046,Loreto,Alto Amazonas,Santa Cruz
12047.0,12047,Loreto,Alto Amazonas,Santa Cruz
12048.0,12048,Loreto,Alto Amazonas,Santa Cruz
12049.0,12049,Loreto,Alto Amazonas,Santa Cruz
12050.0,12050,Loreto,Alto Amazonas,Teniente Cesar Lopez Rojas
12051.0,12051,Loreto,Alto Amazonas,Teniente Cesar Lopez Rojas
12052.0,12052,Loreto,Alto Amazonas,Teniente Cesar Lopez Rojas
12053.0,12053,San Martin,San Martin,Papa-Playa
12054.0,12054,San Martin,San Martin,Chipurana
12055.0,12055,San Martin,San Martin,Huimbayoc
12056.0,12056,San Martin,San Martin,Huimbayoc
12057.0,12057,San Martin,San Martin,Huimbayoc
12058.0,12058,San Martin,San Martin,Huimbayoc
12059.0,12059,Loreto,Ucayali,Pampa Hermosa
12060.0,12060,Loreto,Ucayali,Pampa Hermosa
12061.0,12061,Loreto,Ucayali,Pampa Hermosa
12062.0,12062,Loreto,Ucayali,Pampa Hermosa
12063.0,12063,Loreto,Ucayali,Pampa Hermosa
12064.0,12064,Loreto,Ucayali,Pampa Hermosa
12065.0,12065,Loreto,Ucayali,Pampa Hermosa
12066.0,12066,Loreto,Ucayali,Contamana
12067.0,12067,Loreto,Ucayali,Contamana
12068.0,12068,Loreto,Ucayali,Contamana
12069.0,12069,Loreto,Ucayali,Contamana
12070.0,12070,Loreto,Ucayali,Contamana
12071.0,12071,Loreto,Ucayali,Contamana
12072.0,12072,Loreto,Ucayali,Contamana
12073.0,12073,Loreto,Ucayali,Contamana
12074.0,12074,Loreto,Ucayali,Contamana
12075.0,12075,Ucayali,Padre Abad,Padre Abad
12076.0,12076,Ucayali,Padre Abad,Padre Abad
12077.0,12077,Ucayali,Padre Abad,Padre Abad
12078.0,12078,Ucayali,Padre Abad,Padre Abad
12079.0,12079,Ucayali,Padre Abad,Padre Abad
12080.0,12080,Ucayali,Padre Abad,Padre Abad
12081.0,12081,Ucayali,Padre Abad,Padre Abad
12082.0,12082,Ucayali,Padre Abad,Padre Abad
12083.0,12083,Ucayali,Padre Abad,Padre Abad
12084.0,12084,Ucayali,Padre Abad,Padre Abad
12085.0,12085,Huanuco,Puerto Inca,Codo Del Pozuzo
12086.0,12086,Huanuco,Puerto Inca,Codo Del Pozuzo
12087.0,12087,Huanuco,Puerto Inca,Codo Del Pozuzo
12088.0,12088,Huanuco,Puerto Inca,Codo Del Pozuzo
12089.0,12089,Pasco,Oxapampa,Pozuzo
12090.0,12090,Pasco,Oxapampa,Pozuzo
12091.0,12091,Pasco,Oxapampa,Pozuzo
12092.0,12092,Pasco,Oxapampa,Pozuzo
12093.0,12093,Pasco,Oxapampa,Pozuzo
12094.0,12094,Pasco,Oxapampa,Huancabamba
12095.0,12095,Pasco,Oxapampa,Huancabamba
12096.0,12096,Pasco,Oxapampa,Huancabamba
12097.0,12097,Pasco,Pasco,Paucartambo
12098.0,12098,Pasco,Pasco,Paucartambo
12099.0,12099,Junin,Junin,Ulcumayo
12100.0,12100,Junin,Junin,Ulcumayo
12101.0,12101,Junin,Tarma,San Pedro De Cajas
12102.0,12102,Junin,Tarma,Huasahuasi
12103.0,12103,Junin,Tarma,Huasahuasi
12104.0,12104,Junin,Tarma,Acobamba
12105.0,12105,Junin,Tarma,Tarma
12106.0,12106,Junin,Tarma,Huaricolca
12107.0,12107,Junin,Jauja,Pomacancha
12108.0,12108,Junin,Jauja,Janjaillo
12109.0,12109,Junin,Jauja,Llocllapampa
12110.0,12110,Junin,Jauja,Canchayllo
12111.0,12111,Junin,Concepcion,San Jose De Quero
12112.0,12112,Lima,Yauyos,Tomas
12113.0,12113,Lima,Yauyos,Tomas
12114.0,12114,Lima,Yauyos,Laraos
12115.0,12115,Lima,Yauyos,Huantan
12116.0,12116,Lima,Yauyos,Huantan
12117.0,12117,Lima,Yauyos,Tupe
12118.0,12118,Lima,Yauyos,Hongos
12119.0,12119,Lima,Yauyos,Lincha
12120.0,12120,Lima,Yauyos,Madean
12121.0,12121,Ica,Chincha,San Pedro De Huacarpana
12122.0,12122,Huancavelica,Castrovirreyna,Tantara
12123.0,12123,Huancavelica,Castrovirreyna,San Juan
12124.0,12124,Huancavelica,Castrovirreyna,Capillas
12125.0,12125,Ica,Pisco,Huancano
12126.0,12126,Ica,Pisco,Huancano
12127.0,12127,Ica,Pisco,Huancano
12128.0,12128,Ica,Pisco,Humay
12129.0,12129,Ica,Ica,San Jose De  Los Molinos
12130.0,12130,Ica,Ica,San Jose De  Los Molinos
12131.0,12131,Ica,Ica,Los Aquijes
12132.0,12132,Ica,Ica,Pachacútec
12133.0,12133,Ica,Ica,Santiago
12134.0,12134,Ica,Ica,Ocucaje
12135.0,12135,Ica,Ica,Ocucaje
12136.0,12136,Ica,Ica,Santiago
12137.0,12137,Ica,Ica,Santiago
12138.0,12138,Ica,Ica,Santiago
12139.0,12139,Ica,Ica,Santiago
12140.0,12140,Ica,Ica,Santiago
12141.0,12141,Ica,Nazca,Changuillo
12142.0,12142,Ica,Nazca,Changuillo
12143.0,12143,Ica,Nazca,Marcona
12247.0,12247,Loreto,Loreto,Urarinas
12248.0,12248,Loreto,Loreto,Urarinas
12249.0,12249,Loreto,Loreto,Urarinas
12250.0,12250,Loreto,Alto Amazonas,Lagunas
12251.0,12251,Loreto,Alto Amazonas,Lagunas
12252.0,12252,Loreto,Loreto,Parinari
12253.0,12253,Loreto,Loreto,Parinari
12254.0,12254,Loreto,Loreto,Parinari
12255.0,12255,Loreto,Loreto,Parinari
12256.0,12256,Loreto,Loreto,Parinari
12257.0,12257,Loreto,Alto Amazonas,Santa Cruz
12258.0,12258,Loreto,Alto Amazonas,Santa Cruz
12259.0,12259,Loreto,Alto Amazonas,Santa Cruz
12260.0,12260,Loreto,Alto Amazonas,Teniente Cesar Lopez Rojas
12261.0,12261,Loreto,Requena,Puinahua
12262.0,12262,Loreto,Alto Amazonas,Teniente Cesar Lopez Rojas
12263.0,12263,San Martin,San Martin,Papa-Playa
12264.0,12264,San Martin,San Martin,Papa-Playa
12265.0,12265,San Martin,San Martin,Papa-Playa
12266.0,12266,Loreto,Ucayali,Sarayacu
12267.0,12267,San Martin,San Martin,Huimbayoc
12268.0,12268,San Martin,San Martin,Huimbayoc
12269.0,12269,Loreto,Ucayali,Sarayacu
12270.0,12270,Loreto,Ucayali,Vargas Guerra
12271.0,12271,Loreto,Ucayali,Pampa Hermosa
12272.0,12272,Loreto,Ucayali,Pampa Hermosa
12273.0,12273,Loreto,Ucayali,Pampa Hermosa
12274.0,12274,Loreto,Ucayali,Pampa Hermosa
12275.0,12275,Loreto,Ucayali,Contamana
12276.0,12276,Loreto,Ucayali,Contamana
12277.0,12277,Loreto,Ucayali,Contamana
12278.0,12278,Loreto,Ucayali,Contamana
12279.0,12279,Loreto,Ucayali,Contamana
12280.0,12280,Loreto,Ucayali,Contamana
12281.0,12281,Loreto,Ucayali,Contamana
12282.0,12282,Loreto,Ucayali,Contamana
12283.0,12283,Loreto,Ucayali,Contamana
12284.0,12284,Loreto,Ucayali,Contamana
12285.0,12285,Ucayali,Padre Abad,Curimana
12286.0,12286,Ucayali,Padre Abad,Padre Abad
12287.0,12287,Ucayali,Padre Abad,Padre Abad
12288.0,12288,Ucayali,Padre Abad,Padre Abad
12289.0,12289,Ucayali,Padre Abad,Padre Abad
12290.0,12290,Ucayali,Padre Abad,Padre Abad
12291.0,12291,Ucayali,Padre Abad,Padre Abad
12292.0,12292,Ucayali,Padre Abad,Padre Abad
12293.0,12293,Ucayali,Padre Abad,Padre Abad
12294.0,12294,Ucayali,Padre Abad,Padre Abad
12295.0,12295,Huanuco,Puerto Inca,Codo Del Pozuzo
12296.0,12296,Huanuco,Puerto Inca,Codo Del Pozuzo
12297.0,12297,Huanuco,Puerto Inca,Codo Del Pozuzo
12298.0,12298,Huanuco,Puerto Inca,Codo Del Pozuzo
12299.0,12299,Pasco,Oxapampa,Pozuzo
12300.0,12300,Pasco,Oxapampa,Pozuzo
12301.0,12301,Pasco,Oxapampa,Pozuzo
12302.0,12302,Pasco,Oxapampa,Pozuzo
12303.0,12303,Pasco,Oxapampa,Pozuzo
12304.0,12304,Pasco,Oxapampa,Huancabamba
12305.0,12305,Pasco,Oxapampa,Huancabamba
12306.0,12306,Pasco,Oxapampa,Chontabamba
12307.0,12307,Pasco,Pasco,Paucartambo
12308.0,12308,Junin,Junin,Ulcumayo
12309.0,12309,Junin,Junin,Ulcumayo
12310.0,12310,Junin,Junin,Ulcumayo
12311.0,12311,Junin,Tarma,Huasahuasi
12312.0,12312,Junin,Chanchamayo,San Ramon
12313.0,12313,Junin,Tarma,Huasahuasi
12314.0,12314,Junin,Tarma,Tapo
12315.0,12315,Junin,Tarma,Tapo
12316.0,12316,Junin,Jauja,Ricran
12317.0,12317,Junin,Jauja,Paca
12318.0,12318,Junin,Jauja,Marco
12319.0,12319,Junin,Jauja,Llocllapampa
12320.0,12320,Junin,Jauja,Sincos
12321.0,12321,Junin,Concepcion,San Jose De Quero
12322.0,12322,Junin,Concepcion,San Jose De Quero
12323.0,12323,Junin,Chupaca,Yanacancha
12324.0,12324,Junin,Chupaca,Yanacancha
12325.0,12325,Junin,Huancayo,Chongos Alto
12326.0,12326,Junin,Huancayo,Chongos Alto
12327.0,12327,Huancavelica,Huancavelica,Acobambilla
12328.0,12328,Lima,Yauyos,Lincha
12329.0,12329,Huancavelica,Castrovirreyna,Chupamarca
12330.0,12330,Huancavelica,Castrovirreyna,Chupamarca
12331.0,12331,Huancavelica,Castrovirreyna,Aurahua
12332.0,12332,Huancavelica,Castrovirreyna,Arma
12333.0,12333,Huancavelica,Castrovirreyna,Huachos
12334.0,12334,Huancavelica,Castrovirreyna,Capillas
12335.0,12335,Ica,Pisco,Huancano
12336.0,12336,Ica,Pisco,Huancano
12337.0,12337,Ica,Pisco,Huancano
12338.0,12338,Huancavelica,Huaytara,Huaytara
12339.0,12339,Huancavelica,Huaytara,Santiago De Chocorvos
12340.0,12340,Ica,Ica,Yauca Del Rosario
12341.0,12341,Ica,Ica,Yauca Del Rosario
12342.0,12342,Ica,Ica,Yauca Del Rosario
12343.0,12343,Ica,Ica,Yauca Del Rosario
12344.0,12344,Ica,Ica,Santiago
12345.0,12345,Ica,Ica,Santiago
12346.0,12346,Ica,Ica,Santiago
12347.0,12347,Ica,Ica,Santiago
12348.0,12348,Ica,Ica,Santiago
12349.0,12349,Ica,Ica,Santiago
12350.0,12350,Ica,Nazca,Changuillo
12351.0,12351,Ica,Nazca,Changuillo
12352.0,12352,Ica,Nazca,Marcona
12353.0,12353,Ica,Nazca,Marcona
12354.0,12354,Ica,Nazca,Marcona
12457.0,12457,Loreto,Loreto,Urarinas
12458.0,12458,Loreto,Loreto,Urarinas
12459.0,12459,Loreto,Loreto,Urarinas
12460.0,12460,Loreto,Loreto,Urarinas
12461.0,12461,Loreto,Alto Amazonas,Lagunas
12462.0,12462,Loreto,Loreto,Parinari
12463.0,12463,Loreto,Loreto,Parinari
12464.0,12464,Loreto,Loreto,Parinari
12465.0,12465,Loreto,Loreto,Parinari
12466.0,12466,Loreto,Loreto,Parinari
12467.0,12467,Loreto,Loreto,Parinari
12468.0,12468,Loreto,Loreto,Parinari
12469.0,12469,Loreto,Requena,Puinahua
12470.0,12470,Loreto,Requena,Puinahua
12471.0,12471,Loreto,Requena,Puinahua
12472.0,12472,Loreto,Ucayali,Sarayacu
12473.0,12473,Loreto,Ucayali,Sarayacu
12474.0,12474,Loreto,Ucayali,Sarayacu
12475.0,12475,Loreto,Ucayali,Sarayacu
12476.0,12476,Loreto,Ucayali,Sarayacu
12477.0,12477,Loreto,Ucayali,Sarayacu
12478.0,12478,Loreto,Ucayali,Sarayacu
12479.0,12479,Loreto,Ucayali,Sarayacu
12480.0,12480,Loreto,Ucayali,Vargas Guerra
12481.0,12481,Loreto,Ucayali,Inahuaya
12482.0,12482,Loreto,Ucayali,Pampa Hermosa
12483.0,12483,Loreto,Ucayali,Pampa Hermosa
12484.0,12484,Loreto,Ucayali,Pampa Hermosa
12485.0,12485,Loreto,Ucayali,Pampa Hermosa
12486.0,12486,Loreto,Ucayali,Contamana
12487.0,12487,Loreto,Ucayali,Contamana
12488.0,12488,Loreto,Ucayali,Contamana
12489.0,12489,Loreto,Ucayali,Contamana
12490.0,12490,Loreto,Ucayali,Contamana
12491.0,12491,Loreto,Ucayali,Contamana
12492.0,12492,Loreto,Ucayali,Contamana
12493.0,12493,Ucayali,Padre Abad,Curimana
12494.0,12494,Ucayali,Padre Abad,Curimana
12495.0,12495,Loreto,Ucayali,Contamana
12496.0,12496,Ucayali,Padre Abad,Curimana
12497.0,12497,Ucayali,Padre Abad,Padre Abad
12498.0,12498,Ucayali,Padre Abad,Padre Abad
12499.0,12499,Ucayali,Padre Abad,Padre Abad
12500.0,12500,Ucayali,Padre Abad,Padre Abad
12501.0,12501,Ucayali,Padre Abad,Padre Abad
12502.0,12502,Ucayali,Padre Abad,Padre Abad
12503.0,12503,Ucayali,Padre Abad,Padre Abad
12504.0,12504,Huanuco,Puerto Inca,Codo Del Pozuzo
12505.0,12505,Huanuco,Puerto Inca,Codo Del Pozuzo
12506.0,12506,Huanuco,Puerto Inca,Codo Del Pozuzo
12507.0,12507,Huanuco,Puerto Inca,Codo Del Pozuzo
12508.0,12508,Huanuco,Puerto Inca,Codo Del Pozuzo
12509.0,12509,Huanuco,Puerto Inca,Codo Del Pozuzo
12510.0,12510,Pasco,Oxapampa,Palcazu
12511.0,12511,Pasco,Oxapampa,Palcazu
12512.0,12512,Pasco,Oxapampa,Palcazu
12513.0,12513,Pasco,Oxapampa,Palcazu
12514.0,12514,Pasco,Oxapampa,Palcazu
12515.0,12515,Pasco,Oxapampa,Huancabamba
12516.0,12516,Pasco,Oxapampa,Chontabamba
12517.0,12517,Pasco,Oxapampa,Chontabamba
12518.0,12518,Pasco,Oxapampa,Chontabamba
12519.0,12519,Junin,Junin,Ulcumayo
12520.0,12520,Junin,Junin,Ulcumayo
12521.0,12521,Junin,Chanchamayo,Chanchamayo
12522.0,12522,Junin,Chanchamayo,San Ramon
12523.0,12523,Junin,Chanchamayo,San Ramon
12524.0,12524,Junin,Tarma,Palca
12525.0,12525,Junin,Jauja,Monobamba
12526.0,12526,Junin,Jauja,Ricran
12527.0,12527,Junin,Jauja,Yauli
12528.0,12528,Junin,Jauja,Julcan
12529.0,12529,Junin,Jauja,Muqui
12530.0,12530,Junin,Jauja,Sincos
12531.0,12531,Junin,Concepcion,Chambara
12532.0,12532,Junin,Chupaca,San Juan De Jarpa
12533.0,12533,Junin,Chupaca,Yanacancha
12534.0,12534,Junin,Chupaca,Yanacancha
12535.0,12535,Junin,Huancayo,Chongos Alto
12536.0,12536,Junin,Huancayo,Chongos Alto
12537.0,12537,Huancavelica,Huancavelica,Acobambilla
12538.0,12538,Huancavelica,Huancavelica,Acobambilla
12539.0,12539,Huancavelica,Castrovirreyna,Chupamarca
12540.0,12540,Huancavelica,Castrovirreyna,Aurahua
12541.0,12541,Huancavelica,Castrovirreyna,Arma
12542.0,12542,Huancavelica,Castrovirreyna,Arma
12543.0,12543,Huancavelica,Castrovirreyna,Huachos
12544.0,12544,Huancavelica,Castrovirreyna,Mollepampa
12545.0,12545,Huancavelica,Castrovirreyna,Ticrapo
12546.0,12546,Huancavelica,Huaytara,Quito-Arma
12547.0,12547,Huancavelica,Huaytara,Huaytara
12548.0,12548,Huancavelica,Huaytara,Huaytara
12549.0,12549,Huancavelica,Huaytara,Santiago De Chocorvos
12550.0,12550,Ica,Ica,Yauca Del Rosario
12551.0,12551,Ica,Ica,Yauca Del Rosario
12552.0,12552,Ica,Ica,Yauca Del Rosario
12553.0,12553,Ica,Ica,Yauca Del Rosario
12554.0,12554,Ica,Ica,Santiago
12555.0,12555,Ica,Ica,Santiago
12556.0,12556,Ica,Ica,Santiago
12557.0,12557,Ica,Ica,Santiago
12558.0,12558,Ica,Ica,Santiago
12559.0,12559,Ica,Ica,Santiago
12560.0,12560,Ica,Nazca,Changuillo
12561.0,12561,Ica,Nazca,Marcona
12562.0,12562,Ica,Nazca,Marcona
12563.0,12563,Ica,Nazca,Marcona
12564.0,12564,Ica,Nazca,Marcona
12565.0,12565,Ica,Nazca,Marcona
12667.0,12667,Loreto,Loreto,Urarinas
12668.0,12668,Loreto,Loreto,Urarinas
12669.0,12669,Loreto,Loreto,Urarinas
12670.0,12670,Loreto,Loreto,Parinari
12671.0,12671,Loreto,Loreto,Parinari
12672.0,12672,Loreto,Loreto,Parinari
12673.0,12673,Loreto,Loreto,Parinari
12674.0,12674,Loreto,Loreto,Parinari
12675.0,12675,Loreto,Loreto,Parinari
12676.0,12676,Loreto,Loreto,Parinari
12677.0,12677,Loreto,Loreto,Parinari
12678.0,12678,Loreto,Requena,Puinahua
12679.0,12679,Loreto,Requena,Puinahua
12680.0,12680,Loreto,Requena,Puinahua
12681.0,12681,Loreto,Requena,Puinahua
12682.0,12682,Loreto,Ucayali,Sarayacu
12683.0,12683,Loreto,Ucayali,Sarayacu
12684.0,12684,Loreto,Ucayali,Sarayacu
12685.0,12685,Loreto,Ucayali,Sarayacu
12686.0,12686,Loreto,Ucayali,Sarayacu
12687.0,12687,Loreto,Ucayali,Sarayacu
12688.0,12688,Loreto,Ucayali,Sarayacu
12689.0,12689,Loreto,Ucayali,Sarayacu
12690.0,12690,Loreto,Ucayali,Inahuaya
12691.0,12691,Loreto,Ucayali,Inahuaya
12692.0,12692,Loreto,Ucayali,Inahuaya
12693.0,12693,Loreto,Ucayali,Pampa Hermosa
12694.0,12694,Loreto,Ucayali,Pampa Hermosa
12695.0,12695,Loreto,Ucayali,Contamana
12696.0,12696,Loreto,Ucayali,Contamana
12697.0,12697,Loreto,Ucayali,Contamana
12698.0,12698,Loreto,Ucayali,Contamana
12699.0,12699,Loreto,Ucayali,Contamana
12700.0,12700,Loreto,Ucayali,Contamana
12701.0,12701,Loreto,Ucayali,Contamana
12702.0,12702,Ucayali,Coronel Portillo,Nueva Requena
12703.0,12703,Ucayali,Padre Abad,Curimana
12704.0,12704,Ucayali,Padre Abad,Curimana
12705.0,12705,Ucayali,Padre Abad,Curimana
12706.0,12706,Ucayali,Padre Abad,Curimana
12707.0,12707,Ucayali,Padre Abad,Padre Abad
12708.0,12708,Ucayali,Padre Abad,Padre Abad
12709.0,12709,Ucayali,Padre Abad,Padre Abad
12710.0,12710,Ucayali,Padre Abad,Irazola
12711.0,12711,Ucayali,Padre Abad,Irazola
12712.0,12712,Ucayali,Padre Abad,Irazola
12713.0,12713,Ucayali,Padre Abad,Irazola
12714.0,12714,Huanuco,Puerto Inca,Codo Del Pozuzo
12715.0,12715,Huanuco,Puerto Inca,Codo Del Pozuzo
12716.0,12716,Huanuco,Puerto Inca,Codo Del Pozuzo
12717.0,12717,Huanuco,Puerto Inca,Codo Del Pozuzo
12718.0,12718,Huanuco,Puerto Inca,Codo Del Pozuzo
12719.0,12719,Huanuco,Puerto Inca,Codo Del Pozuzo
12720.0,12720,Pasco,Oxapampa,Palcazu
12721.0,12721,Pasco,Oxapampa,Palcazu
12722.0,12722,Pasco,Oxapampa,Palcazu
12723.0,12723,Pasco,Oxapampa,Palcazu
12724.0,12724,Pasco,Oxapampa,Palcazu
12725.0,12725,Pasco,Oxapampa,Palcazu
12726.0,12726,Pasco,Oxapampa,Oxapampa
12727.0,12727,Pasco,Oxapampa,Oxapampa
12728.0,12728,Pasco,Oxapampa,Oxapampa
12729.0,12729,Junin,Chanchamayo,San Luis De Shuaro
12730.0,12730,Junin,Chanchamayo,Chanchamayo
12731.0,12731,Junin,Chanchamayo,Chanchamayo
12732.0,12732,Junin,Chanchamayo,San Ramon
12733.0,12733,Junin,Chanchamayo,Vitoc
12734.0,12734,Junin,Jauja,Monobamba
12735.0,12735,Junin,Jauja,Monobamba
12736.0,12736,Junin,Jauja,Molinos
12737.0,12737,Junin,Jauja,Molinos
12738.0,12738,Junin,Jauja,Apata
12739.0,12739,Junin,Jauja,Apata
12740.0,12740,Junin,Concepcion,Aco
12741.0,12741,Junin,Chupaca,Huachac
12742.0,12742,Junin,Chupaca,Yanacancha
12743.0,12743,Junin,Chupaca,Yanacancha
12744.0,12744,Junin,Huancayo,Chongos Alto
12745.0,12745,Junin,Huancayo,Chongos Alto
12746.0,12746,Huancavelica,Huancavelica,Vilca
12747.0,12747,Huancavelica,Huancavelica,Acobambilla
12748.0,12748,Huancavelica,Huancavelica,Acobambilla
12749.0,12749,Huancavelica,Huancavelica,Ascension
12750.0,12750,Huancavelica,Castrovirreyna,Aurahua
12751.0,12751,Huancavelica,Castrovirreyna,Castrovirreyna
12752.0,12752,Huancavelica,Castrovirreyna,Castrovirreyna
12753.0,12753,Huancavelica,Castrovirreyna,Cocas
12754.0,12754,Huancavelica,Castrovirreyna,Castrovirreyna
12755.0,12755,Huancavelica,Castrovirreyna,Ticrapo
12756.0,12756,Huancavelica,Huaytara,Quito-Arma
12757.0,12757,Huancavelica,Huaytara,Ayavi
12758.0,12758,Huancavelica,Huaytara,Ayavi
12759.0,12759,Huancavelica,Huaytara,Santiago De Chocorvos
12760.0,12760,Huancavelica,Huaytara,Santiago De Chocorvos
12761.0,12761,Ica,Ica,Yauca Del Rosario
12762.0,12762,Ica,Ica,Yauca Del Rosario
12763.0,12763,Ica,Ica,Santiago
12764.0,12764,Ica,Ica,Santiago
12765.0,12765,Ica,Ica,Santiago
12766.0,12766,Ica,Ica,Santiago
12767.0,12767,Ica,Nazca,Changuillo
12768.0,12768,Ica,Nazca,Changuillo
12769.0,12769,Ica,Nazca,Changuillo
12770.0,12770,Ica,Nazca,Changuillo
12771.0,12771,Ica,Nazca,Marcona
12772.0,12772,Ica,Nazca,Marcona
12773.0,12773,Ica,Nazca,Marcona
12774.0,12774,Ica,Nazca,Marcona
12775.0,12775,Ica,Nazca,Marcona
12776.0,12776,Ica,Nazca,Marcona
12877.0,12877,Loreto,Loreto,Urarinas
12878.0,12878,Loreto,Loreto,Urarinas
12879.0,12879,Loreto,Loreto,Urarinas
12880.0,12880,Loreto,Loreto,Parinari
12881.0,12881,Loreto,Loreto,Parinari
12882.0,12882,Loreto,Loreto,Parinari
12883.0,12883,Loreto,Loreto,Parinari
12884.0,12884,Loreto,Loreto,Parinari
12885.0,12885,Loreto,Loreto,Parinari
12886.0,12886,Loreto,Loreto,Parinari
12887.0,12887,Loreto,Loreto,Parinari
12888.0,12888,Loreto,Requena,Puinahua
12889.0,12889,Loreto,Requena,Puinahua
12890.0,12890,Loreto,Requena,Puinahua
12891.0,12891,Loreto,Requena,Puinahua
12892.0,12892,Loreto,Ucayali,Sarayacu
12893.0,12893,Loreto,Ucayali,Sarayacu
12894.0,12894,Loreto,Ucayali,Sarayacu
12895.0,12895,Loreto,Ucayali,Sarayacu
12896.0,12896,Loreto,Ucayali,Sarayacu
12897.0,12897,Loreto,Ucayali,Sarayacu
12898.0,12898,Loreto,Ucayali,Sarayacu
12899.0,12899,Loreto,Ucayali,Vargas Guerra
12900.0,12900,Loreto,Ucayali,Inahuaya
12901.0,12901,Loreto,Ucayali,Inahuaya
12902.0,12902,Loreto,Ucayali,Pampa Hermosa
12903.0,12903,Loreto,Ucayali,Contamana
12904.0,12904,Loreto,Ucayali,Contamana
12905.0,12905,Loreto,Ucayali,Contamana
12906.0,12906,Loreto,Ucayali,Contamana
12907.0,12907,Loreto,Ucayali,Contamana
12908.0,12908,Loreto,Ucayali,Contamana
12909.0,12909,Loreto,Ucayali,Contamana
12910.0,12910,Loreto,Ucayali,Padre Marquez
12911.0,12911,Loreto,Ucayali,Padre Marquez
12912.0,12912,Loreto,Ucayali,Padre Marquez
12913.0,12913,Ucayali,Padre Abad,Curimana
12914.0,12914,Ucayali,Padre Abad,Curimana
12915.0,12915,Ucayali,Padre Abad,Curimana
12916.0,12916,Ucayali,Padre Abad,Curimana
12917.0,12917,Ucayali,Padre Abad,Irazola
12918.0,12918,Ucayali,Padre Abad,Irazola
12919.0,12919,Ucayali,Padre Abad,Irazola
12920.0,12920,Ucayali,Padre Abad,Irazola
12921.0,12921,Ucayali,Padre Abad,Irazola
12922.0,12922,Ucayali,Padre Abad,Irazola
12923.0,12923,Huanuco,Puerto Inca,Puerto Inca
12924.0,12924,Huanuco,Puerto Inca,Codo Del Pozuzo
12925.0,12925,Huanuco,Puerto Inca,Codo Del Pozuzo
12926.0,12926,Huanuco,Puerto Inca,Codo Del Pozuzo
12927.0,12927,Huanuco,Puerto Inca,Yuyapichis
12928.0,12928,Huanuco,Puerto Inca,Yuyapichis
12929.0,12929,Pasco,Oxapampa,Constitucion
12930.0,12930,Pasco,Oxapampa,Palcazu
12931.0,12931,Pasco,Oxapampa,Palcazu
12932.0,12932,Pasco,Oxapampa,Palcazu
12933.0,12933,Pasco,Oxapampa,Palcazu
12934.0,12934,Pasco,Oxapampa,Palcazu
12935.0,12935,Pasco,Oxapampa,Palcazu
12936.0,12936,Pasco,Oxapampa,Palcazu
12937.0,12937,Pasco,Oxapampa,Villa Rica
12938.0,12938,Pasco,Oxapampa,Villa Rica
12939.0,12939,Junin,Chanchamayo,San Luis De Shuaro
12940.0,12940,Junin,Chanchamayo,Chanchamayo
12941.0,12941,Junin,Chanchamayo,Chanchamayo
12942.0,12942,Junin,Chanchamayo,San Ramon
12943.0,12943,Junin,Chanchamayo,Vitoc
12944.0,12944,Junin,Jauja,Monobamba
12945.0,12945,Junin,Jauja,Apata
12946.0,12946,Junin,Jauja,Apata
12947.0,12947,Junin,Jauja,Apata
12948.0,12948,Junin,Jauja,Apata
12949.0,12949,Junin,Huancayo,Quichuay
12950.0,12950,Junin,Huancayo,Saño
12951.0,12951,Junin,Huancayo,Pilcomayo
12952.0,12952,Junin,Chupaca,Chongos Bajo
12953.0,12953,Junin,Chupaca,Chongos Bajo
12954.0,12954,Junin,Huancayo,Chacapampa
12955.0,12955,Junin,Huancayo,Chacapampa
12956.0,12956,Huancavelica,Huancavelica,Vilca
12957.0,12957,Huancavelica,Huancavelica,Acobambilla
12958.0,12958,Huancavelica,Huancavelica,Acobambilla
12959.0,12959,Huancavelica,Huancavelica,Ascension
12960.0,12960,Huancavelica,Castrovirreyna,Castrovirreyna
12961.0,12961,Huancavelica,Castrovirreyna,Castrovirreyna
12962.0,12962,Huancavelica,Castrovirreyna,Castrovirreyna
12963.0,12963,Huancavelica,Castrovirreyna,Castrovirreyna
12964.0,12964,Huancavelica,Castrovirreyna,Castrovirreyna
12965.0,12965,Huancavelica,Huaytara,San Antonio De Cusicancha
12966.0,12966,Huancavelica,Huaytara,Huaytara
12967.0,12967,Huancavelica,Huaytara,Tambo
12968.0,12968,Huancavelica,Huaytara,Santo Domingo De Capillas
12969.0,12969,Huancavelica,Huaytara,Santiago De Chocorvos
12970.0,12970,Huancavelica,Huaytara,San Isidro
12971.0,12971,Ica,Ica,Yauca Del Rosario
12972.0,12972,Ica,Ica,Yauca Del Rosario
12973.0,12973,Ica,Ica,Santiago
12974.0,12974,Ica,Ica,Santiago
12975.0,12975,Ica,Palpa,Santa Cruz
12976.0,12976,Ica,Palpa,Santa Cruz
12977.0,12977,Ica,Nazca,Changuillo
12978.0,12978,Ica,Nazca,Changuillo
12979.0,12979,Ica,Nazca,Changuillo
12980.0,12980,Ica,Nazca,Nazca
12981.0,12981,Ica,Nazca,Marcona
12982.0,12982,Ica,Nazca,Marcona
12983.0,12983,Ica,Nazca,Marcona
12984.0,12984,Ica,Nazca,Marcona
12985.0,12985,Ica,Nazca,Marcona
12986.0,12986,Ica,Nazca,Marcona
12987.0,12987,Ica,Nazca,Marcona
13087.0,13087,Loreto,Loreto,Urarinas
13088.0,13088,Loreto,Loreto,Urarinas
13089.0,13089,Loreto,Loreto,Urarinas
13090.0,13090,Loreto,Loreto,Parinari
13091.0,13091,Loreto,Loreto,Parinari
13092.0,13092,Loreto,Loreto,Parinari
13093.0,13093,Loreto,Loreto,Parinari
13094.0,13094,Loreto,Loreto,Parinari
13095.0,13095,Loreto,Loreto,Parinari
13096.0,13096,Loreto,Loreto,Parinari
13097.0,13097,Loreto,Requena,Puinahua
13098.0,13098,Loreto,Requena,Puinahua
13099.0,13099,Loreto,Requena,Puinahua
13100.0,13100,Loreto,Requena,Puinahua
13101.0,13101,Loreto,Ucayali,Sarayacu
13102.0,13102,Loreto,Ucayali,Sarayacu
13103.0,13103,Loreto,Ucayali,Sarayacu
13104.0,13104,Loreto,Ucayali,Sarayacu
13105.0,13105,Loreto,Ucayali,Sarayacu
13106.0,13106,Loreto,Ucayali,Sarayacu
13107.0,13107,Loreto,Ucayali,Sarayacu
13108.0,13108,Loreto,Ucayali,Sarayacu
13109.0,13109,Loreto,Ucayali,Vargas Guerra
13110.0,13110,Loreto,Ucayali,Vargas Guerra
13111.0,13111,Loreto,Ucayali,Inahuaya
13112.0,13112,Loreto,Ucayali,Pampa Hermosa
13113.0,13113,Loreto,Ucayali,Contamana
13114.0,13114,Loreto,Ucayali,Contamana
13115.0,13115,Loreto,Ucayali,Contamana
13116.0,13116,Loreto,Ucayali,Contamana
13117.0,13117,Loreto,Ucayali,Contamana
13118.0,13118,Loreto,Ucayali,Contamana
13119.0,13119,Loreto,Ucayali,Padre Marquez
13120.0,13120,Loreto,Ucayali,Padre Marquez
13121.0,13121,Ucayali,Coronel Portillo,Nueva Requena
13122.0,13122,Ucayali,Coronel Portillo,Nueva Requena
13123.0,13123,Ucayali,Coronel Portillo,Nueva Requena
13124.0,13124,Ucayali,Padre Abad,Curimana
13125.0,13125,Ucayali,Padre Abad,Curimana
13126.0,13126,Ucayali,Padre Abad,Irazola
13127.0,13127,Ucayali,Padre Abad,Neshuya
13128.0,13128,Ucayali,Padre Abad,Irazola
13129.0,13129,Ucayali,Padre Abad,Irazola
13130.0,13130,Ucayali,Padre Abad,Irazola
13131.0,13131,Huanuco,Puerto Inca,Tournavista
13132.0,13132,Huanuco,Puerto Inca,Puerto Inca
13133.0,13133,Huanuco,Puerto Inca,Puerto Inca
13134.0,13134,Huanuco,Puerto Inca,Puerto Inca
13135.0,13135,Huanuco,Puerto Inca,Puerto Inca
13136.0,13136,Huanuco,Puerto Inca,Yuyapichis
13137.0,13137,Huanuco,Puerto Inca,Yuyapichis
13138.0,13138,Huanuco,Puerto Inca,Yuyapichis
13139.0,13139,Pasco,Oxapampa,Constitucion
13140.0,13140,Pasco,Oxapampa,Constitucion
13141.0,13141,Pasco,Oxapampa,Constitucion
13142.0,13142,Pasco,Oxapampa,Palcazu
13143.0,13143,Pasco,Oxapampa,Palcazu
13144.0,13144,Pasco,Oxapampa,Palcazu
13145.0,13145,Pasco,Oxapampa,Palcazu
13146.0,13146,Pasco,Oxapampa,Villa Rica
13147.0,13147,Pasco,Oxapampa,Villa Rica
13148.0,13148,Pasco,Oxapampa,Villa Rica
13149.0,13149,Junin,Chanchamayo,Perene
13150.0,13150,Junin,Chanchamayo,Perene
13151.0,13151,Junin,Chanchamayo,Perene
13152.0,13152,Junin,Chanchamayo,Chanchamayo
13153.0,13153,Junin,Chanchamayo,San Ramon
13154.0,13154,Junin,Chanchamayo,Vitoc
13155.0,13155,Junin,Jauja,Monobamba
13156.0,13156,Junin,Concepcion,Cochas
13157.0,13157,Junin,Concepcion,Cochas
13158.0,13158,Junin,Concepcion,Comas
13159.0,13159,Junin,Huancayo,Quilcas
13160.0,13160,Junin,Huancayo,El Tambo
13161.0,13161,Junin,Huancayo,Chilca
13162.0,13162,Junin,Huancayo,Sapallanga
13163.0,13163,Junin,Huancayo,Cullhuas
13164.0,13164,Junin,Huancayo,Colca
13165.0,13165,Huancavelica,Huancavelica,Moya
13166.0,13166,Huancavelica,Huancavelica,Manta
13167.0,13167,Huancavelica,Huancavelica,Manta
13168.0,13168,Huancavelica,Huancavelica,Nuevo Occoro
13169.0,13169,Huancavelica,Huancavelica,Ascension
13170.0,13170,Huancavelica,Huancavelica,Huancavelica
13171.0,13171,Huancavelica,Castrovirreyna,Santa Ana
13172.0,13172,Huancavelica,Castrovirreyna,Santa Ana
13173.0,13173,Huancavelica,Huaytara,Pilpichaca
13174.0,13174,Huancavelica,Huaytara,Pilpichaca
13175.0,13175,Huancavelica,Huaytara,Pilpichaca
13176.0,13176,Huancavelica,Huaytara,Tambo
13177.0,13177,Huancavelica,Huaytara,Santo Domingo De Capillas
13178.0,13178,Huancavelica,Huaytara,Santiago De Chocorvos
13179.0,13179,Huancavelica,Huaytara,Santiago De Chocorvos
13180.0,13180,Huancavelica,Huaytara,San Isidro
13181.0,13181,Huancavelica,Huaytara,Cordova
13182.0,13182,Ica,Palpa,Tibillo
13183.0,13183,Ica,Palpa,Rio Grande
13184.0,13184,Ica,Palpa,Rio Grande
13185.0,13185,Ica,Palpa,Palpa
13186.0,13186,Ica,Palpa,Llipata
13187.0,13187,Ica,Nazca,El Ingenio
13188.0,13188,Ica,Nazca,El Ingenio
13189.0,13189,Ica,Nazca,Nazca
13190.0,13190,Ica,Nazca,Nazca
13191.0,13191,Ica,Nazca,Marcona
13192.0,13192,Ica,Nazca,Marcona
13193.0,13193,Ica,Nazca,Marcona
13194.0,13194,Ica,Nazca,Marcona
13195.0,13195,Ica,Nazca,Marcona
13196.0,13196,Ica,Nazca,Marcona
13197.0,13197,Arequipa,Caraveli,Lomas
13198.0,13198,Arequipa,Caraveli,Lomas
13297.0,13297,Loreto,Loreto,Urarinas
13298.0,13298,Loreto,Loreto,Urarinas
13299.0,13299,Loreto,Loreto,Urarinas
13300.0,13300,Loreto,Loreto,Parinari
13301.0,13301,Loreto,Loreto,Parinari
13302.0,13302,Loreto,Loreto,Parinari
13303.0,13303,Loreto,Loreto,Parinari
13304.0,13304,Loreto,Loreto,Parinari
13305.0,13305,Loreto,Loreto,Parinari
13306.0,13306,Loreto,Requena,Puinahua
13307.0,13307,Loreto,Requena,Puinahua
13308.0,13308,Loreto,Requena,Puinahua
13309.0,13309,Loreto,Requena,Puinahua
13310.0,13310,Loreto,Requena,Puinahua
13311.0,13311,Loreto,Ucayali,Sarayacu
13312.0,13312,Loreto,Ucayali,Sarayacu
13313.0,13313,Loreto,Ucayali,Sarayacu
13314.0,13314,Loreto,Ucayali,Sarayacu
13315.0,13315,Loreto,Ucayali,Sarayacu
13316.0,13316,Loreto,Ucayali,Sarayacu
13317.0,13317,Loreto,Ucayali,Sarayacu
13318.0,13318,Loreto,Ucayali,Sarayacu
13319.0,13319,Loreto,Ucayali,Vargas Guerra
13320.0,13320,Loreto,Ucayali,Vargas Guerra
13321.0,13321,Loreto,Ucayali,Vargas Guerra
13322.0,13322,Loreto,Ucayali,Pampa Hermosa
13323.0,13323,Loreto,Ucayali,Contamana
13324.0,13324,Loreto,Ucayali,Contamana
13325.0,13325,Loreto,Ucayali,Contamana
13326.0,13326,Loreto,Ucayali,Contamana
13327.0,13327,Loreto,Ucayali,Contamana
13328.0,13328,Loreto,Ucayali,Contamana
13329.0,13329,Loreto,Ucayali,Padre Marquez
13330.0,13330,Loreto,Ucayali,Padre Marquez
13331.0,13331,Ucayali,Coronel Portillo,Nueva Requena
13332.0,13332,Ucayali,Coronel Portillo,Nueva Requena
13333.0,13333,Ucayali,Coronel Portillo,Nueva Requena
13334.0,13334,Ucayali,Padre Abad,Curimana
13335.0,13335,Ucayali,Padre Abad,Curimana
13336.0,13336,Ucayali,Padre Abad,Neshuya
13337.0,13337,Ucayali,Padre Abad,Neshuya
13338.0,13338,Ucayali,Padre Abad,Alexander Von Humboldt
13339.0,13339,Ucayali,Padre Abad,Alexander Von Humboldt
13340.0,13340,Huanuco,Puerto Inca,Tournavista
13341.0,13341,Huanuco,Puerto Inca,Tournavista
13342.0,13342,Huanuco,Puerto Inca,Puerto Inca
13343.0,13343,Huanuco,Puerto Inca,Puerto Inca
13344.0,13344,Huanuco,Puerto Inca,Puerto Inca
13345.0,13345,Huanuco,Puerto Inca,Puerto Inca
13346.0,13346,Huanuco,Puerto Inca,Yuyapichis
13347.0,13347,Huanuco,Puerto Inca,Yuyapichis
13348.0,13348,Huanuco,Puerto Inca,Yuyapichis
13349.0,13349,Pasco,Oxapampa,Constitucion
13350.0,13350,Pasco,Oxapampa,Constitucion
13351.0,13351,Pasco,Oxapampa,Constitucion
13352.0,13352,Pasco,Oxapampa,Puerto Bermúdez
13353.0,13353,Pasco,Oxapampa,Puerto Bermúdez
13354.0,13354,Pasco,Oxapampa,Palcazu
13355.0,13355,Pasco,Oxapampa,Palcazu
13356.0,13356,Pasco,Oxapampa,Villa Rica
13357.0,13357,Pasco,Oxapampa,Puerto Bermúdez
13358.0,13358,Junin,Chanchamayo,Perene
13359.0,13359,Junin,Chanchamayo,Perene
13360.0,13360,Junin,Chanchamayo,Perene
13361.0,13361,Junin,Chanchamayo,Perene
13362.0,13362,Junin,Chanchamayo,Perene
13363.0,13363,Junin,Chanchamayo,Pichanaqui
13364.0,13364,Junin,Jauja,Monobamba
13365.0,13365,Junin,Jauja,Monobamba
13366.0,13366,Junin,Concepcion,Comas
13367.0,13367,Junin,Concepcion,Comas
13368.0,13368,Junin,Concepcion,Comas
13369.0,13369,Junin,Concepcion,Comas
13370.0,13370,Junin,Huancayo,Huancayo
13371.0,13371,Huancavelica,Tayacaja,San Marcos De Rocchac
13372.0,13372,Huancavelica,Tayacaja,Huaribamba
13373.0,13373,Huancavelica,Tayacaja,Pazos
13374.0,13374,Huancavelica,Tayacaja,Acostambo
13375.0,13375,Huancavelica,Huancavelica,Cuenca
13376.0,13376,Huancavelica,Huancavelica,Conayca
13377.0,13377,Huancavelica,Huancavelica,Huando
13378.0,13378,Huancavelica,Huancavelica,Ascension
13379.0,13379,Huancavelica,Huancavelica,Huancavelica
13380.0,13380,Huancavelica,Castrovirreyna,Santa Ana
13381.0,13381,Huancavelica,Castrovirreyna,Santa Ana
13382.0,13382,Huancavelica,Castrovirreyna,Santa Ana
13383.0,13383,Huancavelica,Huaytara,Pilpichaca
13384.0,13384,Huancavelica,Huaytara,Pilpichaca
13385.0,13385,Huancavelica,Huaytara,Pilpichaca
13386.0,13386,Huancavelica,Huaytara,Santo Domingo De Capillas
13387.0,13387,Huancavelica,Huaytara,Pilpichaca
13388.0,13388,Huancavelica,Huaytara,Santiago De Chocorvos
13389.0,13389,Huancavelica,Huaytara,Laramarca
13390.0,13390,Huancavelica,Huaytara,Laramarca
13391.0,13391,Huancavelica,Huaytara,Ocoyo
13392.0,13392,Ayacucho,Lucanas,Huac-Huas
13393.0,13393,Ica,Palpa,Rio Grande
13394.0,13394,Ayacucho,Lucanas,Llauta
13395.0,13395,Ayacucho,Lucanas,Laramate
13396.0,13396,Ayacucho,Lucanas,Ocaña
13397.0,13397,Ica,Nazca,El Ingenio
13398.0,13398,Ica,Nazca,El Ingenio
13399.0,13399,Ica,Nazca,Nazca
13400.0,13400,Ica,Nazca,Nazca
13401.0,13401,Ica,Nazca,Marcona
13402.0,13402,Ica,Nazca,Marcona
13403.0,13403,Ica,Nazca,Marcona
13404.0,13404,Ica,Nazca,Marcona
13405.0,13405,Arequipa,Caraveli,Lomas
13406.0,13406,Arequipa,Caraveli,Lomas
13407.0,13407,Arequipa,Caraveli,Lomas
13408.0,13408,Arequipa,Caraveli,Lomas
13409.0,13409,Arequipa,Caraveli,Lomas
13507.0,13507,Loreto,Loreto,Urarinas
13508.0,13508,Loreto,Loreto,Urarinas
13509.0,13509,Loreto,Loreto,Parinari
13510.0,13510,Loreto,Loreto,Parinari
13511.0,13511,Loreto,Loreto,Parinari
13512.0,13512,Loreto,Loreto,Parinari
13513.0,13513,Loreto,Loreto,Parinari
13514.0,13514,Loreto,Loreto,Parinari
13515.0,13515,Loreto,Loreto,Parinari
13516.0,13516,Loreto,Requena,Puinahua
13517.0,13517,Loreto,Requena,Puinahua
13518.0,13518,Loreto,Requena,Puinahua
13519.0,13519,Loreto,Requena,Puinahua
13520.0,13520,Loreto,Requena,Puinahua
13521.0,13521,Loreto,Ucayali,Sarayacu
13522.0,13522,Loreto,Ucayali,Sarayacu
13523.0,13523,Loreto,Ucayali,Sarayacu
13524.0,13524,Loreto,Ucayali,Sarayacu
13525.0,13525,Loreto,Ucayali,Sarayacu
13526.0,13526,Loreto,Requena,Maquia
13527.0,13527,Loreto,Requena,Maquia
13528.0,13528,Loreto,Ucayali,Sarayacu
13529.0,13529,Loreto,Ucayali,Vargas Guerra
13530.0,13530,Loreto,Ucayali,Vargas Guerra
13531.0,13531,Loreto,Ucayali,Vargas Guerra
13532.0,13532,Loreto,Ucayali,Contamana
13533.0,13533,Loreto,Ucayali,Contamana
13534.0,13534,Loreto,Ucayali,Contamana
13535.0,13535,Loreto,Ucayali,Contamana
13536.0,13536,Loreto,Ucayali,Contamana
13537.0,13537,Loreto,Ucayali,Contamana
13538.0,13538,Loreto,Ucayali,Padre Marquez
13539.0,13539,Loreto,Ucayali,Padre Marquez
13540.0,13540,Loreto,Ucayali,Padre Marquez
13541.0,13541,Ucayali,Coronel Portillo,Nueva Requena
13542.0,13542,Ucayali,Coronel Portillo,Nueva Requena
13543.0,13543,Ucayali,Coronel Portillo,Nueva Requena
13544.0,13544,Ucayali,Coronel Portillo,Campoverde
13545.0,13545,Ucayali,Coronel Portillo,Campoverde
13546.0,13546,Ucayali,Coronel Portillo,Campoverde
13547.0,13547,Ucayali,Coronel Portillo,Campoverde
13548.0,13548,Ucayali,Padre Abad,Neshuya
13549.0,13549,Ucayali,Padre Abad,Alexander Von Humboldt
13550.0,13550,Huanuco,Puerto Inca,Tournavista
13551.0,13551,Huanuco,Puerto Inca,Tournavista
13552.0,13552,Huanuco,Puerto Inca,Puerto Inca
13553.0,13553,Huanuco,Puerto Inca,Puerto Inca
13554.0,13554,Huanuco,Puerto Inca,Puerto Inca
13555.0,13555,Huanuco,Puerto Inca,Puerto Inca
13556.0,13556,Huanuco,Puerto Inca,Yuyapichis
13557.0,13557,Huanuco,Puerto Inca,Yuyapichis
13558.0,13558,Huanuco,Puerto Inca,Yuyapichis
13559.0,13559,Huanuco,Puerto Inca,Yuyapichis
13560.0,13560,Pasco,Oxapampa,Constitucion
13561.0,13561,Pasco,Oxapampa,Puerto Bermúdez
13562.0,13562,Pasco,Oxapampa,Puerto Bermúdez
13563.0,13563,Pasco,Oxapampa,Puerto Bermúdez
13564.0,13564,Pasco,Oxapampa,Puerto Bermúdez
13565.0,13565,Pasco,Oxapampa,Puerto Bermúdez
13566.0,13566,Pasco,Oxapampa,Puerto Bermúdez
13567.0,13567,Pasco,Oxapampa,Puerto Bermúdez
13568.0,13568,Junin,Chanchamayo,Pichanaqui
13569.0,13569,Junin,Chanchamayo,Perene
13570.0,13570,Junin,Chanchamayo,Perene
13571.0,13571,Junin,Chanchamayo,Pichanaqui
13572.0,13572,Junin,Chanchamayo,Pichanaqui
13573.0,13573,Junin,Chanchamayo,Pichanaqui
13574.0,13574,Junin,Satipo,Pampa Hermosa
13575.0,13575,Junin,Satipo,Pampa Hermosa
13576.0,13576,Junin,Satipo,Pampa Hermosa
13577.0,13577,Junin,Concepcion,Comas
13578.0,13578,Junin,Concepcion,Andamarca
13579.0,13579,Junin,Huancayo,Pariahuanca
13580.0,13580,Junin,Huancayo,Pariahuanca
13581.0,13581,Huancavelica,Tayacaja,San Marcos De Rocchac
13582.0,13582,Huancavelica,Tayacaja,Pichos
13583.0,13583,Huancavelica,Tayacaja,Pazos
13584.0,13584,Huancavelica,Tayacaja,Acraquia
13585.0,13585,Huancavelica,Tayacaja,Acraquia
13586.0,13586,Huancavelica,Huancavelica,Huando
13587.0,13587,Huancavelica,Huancavelica,Palca
13588.0,13588,Huancavelica,Huancavelica,Huancavelica
13589.0,13589,Huancavelica,Huancavelica,Huancavelica
13590.0,13590,Huancavelica,Huancavelica,Huachocolpa
13591.0,13591,Huancavelica,Huancavelica,Huachocolpa
13592.0,13592,Huancavelica,Huancavelica,Huachocolpa
13593.0,13593,Huancavelica,Huaytara,Pilpichaca
13594.0,13594,Huancavelica,Huaytara,Pilpichaca
13595.0,13595,Huancavelica,Huaytara,Pilpichaca
13596.0,13596,Huancavelica,Huaytara,Pilpichaca
13597.0,13597,Huancavelica,Huaytara,Santiago De Chocorvos
13598.0,13598,Huancavelica,Huaytara,Querco
13599.0,13599,Huancavelica,Huaytara,Querco
13600.0,13600,Huancavelica,Huaytara,Querco
13601.0,13601,Huancavelica,Huaytara,Santiago De Quirahuara
13602.0,13602,Ayacucho,Lucanas,Huac-Huas
13603.0,13603,Ayacucho,Lucanas,Llauta
13604.0,13604,Ayacucho,Lucanas,Laramate
13605.0,13605,Ayacucho,Lucanas,Ocaña
13606.0,13606,Ayacucho,Lucanas,Ocaña
13607.0,13607,Ica,Nazca,El Ingenio
13608.0,13608,Ica,Nazca,Nazca
13609.0,13609,Ica,Nazca,Vista Alegre
13610.0,13610,Ica,Nazca,Vista Alegre
13611.0,13611,Ica,Nazca,Marcona
13612.0,13612,Ica,Nazca,Marcona
13613.0,13613,Arequipa,Caraveli,Lomas
13614.0,13614,Arequipa,Caraveli,Lomas
13615.0,13615,Arequipa,Caraveli,Lomas
13616.0,13616,Arequipa,Caraveli,Lomas
13617.0,13617,Arequipa,Caraveli,Lomas
13618.0,13618,Arequipa,Caraveli,Lomas
13619.0,13619,Arequipa,Caraveli,Lomas
13717.0,13717,Loreto,Loreto,Urarinas
13718.0,13718,Loreto,Loreto,Urarinas
13719.0,13719,Loreto,Loreto,Parinari
13720.0,13720,Loreto,Loreto,Parinari
13721.0,13721,Loreto,Loreto,Parinari
13722.0,13722,Loreto,Loreto,Parinari
13723.0,13723,Loreto,Loreto,Parinari
13724.0,13724,Loreto,Loreto,Parinari
13725.0,13725,Loreto,Loreto,Parinari
13726.0,13726,Loreto,Requena,Puinahua
13727.0,13727,Loreto,Requena,Puinahua
13728.0,13728,Loreto,Requena,Puinahua
13729.0,13729,Loreto,Requena,Maquia
13730.0,13730,Loreto,Ucayali,Sarayacu
13731.0,13731,Loreto,Ucayali,Sarayacu
13732.0,13732,Loreto,Ucayali,Sarayacu
13733.0,13733,Loreto,Requena,Maquia
13734.0,13734,Loreto,Requena,Maquia
13735.0,13735,Loreto,Requena,Maquia
13736.0,13736,Loreto,Requena,Maquia
13737.0,13737,Loreto,Requena,Maquia
13738.0,13738,Loreto,Requena,Maquia
13739.0,13739,Loreto,Requena,Maquia
13740.0,13740,Loreto,Ucayali,Vargas Guerra
13741.0,13741,Loreto,Ucayali,Vargas Guerra
13742.0,13742,Loreto,Requena,Maquia
13743.0,13743,Loreto,Requena,Maquia
13744.0,13744,Loreto,Ucayali,Contamana
13745.0,13745,Loreto,Ucayali,Contamana
13746.0,13746,Loreto,Ucayali,Contamana
13747.0,13747,Loreto,Ucayali,Contamana
13748.0,13748,Loreto,Ucayali,Contamana
13749.0,13749,Loreto,Ucayali,Padre Marquez
13750.0,13750,Loreto,Ucayali,Padre Marquez
13751.0,13751,Loreto,Ucayali,Padre Marquez
13752.0,13752,Ucayali,Coronel Portillo,Nueva Requena
13753.0,13753,Ucayali,Coronel Portillo,Nueva Requena
13754.0,13754,Ucayali,Coronel Portillo,Nueva Requena
13755.0,13755,Ucayali,Coronel Portillo,Campoverde
13756.0,13756,Ucayali,Coronel Portillo,Campoverde
13757.0,13757,Ucayali,Coronel Portillo,Campoverde
13758.0,13758,Ucayali,Coronel Portillo,Campoverde
13759.0,13759,Huanuco,Puerto Inca,Honoria
13760.0,13760,Huanuco,Puerto Inca,Tournavista
13761.0,13761,Huanuco,Puerto Inca,Tournavista
13762.0,13762,Huanuco,Puerto Inca,Puerto Inca
13763.0,13763,Huanuco,Puerto Inca,Puerto Inca
13764.0,13764,Huanuco,Puerto Inca,Puerto Inca
13765.0,13765,Huanuco,Puerto Inca,Yuyapichis
13766.0,13766,Huanuco,Puerto Inca,Yuyapichis
13767.0,13767,Huanuco,Puerto Inca,Yuyapichis
13768.0,13768,Huanuco,Puerto Inca,Yuyapichis
13769.0,13769,Pasco,Oxapampa,Constitucion
13770.0,13770,Pasco,Oxapampa,Constitucion
13771.0,13771,Pasco,Oxapampa,Puerto Bermúdez
13772.0,13772,Pasco,Oxapampa,Puerto Bermúdez
13773.0,13773,Pasco,Oxapampa,Puerto Bermúdez
13774.0,13774,Pasco,Oxapampa,Puerto Bermúdez
13775.0,13775,Pasco,Oxapampa,Puerto Bermúdez
13776.0,13776,Pasco,Oxapampa,Puerto Bermúdez
13777.0,13777,Pasco,Oxapampa,Puerto Bermúdez
13778.0,13778,Junin,Chanchamayo,Pichanaqui
13779.0,13779,Junin,Chanchamayo,Pichanaqui
13780.0,13780,Junin,Chanchamayo,Pichanaqui
13781.0,13781,Junin,Chanchamayo,Pichanaqui
13782.0,13782,Junin,Satipo,Rio Negro
13783.0,13783,Junin,Satipo,Satipo
13784.0,13784,Junin,Satipo,Pampa Hermosa
13785.0,13785,Junin,Satipo,Pampa Hermosa
13786.0,13786,Junin,Satipo,Pampa Hermosa
13787.0,13787,Junin,Concepcion,Andamarca
13788.0,13788,Junin,Concepcion,Andamarca
13789.0,13789,Junin,Huancayo,Santo Domingo De Acobamba
13790.0,13790,Junin,Huancayo,Pariahuanca
13791.0,13791,Junin,Huancayo,Pariahuanca
13792.0,13792,Huancavelica,Tayacaja,San Marcos De Rocchac
13793.0,13793,Huancavelica,Tayacaja,Huaribamba
13794.0,13794,Huancavelica,Tayacaja,Daniel Hernandez
13795.0,13795,Huancavelica,Tayacaja,Pampas
13796.0,13796,Huancavelica,Huancavelica,Acoria
13797.0,13797,Huancavelica,Huancavelica,Acoria
13798.0,13798,Huancavelica,Huancavelica,Yauli
13799.0,13799,Huancavelica,Huancavelica,Yauli
13800.0,13800,Huancavelica,Angaraes,Ccochaccasa
13801.0,13801,Huancavelica,Angaraes,Lircay
13802.0,13802,Huancavelica,Angaraes,Lircay
13803.0,13803,Huancavelica,Huaytara,Pilpichaca
13804.0,13804,Huancavelica,Huaytara,Pilpichaca
13805.0,13805,Ayacucho,Cangallo,Paras
13806.0,13806,Huancavelica,Huaytara,Pilpichaca
13807.0,13807,Huancavelica,Huaytara,Pilpichaca
13808.0,13808,Huancavelica,Huaytara,Querco
13809.0,13809,Huancavelica,Huaytara,Querco
13810.0,13810,Huancavelica,Huaytara,Querco
13811.0,13811,Huancavelica,Huaytara,Santiago De Quirahuara
13812.0,13812,Ayacucho,Lucanas,Llauta
13813.0,13813,Ayacucho,Lucanas,Laramate
13814.0,13814,Ayacucho,Lucanas,Laramate
13815.0,13815,Ayacucho,Lucanas,Ocaña
13816.0,13816,Ayacucho,Lucanas,Otoca
13817.0,13817,Ica,Nazca,El Ingenio
13818.0,13818,Ica,Nazca,Nazca
13819.0,13819,Ica,Nazca,Nazca
13820.0,13820,Ica,Nazca,Vista Alegre
13821.0,13821,Ica,Nazca,Marcona
13822.0,13822,Ica,Nazca,Marcona
13823.0,13823,Arequipa,Caraveli,Bella Union
13824.0,13824,Arequipa,Caraveli,Bella Union
13825.0,13825,Arequipa,Caraveli,Bella Union
13826.0,13826,Arequipa,Caraveli,Lomas
13827.0,13827,Arequipa,Caraveli,Lomas
13828.0,13828,Arequipa,Caraveli,Lomas
13829.0,13829,Arequipa,Caraveli,Bella Union
13830.0,13830,Arequipa,Caraveli,Bella Union
13927.0,13927,Loreto,Loreto,Urarinas
13928.0,13928,Loreto,Loreto,Parinari
13929.0,13929,Loreto,Loreto,Parinari
13930.0,13930,Loreto,Loreto,Parinari
13931.0,13931,Loreto,Loreto,Parinari
13932.0,13932,Loreto,Loreto,Parinari
13933.0,13933,Loreto,Loreto,Parinari
13934.0,13934,Loreto,Loreto,Parinari
13935.0,13935,Loreto,Requena,Puinahua
13936.0,13936,Loreto,Requena,Puinahua
13937.0,13937,Loreto,Requena,Puinahua
13938.0,13938,Loreto,Requena,Maquia
13939.0,13939,Loreto,Requena,Maquia
13940.0,13940,Loreto,Ucayali,Sarayacu
13941.0,13941,Loreto,Ucayali,Sarayacu
13942.0,13942,Loreto,Requena,Maquia
13943.0,13943,Loreto,Requena,Maquia
13944.0,13944,Loreto,Requena,Maquia
13945.0,13945,Loreto,Requena,Maquia
13946.0,13946,Loreto,Requena,Maquia
13947.0,13947,Loreto,Requena,Maquia
13948.0,13948,Loreto,Requena,Maquia
13949.0,13949,Loreto,Requena,Maquia
13950.0,13950,Loreto,Requena,Maquia
13951.0,13951,Loreto,Requena,Maquia
13952.0,13952,Loreto,Requena,Maquia
13953.0,13953,Loreto,Requena,Maquia
13954.0,13954,Loreto,Ucayali,Contamana
13955.0,13955,Loreto,Ucayali,Contamana
13956.0,13956,Loreto,Ucayali,Contamana
13957.0,13957,Loreto,Ucayali,Contamana
13958.0,13958,Loreto,Ucayali,Padre Marquez
13959.0,13959,Loreto,Ucayali,Padre Marquez
13960.0,13960,Loreto,Ucayali,Padre Marquez
13961.0,13961,Ucayali,Coronel Portillo,Nueva Requena
13962.0,13962,Ucayali,Coronel Portillo,Yarinacocha
13963.0,13963,Ucayali,Coronel Portillo,Yarinacocha
13964.0,13964,Ucayali,Coronel Portillo,Campoverde
13965.0,13965,Ucayali,Coronel Portillo,Campoverde
13966.0,13966,Ucayali,Coronel Portillo,Campoverde
13967.0,13967,Huanuco,Puerto Inca,Honoria
13968.0,13968,Huanuco,Puerto Inca,Honoria
13969.0,13969,Huanuco,Puerto Inca,Tournavista
13970.0,13970,Huanuco,Puerto Inca,Tournavista
13971.0,13971,Huanuco,Puerto Inca,Tournavista
13972.0,13972,Huanuco,Puerto Inca,Tournavista
13973.0,13973,Huanuco,Puerto Inca,Puerto Inca
13974.0,13974,Huanuco,Puerto Inca,Puerto Inca
13975.0,13975,Huanuco,Puerto Inca,Yuyapichis
13976.0,13976,Huanuco,Puerto Inca,Yuyapichis
13977.0,13977,Pasco,Oxapampa,Constitucion
13978.0,13978,Pasco,Oxapampa,Constitucion
13979.0,13979,Pasco,Oxapampa,Constitucion
13980.0,13980,Pasco,Oxapampa,Constitucion
13981.0,13981,Pasco,Oxapampa,Puerto Bermúdez
13982.0,13982,Pasco,Oxapampa,Puerto Bermúdez
13983.0,13983,Pasco,Oxapampa,Puerto Bermúdez
13984.0,13984,Pasco,Oxapampa,Puerto Bermúdez
13985.0,13985,Pasco,Oxapampa,Puerto Bermúdez
13986.0,13986,Pasco,Oxapampa,Puerto Bermúdez
13987.0,13987,Pasco,Oxapampa,Puerto Bermúdez
13988.0,13988,Pasco,Oxapampa,Puerto Bermúdez
13989.0,13989,Junin,Chanchamayo,Pichanaqui
13990.0,13990,Junin,Chanchamayo,Pichanaqui
13991.0,13991,Junin,Chanchamayo,Pichanaqui
13992.0,13992,Junin,Satipo,Rio Negro
13993.0,13993,Junin,Satipo,Satipo
13994.0,13994,Junin,Satipo,Pampa Hermosa
13995.0,13995,Junin,Satipo,Pampa Hermosa
13996.0,13996,Junin,Satipo,Pampa Hermosa
13997.0,13997,Junin,Concepcion,Andamarca
13998.0,13998,Junin,Huancayo,Santo Domingo De Acobamba
13999.0,13999,Junin,Huancayo,Santo Domingo De Acobamba
14000.0,14000,Junin,Huancayo,Pariahuanca
14001.0,14001,Huancavelica,Tayacaja,Salcahuasi
14002.0,14002,Huancavelica,Tayacaja,Salcahuasi
14003.0,14003,Huancavelica,Tayacaja,Quishuar
14004.0,14004,Huancavelica,Tayacaja,Colcabamba
14005.0,14005,Huancavelica,Tayacaja,Quichuas
14006.0,14006,Huancavelica,Huancavelica,Acoria
14007.0,14007,Huancavelica,Acobamba,Paucara
14008.0,14008,Huancavelica,Acobamba,Paucara
14009.0,14009,Huancavelica,Huancavelica,Yauli
14010.0,14010,Huancavelica,Angaraes,Ccochaccasa
14011.0,14011,Huancavelica,Angaraes,Lircay
14012.0,14012,Huancavelica,Angaraes,Lircay
14013.0,14013,Huancavelica,Huaytara,Pilpichaca
14014.0,14014,Ayacucho,Cangallo,Paras
14015.0,14015,Ayacucho,Cangallo,Paras
14016.0,14016,Ayacucho,Cangallo,Paras
14017.0,14017,Ayacucho,Victor Fajardo,Vilcanchos
14018.0,14018,Ayacucho,Victor Fajardo,Vilcanchos
14019.0,14019,Ayacucho,Huanca Sancos,Sancos
14020.0,14020,Ayacucho,Huanca Sancos,Sancos
14021.0,14021,Ayacucho,Huanca Sancos,Sancos
14022.0,14022,Ayacucho,Lucanas,Laramate
14023.0,14023,Ayacucho,Lucanas,Laramate
14024.0,14024,Ayacucho,Lucanas,Ocaña
14025.0,14025,Ayacucho,Lucanas,Otoca
14026.0,14026,Ayacucho,Lucanas,Otoca
14027.0,14027,Ayacucho,Lucanas,Leoncio Prado
14028.0,14028,Ica,Nazca,Nazca
14029.0,14029,Ica,Nazca,Nazca
14030.0,14030,Ica,Nazca,Vista Alegre
14031.0,14031,Ica,Nazca,Marcona
14032.0,14032,Arequipa,Caraveli,Bella Union
14033.0,14033,Arequipa,Caraveli,Bella Union
14034.0,14034,Arequipa,Caraveli,Bella Union
14035.0,14035,Arequipa,Caraveli,Bella Union
14036.0,14036,Arequipa,Caraveli,Bella Union
14037.0,14037,Arequipa,Caraveli,Bella Union
14038.0,14038,Arequipa,Caraveli,Bella Union
14039.0,14039,Arequipa,Caraveli,Bella Union
14040.0,14040,Arequipa,Caraveli,Yauca
14137.0,14137,Loreto,Loreto,Parinari
14138.0,14138,Loreto,Loreto,Parinari
14139.0,14139,Loreto,Loreto,Parinari
14140.0,14140,Loreto,Loreto,Parinari
14141.0,14141,Loreto,Loreto,Parinari
14142.0,14142,Loreto,Loreto,Parinari
14143.0,14143,Loreto,Loreto,Parinari
14144.0,14144,Loreto,Loreto,Parinari
14145.0,14145,Loreto,Requena,Puinahua
14146.0,14146,Loreto,Requena,Maquia
14147.0,14147,Loreto,Requena,Maquia
14148.0,14148,Loreto,Requena,Maquia
14149.0,14149,Loreto,Requena,Maquia
14150.0,14150,Loreto,Requena,Maquia
14151.0,14151,Loreto,Requena,Maquia
14152.0,14152,Loreto,Requena,Maquia
14153.0,14153,Loreto,Requena,Emilio San Martin
14154.0,14154,Loreto,Requena,Emilio San Martin
14155.0,14155,Loreto,Requena,Emilio San Martin
14156.0,14156,Loreto,Requena,Emilio San Martin
14157.0,14157,Loreto,Requena,Emilio San Martin
14158.0,14158,Loreto,Requena,Emilio San Martin
14159.0,14159,Loreto,Requena,Emilio San Martin
14160.0,14160,Loreto,Requena,Emilio San Martin
14161.0,14161,Loreto,Requena,Maquia
14162.0,14162,Loreto,Requena,Maquia
14163.0,14163,Loreto,Requena,Maquia
14164.0,14164,Loreto,Ucayali,Contamana
14165.0,14165,Loreto,Ucayali,Contamana
14166.0,14166,Loreto,Ucayali,Contamana
14167.0,14167,Loreto,Ucayali,Padre Marquez
14168.0,14168,Loreto,Ucayali,Padre Marquez
14169.0,14169,Loreto,Ucayali,Padre Marquez
14170.0,14170,Ucayali,Coronel Portillo,Calleria
14171.0,14171,Ucayali,Coronel Portillo,Calleria
14172.0,14172,Ucayali,Coronel Portillo,Calleria
14173.0,14173,Ucayali,Coronel Portillo,Yarinacocha
14174.0,14174,Ucayali,Coronel Portillo,Yarinacocha
14175.0,14175,Ucayali,Coronel Portillo,Calleria
14176.0,14176,Ucayali,Coronel Portillo,Manantay
14177.0,14177,Huanuco,Puerto Inca,Honoria
14178.0,14178,Huanuco,Puerto Inca,Honoria
14179.0,14179,Huanuco,Puerto Inca,Tournavista
14180.0,14180,Huanuco,Puerto Inca,Tournavista
14181.0,14181,Ucayali,Coronel Portillo,Iparia
14182.0,14182,Huanuco,Puerto Inca,Tournavista
14183.0,14183,Huanuco,Puerto Inca,Tournavista
14184.0,14184,Huanuco,Puerto Inca,Puerto Inca
14185.0,14185,Ucayali,Coronel Portillo,Iparia
14186.0,14186,Pasco,Oxapampa,Constitucion
14187.0,14187,Pasco,Oxapampa,Constitucion
14188.0,14188,Pasco,Oxapampa,Constitucion
14189.0,14189,Pasco,Oxapampa,Constitucion
14190.0,14190,Pasco,Oxapampa,Constitucion
14191.0,14191,Pasco,Oxapampa,Puerto Bermúdez
14192.0,14192,Pasco,Oxapampa,Puerto Bermúdez
14193.0,14193,Pasco,Oxapampa,Puerto Bermúdez
14194.0,14194,Pasco,Oxapampa,Puerto Bermúdez
14195.0,14195,Pasco,Oxapampa,Puerto Bermúdez
14196.0,14196,Pasco,Oxapampa,Puerto Bermúdez
14197.0,14197,Pasco,Oxapampa,Puerto Bermúdez
14198.0,14198,Pasco,Oxapampa,Puerto Bermúdez
14199.0,14199,Pasco,Oxapampa,Puerto Bermúdez
14200.0,14200,Junin,Satipo,Rio Tambo
14201.0,14201,Junin,Satipo,Rio Negro
14202.0,14202,Junin,Satipo,Rio Negro
14203.0,14203,Junin,Satipo,Satipo
14204.0,14204,Junin,Satipo,Coviriali
14205.0,14205,Junin,Satipo,Llaylla
14206.0,14206,Junin,Satipo,Llaylla
14207.0,14207,Junin,Satipo,Pangoa
14208.0,14208,Junin,Huancayo,Santo Domingo De Acobamba
14209.0,14209,Junin,Huancayo,Santo Domingo De Acobamba
14210.0,14210,Junin,Huancayo,Santo Domingo De Acobamba
14211.0,14211,Huancavelica,Tayacaja,Huachocolpa
14212.0,14212,Huancavelica,Tayacaja,Surcubamba
14213.0,14213,Huancavelica,Tayacaja,Andaymarca
14214.0,14214,Huancavelica,Tayacaja,Colcabamba
14215.0,14215,Huancavelica,Tayacaja,Colcabamba
14216.0,14216,Huancavelica,Churcampa,Cosme
14217.0,14217,Huancavelica,Acobamba,Andabamba
14218.0,14218,Huancavelica,Acobamba,Rosario
14219.0,14219,Huancavelica,Acobamba,Anta
14220.0,14220,Huancavelica,Angaraes,Huanca Huanca
14221.0,14221,Huancavelica,Angaraes,Huanca Huanca
14222.0,14222,Huancavelica,Angaraes,Lircay
14223.0,14223,Huancavelica,Angaraes,Lircay
14224.0,14224,Huancavelica,Huaytara,Pilpichaca
14225.0,14225,Ayacucho,Cangallo,Paras
14226.0,14226,Ayacucho,Cangallo,Paras
14227.0,14227,Ayacucho,Victor Fajardo,Vilcanchos
14228.0,14228,Ayacucho,Huanca Sancos,Santiago De Lucanamarca
14229.0,14229,Ayacucho,Huanca Sancos,Sancos
14230.0,14230,Ayacucho,Huanca Sancos,Sancos
14231.0,14231,Ayacucho,Huanca Sancos,Sancos
14232.0,14232,Ayacucho,Lucanas,Laramate
14233.0,14233,Ayacucho,Lucanas,Ocaña
14234.0,14234,Ayacucho,Lucanas,Ocaña
14235.0,14235,Ayacucho,Lucanas,Otoca
14236.0,14236,Ayacucho,Lucanas,Otoca
14237.0,14237,Ayacucho,Lucanas,Leoncio Prado
14238.0,14238,Ayacucho,Lucanas,Leoncio Prado
14239.0,14239,Ayacucho,Lucanas,Leoncio Prado
14240.0,14240,Ayacucho,Lucanas,Santa Lucia
14241.0,14241,Ayacucho,Lucanas,Santa Lucia
14242.0,14242,Arequipa,Caraveli,Bella Union
14243.0,14243,Arequipa,Caraveli,Bella Union
14244.0,14244,Arequipa,Caraveli,Bella Union
14245.0,14245,Arequipa,Caraveli,Bella Union
14246.0,14246,Arequipa,Caraveli,Bella Union
14247.0,14247,Arequipa,Caraveli,Bella Union
14248.0,14248,Arequipa,Caraveli,Yauca
14249.0,14249,Arequipa,Caraveli,Yauca
14250.0,14250,Arequipa,Caraveli,Atiquipa
14347.0,14347,Loreto,Loreto,Parinari
14348.0,14348,Loreto,Loreto,Parinari
14349.0,14349,Loreto,Loreto,Parinari
14350.0,14350,Loreto,Loreto,Parinari
14351.0,14351,Loreto,Loreto,Parinari
14352.0,14352,Loreto,Loreto,Parinari
14353.0,14353,Loreto,Loreto,Parinari
14354.0,14354,Loreto,Requena,Puinahua
14355.0,14355,Loreto,Requena,Puinahua
14356.0,14356,Loreto,Requena,Maquia
14357.0,14357,Loreto,Requena,Maquia
14358.0,14358,Loreto,Requena,Maquia
14359.0,14359,Loreto,Requena,Maquia
14360.0,14360,Loreto,Requena,Maquia
14361.0,14361,Loreto,Requena,Maquia
14362.0,14362,Loreto,Requena,Emilio San Martin
14363.0,14363,Loreto,Requena,Emilio San Martin
14364.0,14364,Loreto,Requena,Emilio San Martin
14365.0,14365,Loreto,Requena,Emilio San Martin
14366.0,14366,Loreto,Requena,Emilio San Martin
14367.0,14367,Loreto,Requena,Emilio San Martin
14368.0,14368,Loreto,Requena,Emilio San Martin
14369.0,14369,Loreto,Requena,Emilio San Martin
14370.0,14370,Loreto,Requena,Emilio San Martin
14371.0,14371,Loreto,Requena,Alto Tapiche
14372.0,14372,Loreto,Requena,Alto Tapiche
14373.0,14373,Loreto,Ucayali,Contamana
14374.0,14374,Ucayali,Coronel Portillo,Calleria
14375.0,14375,Ucayali,Coronel Portillo,Calleria
14376.0,14376,Ucayali,Coronel Portillo,Calleria
14377.0,14377,Ucayali,Coronel Portillo,Calleria
14378.0,14378,Loreto,Ucayali,Padre Marquez
14379.0,14379,Ucayali,Coronel Portillo,Calleria
14380.0,14380,Ucayali,Coronel Portillo,Calleria
14381.0,14381,Ucayali,Coronel Portillo,Calleria
14382.0,14382,Ucayali,Coronel Portillo,Calleria
14383.0,14383,Ucayali,Coronel Portillo,Yarinacocha
14384.0,14384,Ucayali,Coronel Portillo,Calleria
14385.0,14385,Ucayali,Coronel Portillo,Manantay
14386.0,14386,Ucayali,Coronel Portillo,Manantay
14387.0,14387,Huanuco,Puerto Inca,Honoria
14388.0,14388,Huanuco,Puerto Inca,Honoria
14389.0,14389,Ucayali,Coronel Portillo,Iparia
14390.0,14390,Ucayali,Coronel Portillo,Iparia
14391.0,14391,Ucayali,Coronel Portillo,Iparia
14392.0,14392,Ucayali,Coronel Portillo,Iparia
14393.0,14393,Ucayali,Coronel Portillo,Iparia
14394.0,14394,Ucayali,Coronel Portillo,Iparia
14395.0,14395,Ucayali,Coronel Portillo,Iparia
14396.0,14396,Ucayali,Coronel Portillo,Iparia
14397.0,14397,Pasco,Oxapampa,Constitucion
14398.0,14398,Pasco,Oxapampa,Constitucion
14399.0,14399,Pasco,Oxapampa,Constitucion
14400.0,14400,Pasco,Oxapampa,Constitucion
14401.0,14401,Pasco,Oxapampa,Puerto Bermúdez
14402.0,14402,Pasco,Oxapampa,Puerto Bermúdez
14403.0,14403,Pasco,Oxapampa,Puerto Bermúdez
14404.0,14404,Pasco,Oxapampa,Puerto Bermúdez
14405.0,14405,Pasco,Oxapampa,Puerto Bermúdez
14406.0,14406,Pasco,Oxapampa,Puerto Bermúdez
14407.0,14407,Pasco,Oxapampa,Puerto Bermúdez
14408.0,14408,Pasco,Oxapampa,Puerto Bermúdez
14409.0,14409,Pasco,Oxapampa,Puerto Bermúdez
14410.0,14410,Junin,Satipo,Rio Tambo
14411.0,14411,Junin,Satipo,Rio Negro
14412.0,14412,Junin,Satipo,Satipo
14413.0,14413,Junin,Satipo,Mazamari
14414.0,14414,Junin,Satipo,Llaylla
14415.0,14415,Junin,Satipo,Pangoa
14416.0,14416,Junin,Satipo,Pangoa
14417.0,14417,Junin,Satipo,Pangoa
14418.0,14418,Junin,Satipo,Pangoa
14419.0,14419,Junin,Satipo,Pangoa
14420.0,14420,Junin,Huancayo,Santo Domingo De Acobamba
14421.0,14421,Huancavelica,Tayacaja,Huachocolpa
14422.0,14422,Huancavelica,Tayacaja,Tintay Puncu
14423.0,14423,Huancavelica,Tayacaja,Tintay Puncu
14424.0,14424,Ayacucho,Huanta,Pucacolpa
14425.0,14425,Huancavelica,Churcampa,Chinchihuasi
14426.0,14426,Huancavelica,Churcampa,Paucarbamba
14427.0,14427,Huancavelica,Churcampa,Anco
14428.0,14428,Huancavelica,Acobamba,Rosario
14429.0,14429,Huancavelica,Acobamba,Acobamba
14430.0,14430,Huancavelica,Angaraes,Congalla
14431.0,14431,Huancavelica,Angaraes,Secclla
14432.0,14432,Huancavelica,Angaraes,Secclla
14433.0,14433,Ayacucho,Huamanga,Vinchos
14434.0,14434,Ayacucho,Huamanga,Vinchos
14435.0,14435,Ayacucho,Cangallo,Chuschi
14436.0,14436,Ayacucho,Cangallo,Totos
14437.0,14437,Ayacucho,Victor Fajardo,Vilcanchos
14438.0,14438,Ayacucho,Huanca Sancos,Santiago De Lucanamarca
14439.0,14439,Ayacucho,Huanca Sancos,Santiago De Lucanamarca
14440.0,14440,Ayacucho,Huanca Sancos,Sancos
14441.0,14441,Ayacucho,Huanca Sancos,Sancos
14442.0,14442,Ayacucho,Huanca Sancos,Sancos
14443.0,14443,Ayacucho,Lucanas,San Pedro De Palco
14444.0,14444,Ayacucho,Lucanas,San Pedro De Palco
14445.0,14445,Ayacucho,Lucanas,Otoca
14446.0,14446,Ayacucho,Lucanas,Leoncio Prado
14447.0,14447,Ayacucho,Lucanas,Leoncio Prado
14448.0,14448,Ayacucho,Lucanas,Leoncio Prado
14449.0,14449,Ayacucho,Lucanas,Santa Lucia
14450.0,14450,Ayacucho,Lucanas,Santa Lucia
14451.0,14451,Ayacucho,Lucanas,Santa Lucia
14452.0,14452,Arequipa,Caraveli,Bella Union
14453.0,14453,Arequipa,Caraveli,Acari
14454.0,14454,Arequipa,Caraveli,Acari
14455.0,14455,Arequipa,Caraveli,Acari
14456.0,14456,Arequipa,Caraveli,Acari
14457.0,14457,Arequipa,Caraveli,Yauca
14458.0,14458,Arequipa,Caraveli,Yauca
14459.0,14459,Arequipa,Caraveli,Atiquipa
14460.0,14460,Arequipa,Caraveli,Atiquipa
14461.0,14461,Arequipa,Caraveli,Atiquipa
14557.0,14557,Loreto,Loreto,Parinari
14558.0,14558,Loreto,Loreto,Parinari
14559.0,14559,Loreto,Loreto,Parinari
14560.0,14560,Loreto,Loreto,Parinari
14561.0,14561,Loreto,Loreto,Parinari
14562.0,14562,Loreto,Loreto,Parinari
14563.0,14563,Loreto,Requena,Puinahua
14564.0,14564,Loreto,Requena,Puinahua
14565.0,14565,Loreto,Requena,Puinahua
14566.0,14566,Loreto,Requena,Puinahua
14567.0,14567,Loreto,Requena,Puinahua
14568.0,14568,Loreto,Requena,Emilio San Martin
14569.0,14569,Loreto,Requena,Emilio San Martin
14570.0,14570,Loreto,Requena,Emilio San Martin
14571.0,14571,Loreto,Requena,Emilio San Martin
14572.0,14572,Loreto,Requena,Emilio San Martin
14573.0,14573,Loreto,Requena,Emilio San Martin
14574.0,14574,Loreto,Requena,Emilio San Martin
14575.0,14575,Loreto,Requena,Emilio San Martin
14576.0,14576,Loreto,Requena,Alto Tapiche
14577.0,14577,Loreto,Requena,Alto Tapiche
14578.0,14578,Loreto,Requena,Alto Tapiche
14579.0,14579,Loreto,Requena,Alto Tapiche
14580.0,14580,Loreto,Requena,Alto Tapiche
14581.0,14581,Loreto,Requena,Alto Tapiche
14582.0,14582,Loreto,Requena,Alto Tapiche
14583.0,14583,Loreto,Requena,Alto Tapiche
14584.0,14584,Ucayali,Coronel Portillo,Calleria
14585.0,14585,Ucayali,Coronel Portillo,Calleria
14586.0,14586,Ucayali,Coronel Portillo,Calleria
14587.0,14587,Ucayali,Coronel Portillo,Calleria
14588.0,14588,Ucayali,Coronel Portillo,Calleria
14589.0,14589,Ucayali,Coronel Portillo,Calleria
14590.0,14590,Ucayali,Coronel Portillo,Calleria
14591.0,14591,Ucayali,Coronel Portillo,Calleria
14592.0,14592,Ucayali,Coronel Portillo,Calleria
14593.0,14593,Ucayali,Coronel Portillo,Calleria
14594.0,14594,Ucayali,Coronel Portillo,Calleria
14595.0,14595,Ucayali,Coronel Portillo,Manantay
14596.0,14596,Ucayali,Coronel Portillo,Manantay
14597.0,14597,Ucayali,Coronel Portillo,Manantay
14598.0,14598,Ucayali,Coronel Portillo,Masisea
14599.0,14599,Ucayali,Coronel Portillo,Masisea
14600.0,14600,Ucayali,Coronel Portillo,Iparia
14601.0,14601,Ucayali,Coronel Portillo,Iparia
14602.0,14602,Ucayali,Coronel Portillo,Iparia
14603.0,14603,Ucayali,Coronel Portillo,Iparia
14604.0,14604,Ucayali,Coronel Portillo,Iparia
14605.0,14605,Ucayali,Coronel Portillo,Iparia
14606.0,14606,Ucayali,Coronel Portillo,Iparia
14607.0,14607,Ucayali,Coronel Portillo,Iparia
14608.0,14608,Ucayali,Coronel Portillo,Iparia
14609.0,14609,Ucayali,Coronel Portillo,Iparia
14610.0,14610,Pasco,Oxapampa,Constitucion
14611.0,14611,Pasco,Oxapampa,Puerto Bermúdez
14612.0,14612,Pasco,Oxapampa,Puerto Bermúdez
14613.0,14613,Pasco,Oxapampa,Puerto Bermúdez
14614.0,14614,Pasco,Oxapampa,Puerto Bermúdez
14615.0,14615,Pasco,Oxapampa,Puerto Bermúdez
14616.0,14616,Pasco,Oxapampa,Puerto Bermúdez
14617.0,14617,Pasco,Oxapampa,Puerto Bermúdez
14618.0,14618,Pasco,Oxapampa,Puerto Bermúdez
14619.0,14619,Ucayali,Atalaya,Raymondi
14620.0,14620,Ucayali,Atalaya,Raymondi
14621.0,14621,Junin,Satipo,Rio Tambo
14622.0,14622,Junin,Satipo,Satipo
14623.0,14623,Junin,Satipo,Mazamari
14624.0,14624,Junin,Satipo,Mazamari
14625.0,14625,Junin,Satipo,Pangoa
14626.0,14626,Junin,Satipo,Pangoa
14627.0,14627,Junin,Satipo,Pangoa
14628.0,14628,Junin,Satipo,Pangoa
14629.0,14629,Junin,Satipo,Pangoa
14630.0,14630,Junin,Satipo,Pangoa
14631.0,14631,Huancavelica,Tayacaja,Huachocolpa
14632.0,14632,Huancavelica,Tayacaja,Tintay Puncu
14633.0,14633,Huancavelica,Tayacaja,Roble
14634.0,14634,Ayacucho,Huanta,Pucacolpa
14635.0,14635,Huancavelica,Churcampa,Pachamarca
14636.0,14636,Huancavelica,Churcampa,Pachamarca
14637.0,14637,Huancavelica,Churcampa,Locroja
14638.0,14638,Huancavelica,Churcampa,Locroja
14639.0,14639,Huancavelica,Acobamba,Marcas
14640.0,14640,Huancavelica,Acobamba,Caja
14641.0,14641,Huancavelica,Angaraes,San Antonio De Antaparco
14642.0,14642,Huancavelica,Angaraes,Santo Tomas De Pata
14643.0,14643,Ayacucho,Huamanga,Vinchos
14644.0,14644,Ayacucho,Huamanga,Vinchos
14645.0,14645,Ayacucho,Cangallo,Chuschi
14646.0,14646,Ayacucho,Cangallo,Totos
14647.0,14647,Ayacucho,Victor Fajardo,Sarhua
14648.0,14648,Ayacucho,Victor Fajardo,Sarhua
14649.0,14649,Ayacucho,Huanca Sancos,Santiago De Lucanamarca
14650.0,14650,Ayacucho,Huanca Sancos,Sancos
14651.0,14651,Ayacucho,Huanca Sancos,Sancos
14652.0,14652,Ayacucho,Huanca Sancos,Sancos
14653.0,14653,Ayacucho,Lucanas,San Pedro De Palco
14654.0,14654,Ayacucho,Lucanas,Lucanas
14655.0,14655,Ayacucho,Lucanas,Otoca
14656.0,14656,Ayacucho,Lucanas,Leoncio Prado
14657.0,14657,Ayacucho,Lucanas,Leoncio Prado
14658.0,14658,Ayacucho,Lucanas,Santa Lucia
14659.0,14659,Ayacucho,Lucanas,Santa Lucia
14660.0,14660,Ayacucho,Lucanas,Saisa
14661.0,14661,Ayacucho,Lucanas,Saisa
14662.0,14662,Ayacucho,Lucanas,San Pedro
14663.0,14663,Arequipa,Caraveli,Acari
14664.0,14664,Arequipa,Caraveli,Jaqui
14665.0,14665,Arequipa,Caraveli,Jaqui
14666.0,14666,Arequipa,Caraveli,Jaqui
14667.0,14667,Arequipa,Caraveli,Yauca
14668.0,14668,Arequipa,Caraveli,Yauca
14669.0,14669,Arequipa,Caraveli,Atiquipa
14670.0,14670,Arequipa,Caraveli,Atiquipa
14671.0,14671,Arequipa,Caraveli,Atiquipa
14767.0,14767,Loreto,Loreto,Parinari
14768.0,14768,Loreto,Loreto,Parinari
14769.0,14769,Loreto,Loreto,Parinari
14770.0,14770,Loreto,Loreto,Parinari
14771.0,14771,Loreto,Loreto,Nauta
14772.0,14772,Loreto,Loreto,Nauta
14773.0,14773,Loreto,Requena,Puinahua
14774.0,14774,Loreto,Requena,Puinahua
14775.0,14775,Loreto,Requena,Puinahua
14776.0,14776,Loreto,Requena,Puinahua
14777.0,14777,Loreto,Requena,Emilio San Martin
14778.0,14778,Loreto,Requena,Emilio San Martin
14779.0,14779,Loreto,Requena,Emilio San Martin
14780.0,14780,Loreto,Requena,Emilio San Martin
14781.0,14781,Loreto,Requena,Emilio San Martin
14782.0,14782,Loreto,Requena,Emilio San Martin
14783.0,14783,Loreto,Requena,Alto Tapiche
14784.0,14784,Loreto,Requena,Alto Tapiche
14785.0,14785,Loreto,Requena,Alto Tapiche
14786.0,14786,Loreto,Requena,Alto Tapiche
14787.0,14787,Loreto,Requena,Alto Tapiche
14788.0,14788,Loreto,Requena,Alto Tapiche
14789.0,14789,Loreto,Requena,Alto Tapiche
14790.0,14790,Loreto,Requena,Alto Tapiche
14791.0,14791,Loreto,Requena,Alto Tapiche
14792.0,14792,Loreto,Requena,Alto Tapiche
14793.0,14793,Loreto,Requena,Alto Tapiche
14794.0,14794,Ucayali,Coronel Portillo,Calleria
14795.0,14795,Ucayali,Coronel Portillo,Calleria
14796.0,14796,Ucayali,Coronel Portillo,Calleria
14797.0,14797,Ucayali,Coronel Portillo,Calleria
14798.0,14798,Ucayali,Coronel Portillo,Calleria
14799.0,14799,Ucayali,Coronel Portillo,Calleria
14800.0,14800,Ucayali,Coronel Portillo,Calleria
14801.0,14801,Ucayali,Coronel Portillo,Calleria
14802.0,14802,Ucayali,Coronel Portillo,Calleria
14803.0,14803,Ucayali,Coronel Portillo,Calleria
14804.0,14804,Ucayali,Coronel Portillo,Calleria
14805.0,14805,Ucayali,Coronel Portillo,Calleria
14806.0,14806,Ucayali,Coronel Portillo,Masisea
14807.0,14807,Ucayali,Coronel Portillo,Masisea
14808.0,14808,Ucayali,Coronel Portillo,Masisea
14809.0,14809,Ucayali,Coronel Portillo,Masisea
14810.0,14810,Ucayali,Coronel Portillo,Masisea
14811.0,14811,Ucayali,Coronel Portillo,Iparia
14812.0,14812,Ucayali,Coronel Portillo,Iparia
14813.0,14813,Ucayali,Coronel Portillo,Iparia
14814.0,14814,Ucayali,Coronel Portillo,Iparia
14815.0,14815,Ucayali,Coronel Portillo,Iparia
14816.0,14816,Ucayali,Coronel Portillo,Iparia
14817.0,14817,Ucayali,Coronel Portillo,Iparia
14818.0,14818,Ucayali,Coronel Portillo,Iparia
14819.0,14819,Ucayali,Coronel Portillo,Iparia
14820.0,14820,Ucayali,Atalaya,Tahuania
14821.0,14821,Ucayali,Atalaya,Tahuania
14822.0,14822,Pasco,Oxapampa,Puerto Bermúdez
14823.0,14823,Pasco,Oxapampa,Puerto Bermúdez
14824.0,14824,Pasco,Oxapampa,Puerto Bermúdez
14825.0,14825,Pasco,Oxapampa,Puerto Bermúdez
14826.0,14826,Pasco,Oxapampa,Puerto Bermúdez
14827.0,14827,Pasco,Oxapampa,Puerto Bermúdez
14828.0,14828,Pasco,Oxapampa,Puerto Bermúdez
14829.0,14829,Ucayali,Atalaya,Raymondi
14830.0,14830,Ucayali,Atalaya,Raymondi
14831.0,14831,Ucayali,Atalaya,Raymondi
14832.0,14832,Junin,Satipo,Rio Tambo
14833.0,14833,Junin,Satipo,Mazamari
14834.0,14834,Junin,Satipo,Mazamari
14835.0,14835,Junin,Satipo,Mazamari
14836.0,14836,Junin,Satipo,Mazamari
14837.0,14837,Junin,Satipo,Pangoa
14838.0,14838,Junin,Satipo,Pangoa
14839.0,14839,Junin,Satipo,Pangoa
14840.0,14840,Junin,Satipo,Pangoa
14841.0,14841,Junin,Satipo,Pangoa
14842.0,14842,Junin,Satipo,Vizcatan Del Ene
14843.0,14843,Ayacucho,Huanta,Pucacolpa
14844.0,14844,Ayacucho,Huanta,Pucacolpa
14845.0,14845,Ayacucho,Huanta,Pucacolpa
14846.0,14846,Ayacucho,Huanta,Ayahuanco
14847.0,14847,Huancavelica,Churcampa,San Pedro De Coris
14848.0,14848,Huancavelica,Churcampa,Churcampa
14849.0,14849,Huancavelica,Acobamba,Marcas
14850.0,14850,Huancavelica,Angaraes,Chincho
14851.0,14851,Ayacucho,Huamanga,Santiago De Pischa
14852.0,14852,Ayacucho,Huamanga,San Jose  De Ticllas
14853.0,14853,Ayacucho,Huamanga,Vinchos
14854.0,14854,Ayacucho,Huamanga,Vinchos
14855.0,14855,Ayacucho,Cangallo,Chuschi
14856.0,14856,Ayacucho,Cangallo,Chuschi
14857.0,14857,Ayacucho,Victor Fajardo,Sarhua
14858.0,14858,Ayacucho,Huanca Sancos,Carapo
14859.0,14859,Ayacucho,Huanca Sancos,Santiago De Lucanamarca
14860.0,14860,Ayacucho,Huanca Sancos,Sancos
14861.0,14861,Ayacucho,Huanca Sancos,Sancos
14862.0,14862,Ayacucho,Huanca Sancos,Sancos
14863.0,14863,Ayacucho,Lucanas,San Pedro De Palco
14864.0,14864,Ayacucho,Lucanas,Lucanas
14865.0,14865,Ayacucho,Lucanas,Lucanas
14866.0,14866,Ayacucho,Lucanas,Lucanas
14867.0,14867,Ayacucho,Lucanas,Lucanas
14868.0,14868,Ayacucho,Lucanas,San Cristobal
14869.0,14869,Ayacucho,Lucanas,Saisa
14870.0,14870,Ayacucho,Lucanas,Saisa
14871.0,14871,Ayacucho,Lucanas,Saisa
14872.0,14872,Ayacucho,Lucanas,San Pedro
14873.0,14873,Ayacucho,Lucanas,Sancos
14874.0,14874,Arequipa,Caraveli,Jaqui
14875.0,14875,Arequipa,Caraveli,Jaqui
14876.0,14876,Arequipa,Caraveli,Yauca
14877.0,14877,Arequipa,Caraveli,Yauca
14878.0,14878,Arequipa,Caraveli,Atiquipa
14879.0,14879,Arequipa,Caraveli,Atiquipa
14880.0,14880,Arequipa,Caraveli,Atiquipa
14881.0,14881,Arequipa,Caraveli,Atiquipa
14882.0,14882,Arequipa,Caraveli,Chala
14969.0,14969,Loreto,Loreto,Nauta
14970.0,14970,Loreto,Loreto,Nauta
14971.0,14971,Loreto,Loreto,Nauta
14972.0,14972,Loreto,Loreto,Nauta
14973.0,14973,Loreto,Loreto,Nauta
14974.0,14974,Loreto,Loreto,Nauta
14975.0,14975,Loreto,Loreto,Nauta
14976.0,14976,Loreto,Loreto,Parinari
14977.0,14977,Loreto,Loreto,Parinari
14978.0,14978,Loreto,Loreto,Parinari
14979.0,14979,Loreto,Loreto,Parinari
14980.0,14980,Loreto,Loreto,Nauta
14981.0,14981,Loreto,Loreto,Nauta
14982.0,14982,Loreto,Requena,Puinahua
14983.0,14983,Loreto,Requena,Puinahua
14984.0,14984,Loreto,Requena,Capelo
14985.0,14985,Loreto,Requena,Capelo
14986.0,14986,Loreto,Requena,Emilio San Martin
14987.0,14987,Loreto,Requena,Emilio San Martin
14988.0,14988,Loreto,Requena,Emilio San Martin
14989.0,14989,Loreto,Requena,Emilio San Martin
14990.0,14990,Loreto,Requena,Emilio San Martin
14991.0,14991,Loreto,Requena,Alto Tapiche
14992.0,14992,Loreto,Requena,Alto Tapiche
14993.0,14993,Loreto,Requena,Alto Tapiche
14994.0,14994,Loreto,Requena,Alto Tapiche
14995.0,14995,Loreto,Requena,Alto Tapiche
14996.0,14996,Loreto,Requena,Alto Tapiche
14997.0,14997,Loreto,Requena,Alto Tapiche
14998.0,14998,Loreto,Requena,Alto Tapiche
14999.0,14999,Loreto,Requena,Alto Tapiche
15000.0,15000,Loreto,Requena,Alto Tapiche
15001.0,15001,Loreto,Requena,Alto Tapiche
15002.0,15002,Loreto,Requena,Alto Tapiche
15003.0,15003,Loreto,Requena,Alto Tapiche
15004.0,15004,Loreto,Requena,Alto Tapiche
15005.0,15005,Ucayali,Coronel Portillo,Calleria
15006.0,15006,Ucayali,Coronel Portillo,Calleria
15007.0,15007,Ucayali,Coronel Portillo,Calleria
15008.0,15008,Ucayali,Coronel Portillo,Calleria
15009.0,15009,Ucayali,Coronel Portillo,Calleria
15010.0,15010,Ucayali,Coronel Portillo,Calleria
15011.0,15011,Ucayali,Coronel Portillo,Calleria
15012.0,15012,Ucayali,Coronel Portillo,Calleria
15013.0,15013,Ucayali,Coronel Portillo,Calleria
15014.0,15014,Ucayali,Coronel Portillo,Calleria
15015.0,15015,Ucayali,Coronel Portillo,Calleria
15016.0,15016,Ucayali,Coronel Portillo,Masisea
15017.0,15017,Ucayali,Coronel Portillo,Masisea
15018.0,15018,Ucayali,Coronel Portillo,Masisea
15019.0,15019,Ucayali,Coronel Portillo,Masisea
15020.0,15020,Ucayali,Coronel Portillo,Masisea
15021.0,15021,Ucayali,Coronel Portillo,Masisea
15022.0,15022,Ucayali,Coronel Portillo,Iparia
15023.0,15023,Ucayali,Coronel Portillo,Iparia
15024.0,15024,Ucayali,Coronel Portillo,Iparia
15025.0,15025,Ucayali,Coronel Portillo,Iparia
15026.0,15026,Ucayali,Coronel Portillo,Iparia
15027.0,15027,Ucayali,Coronel Portillo,Iparia
15028.0,15028,Ucayali,Coronel Portillo,Iparia
15029.0,15029,Ucayali,Atalaya,Tahuania
15030.0,15030,Ucayali,Atalaya,Tahuania
15031.0,15031,Ucayali,Atalaya,Tahuania
15032.0,15032,Ucayali,Atalaya,Tahuania
15033.0,15033,Pasco,Oxapampa,Puerto Bermúdez
15034.0,15034,Ucayali,Atalaya,Raymondi
15035.0,15035,Pasco,Oxapampa,Puerto Bermúdez
15036.0,15036,Pasco,Oxapampa,Puerto Bermúdez
15037.0,15037,Pasco,Oxapampa,Puerto Bermúdez
15038.0,15038,Ucayali,Atalaya,Raymondi
15039.0,15039,Ucayali,Atalaya,Raymondi
15040.0,15040,Ucayali,Atalaya,Raymondi
15041.0,15041,Junin,Satipo,Rio Tambo
15042.0,15042,Junin,Satipo,Rio Tambo
15043.0,15043,Junin,Satipo,Mazamari
15044.0,15044,Junin,Satipo,Mazamari
15045.0,15045,Junin,Satipo,Mazamari
15046.0,15046,Junin,Satipo,Mazamari
15047.0,15047,Junin,Satipo,Mazamari
15048.0,15048,Junin,Satipo,Pangoa
15049.0,15049,Junin,Satipo,Pangoa
15050.0,15050,Junin,Satipo,Pangoa
15051.0,15051,Junin,Satipo,Pangoa
15052.0,15052,Junin,Satipo,Vizcatan Del Ene
15053.0,15053,Junin,Satipo,Vizcatan Del Ene
15054.0,15054,Ayacucho,Huanta,Pucacolpa
15055.0,15055,Ayacucho,Huanta,Llochegua
15056.0,15056,Ayacucho,Huanta,Ayahuanco
15057.0,15057,Ayacucho,Huanta,Santillana
15058.0,15058,Ayacucho,Huanta,Santillana
15059.0,15059,Ayacucho,Huanta,Luricocha
15060.0,15060,Ayacucho,Huanta,Huanta
15061.0,15061,Ayacucho,Huamanga,Pacaycasa
15062.0,15062,Ayacucho,Huamanga,Ayacucho
15063.0,15063,Ayacucho,Huamanga,Socos
15064.0,15064,Ayacucho,Huamanga,Socos
15065.0,15065,Ayacucho,Cangallo,Los Morochucos
15066.0,15066,Ayacucho,Cangallo,Los Morochucos
15067.0,15067,Ayacucho,Victor Fajardo,Alcamenca
15068.0,15068,Ayacucho,Victor Fajardo,Huamanquiquia
15069.0,15069,Ayacucho,Huanca Sancos,Carapo
15070.0,15070,Ayacucho,Huanca Sancos,Sacsamarca
15071.0,15071,Ayacucho,Huanca Sancos,Sacsamarca
15072.0,15072,Ayacucho,Lucanas,Aucara
15073.0,15073,Ayacucho,Lucanas,Aucara
15074.0,15074,Ayacucho,Lucanas,Lucanas
15075.0,15075,Ayacucho,Lucanas,Lucanas
15076.0,15076,Ayacucho,Lucanas,Lucanas
15077.0,15077,Ayacucho,Lucanas,Lucanas
15078.0,15078,Ayacucho,Lucanas,San Cristobal
15079.0,15079,Ayacucho,Lucanas,San Cristobal
15080.0,15080,Ayacucho,Lucanas,Saisa
15081.0,15081,Ayacucho,Lucanas,San Pedro
15082.0,15082,Ayacucho,Lucanas,Sancos
15083.0,15083,Ayacucho,Lucanas,Sancos
15084.0,15084,Ayacucho,Lucanas,Sancos
15085.0,15085,Ayacucho,Lucanas,Sancos
15086.0,15086,Arequipa,Caraveli,Atiquipa
15087.0,15087,Arequipa,Caraveli,Atiquipa
15088.0,15088,Arequipa,Caraveli,Chala
15089.0,15089,Arequipa,Caraveli,Chala
15090.0,15090,Arequipa,Caraveli,Chala
15091.0,15091,Arequipa,Caraveli,Chaparra
15092.0,15092,Arequipa,Caraveli,Chaparra
15177.0,15177,Loreto,Maynas,Alto Nanay
15178.0,15178,Loreto,Maynas,Alto Nanay
15179.0,15179,Loreto,Maynas,Alto Nanay
15180.0,15180,Loreto,Loreto,Nauta
15181.0,15181,Loreto,Loreto,Nauta
15182.0,15182,Loreto,Loreto,Nauta
15183.0,15183,Loreto,Loreto,Nauta
15184.0,15184,Loreto,Loreto,Nauta
15185.0,15185,Loreto,Loreto,Nauta
15186.0,15186,Loreto,Loreto,Nauta
15187.0,15187,Loreto,Loreto,Nauta
15188.0,15188,Loreto,Loreto,Nauta
15189.0,15189,Loreto,Loreto,Nauta
15190.0,15190,Loreto,Loreto,Nauta
15191.0,15191,Loreto,Requena,Requena
15192.0,15192,Loreto,Requena,Puinahua
15193.0,15193,Loreto,Requena,Capelo
15194.0,15194,Loreto,Requena,Capelo
15195.0,15195,Loreto,Requena,Capelo
15196.0,15196,Loreto,Requena,Emilio San Martin
15197.0,15197,Loreto,Requena,Tapiche
15198.0,15198,Loreto,Requena,Tapiche
15199.0,15199,Loreto,Requena,Tapiche
15200.0,15200,Loreto,Requena,Tapiche
15201.0,15201,Loreto,Requena,Alto Tapiche
15202.0,15202,Loreto,Requena,Alto Tapiche
15203.0,15203,Loreto,Requena,Alto Tapiche
15204.0,15204,Loreto,Requena,Alto Tapiche
15205.0,15205,Loreto,Requena,Alto Tapiche
15206.0,15206,Loreto,Requena,Alto Tapiche
15207.0,15207,Loreto,Requena,Alto Tapiche
15208.0,15208,Loreto,Requena,Alto Tapiche
15209.0,15209,Loreto,Requena,Alto Tapiche
15210.0,15210,Loreto,Requena,Alto Tapiche
15211.0,15211,Loreto,Requena,Alto Tapiche
15212.0,15212,Loreto,Requena,Alto Tapiche
15213.0,15213,Loreto,Requena,Alto Tapiche
15214.0,15214,Loreto,Requena,Alto Tapiche
15215.0,15215,Ucayali,Coronel Portillo,Calleria
15235.0,15235,Ucayali,Coronel Portillo,Iparia
15236.0,15236,Ucayali,Coronel Portillo,Iparia
15237.0,15237,Ucayali,Coronel Portillo,Iparia
15238.0,15238,Ucayali,Atalaya,Tahuania
15239.0,15239,Ucayali,Atalaya,Tahuania
15240.0,15240,Ucayali,Atalaya,Tahuania
15241.0,15241,Ucayali,Atalaya,Tahuania
15242.0,15242,Ucayali,Atalaya,Tahuania
15243.0,15243,Ucayali,Atalaya,Tahuania
15244.0,15244,Ucayali,Atalaya,Raymondi
15245.0,15245,Ucayali,Atalaya,Raymondi
15246.0,15246,Ucayali,Atalaya,Raymondi
15247.0,15247,Pasco,Oxapampa,Puerto Bermúdez
15248.0,15248,Ucayali,Atalaya,Raymondi
15249.0,15249,Ucayali,Atalaya,Raymondi
15250.0,15250,Ucayali,Atalaya,Raymondi
15251.0,15251,Junin,Satipo,Rio Tambo
15252.0,15252,Junin,Satipo,Rio Tambo
15253.0,15253,Junin,Satipo,Rio Tambo
15254.0,15254,Junin,Satipo,Rio Tambo
15255.0,15255,Junin,Satipo,Mazamari
15256.0,15256,Junin,Satipo,Mazamari
15257.0,15257,Junin,Satipo,Mazamari
15258.0,15258,Junin,Satipo,Pangoa
15259.0,15259,Junin,Satipo,Pangoa
15260.0,15260,Junin,Satipo,Pangoa
15261.0,15261,Junin,Satipo,Pangoa
15262.0,15262,Junin,Satipo,Pangoa
15263.0,15263,Junin,Satipo,Vizcatan Del Ene
15264.0,15264,Ayacucho,Huanta,Canayre
15265.0,15265,Ayacucho,Huanta,Llochegua
15266.0,15266,Ayacucho,Huanta,Llochegua
15267.0,15267,Ayacucho,Huanta,Sivia
15268.0,15268,Ayacucho,Huanta,Uchuraccay
15269.0,15269,Ayacucho,Huanta,Uchuraccay
15270.0,15270,Ayacucho,Huanta,Huamanguilla
15271.0,15271,Ayacucho,Huamanga,Quinua
15272.0,15272,Ayacucho,Huamanga,Tambillo
15273.0,15273,Ayacucho,Huamanga,Tambillo
15274.0,15274,Ayacucho,Huamanga,Chiara
15275.0,15275,Ayacucho,Huamanga,Chiara
15276.0,15276,Ayacucho,Cangallo,Cangallo
15277.0,15277,Ayacucho,Victor Fajardo,Alcamenca
15278.0,15278,Ayacucho,Victor Fajardo,Huancaraylla
15279.0,15279,Ayacucho,Victor Fajardo,Huancapi
15280.0,15280,Ayacucho,Huanca Sancos,Sacsamarca
15281.0,15281,Ayacucho,Huanca Sancos,Sacsamarca
15282.0,15282,Ayacucho,Lucanas,Aucara
15283.0,15283,Ayacucho,Lucanas,Aucara
15284.0,15284,Ayacucho,Lucanas,Cabana
15285.0,15285,Ayacucho,Lucanas,Cabana
15286.0,15286,Ayacucho,Lucanas,Puquio
15287.0,15287,Ayacucho,Lucanas,Puquio
15288.0,15288,Ayacucho,Lucanas,Puquio
15289.0,15289,Ayacucho,Lucanas,San Pedro
15290.0,15290,Ayacucho,Lucanas,Sancos
15291.0,15291,Ayacucho,Lucanas,Sancos
15292.0,15292,Ayacucho,Lucanas,Sancos
15293.0,15293,Ayacucho,Parinacochas,Pullo
15294.0,15294,Ayacucho,Parinacochas,Pullo
15295.0,15295,Ayacucho,Parinacochas,Pullo
15296.0,15296,Arequipa,Caraveli,Huanuhuanu
15297.0,15297,Arequipa,Caraveli,Huanuhuanu
15298.0,15298,Arequipa,Caraveli,Chala
15299.0,15299,Arequipa,Caraveli,Chaparra
15300.0,15300,Arequipa,Caraveli,Chaparra
15301.0,15301,Arequipa,Caraveli,Chaparra
15302.0,15302,Arequipa,Caraveli,Chaparra
15385.0,15385,Loreto,Maynas,Alto Nanay
15386.0,15386,Loreto,Maynas,Alto Nanay
15387.0,15387,Loreto,Maynas,Alto Nanay
15388.0,15388,Loreto,Maynas,Alto Nanay
15389.0,15389,Loreto,Maynas,Alto Nanay
15390.0,15390,Loreto,Maynas,Alto Nanay
15391.0,15391,Loreto,Maynas,Alto Nanay
15392.0,15392,Loreto,Loreto,Nauta
15393.0,15393,Loreto,Loreto,Nauta
15394.0,15394,Loreto,Loreto,Nauta
15395.0,15395,Loreto,Loreto,Nauta
15396.0,15396,Loreto,Loreto,Nauta
15397.0,15397,Loreto,Loreto,Nauta
15398.0,15398,Loreto,Loreto,Nauta
15399.0,15399,Loreto,Loreto,Nauta
15400.0,15400,Loreto,Loreto,Nauta
15401.0,15401,Loreto,Requena,Requena
15402.0,15402,Loreto,Requena,Requena
15403.0,15403,Loreto,Requena,Capelo
15404.0,15404,Loreto,Requena,Capelo
15405.0,15405,Loreto,Requena,Requena
15406.0,15406,Loreto,Requena,Requena
15407.0,15407,Loreto,Requena,Tapiche
15408.0,15408,Loreto,Requena,Tapiche
15409.0,15409,Loreto,Requena,Tapiche
15410.0,15410,Loreto,Requena,Tapiche
15411.0,15411,Loreto,Requena,Alto Tapiche
15412.0,15412,Loreto,Requena,Alto Tapiche
15413.0,15413,Loreto,Requena,Alto Tapiche
15414.0,15414,Loreto,Requena,Alto Tapiche
15415.0,15415,Loreto,Requena,Alto Tapiche
15416.0,15416,Loreto,Requena,Alto Tapiche
15417.0,15417,Loreto,Requena,Alto Tapiche
15418.0,15418,Loreto,Requena,Alto Tapiche
15419.0,15419,Loreto,Requena,Alto Tapiche
15420.0,15420,Loreto,Requena,Alto Tapiche
15421.0,15421,Loreto,Requena,Alto Tapiche
15422.0,15422,Loreto,Requena,Alto Tapiche
15423.0,15423,Loreto,Requena,Alto Tapiche
15449.0,15449,Ucayali,Atalaya,Tahuania
15450.0,15450,Ucayali,Atalaya,Tahuania
15451.0,15451,Ucayali,Atalaya,Tahuania
15452.0,15452,Ucayali,Atalaya,Tahuania
15453.0,15453,Ucayali,Atalaya,Tahuania
15454.0,15454,Ucayali,Atalaya,Tahuania
15455.0,15455,Ucayali,Atalaya,Raymondi
15456.0,15456,Ucayali,Atalaya,Raymondi
15457.0,15457,Ucayali,Atalaya,Raymondi
15458.0,15458,Ucayali,Atalaya,Raymondi
15459.0,15459,Ucayali,Atalaya,Raymondi
15460.0,15460,Ucayali,Atalaya,Raymondi
15461.0,15461,Junin,Satipo,Rio Tambo
15462.0,15462,Junin,Satipo,Rio Tambo
15463.0,15463,Junin,Satipo,Rio Tambo
15464.0,15464,Junin,Satipo,Rio Tambo
15465.0,15465,Junin,Satipo,Rio Tambo
15466.0,15466,Junin,Satipo,Rio Tambo
15467.0,15467,Junin,Satipo,Mazamari
15468.0,15468,Junin,Satipo,Mazamari
15469.0,15469,Junin,Satipo,Pangoa
15470.0,15470,Junin,Satipo,Pangoa
15471.0,15471,Junin,Satipo,Rio Tambo
15472.0,15472,Junin,Satipo,Rio Tambo
15473.0,15473,Junin,Satipo,Vizcatan Del Ene
15474.0,15474,Ayacucho,Huanta,Canayre
15475.0,15475,Ayacucho,Huanta,Sivia
15476.0,15476,Ayacucho,Huanta,Sivia
15477.0,15477,Ayacucho,Huanta,Sivia
15478.0,15478,Ayacucho,Huanta,Sivia
15479.0,15479,Ayacucho,Huanta,Uchuraccay
15480.0,15480,Ayacucho,La Mar,Tambo
15481.0,15481,Ayacucho,La Mar,San Miguel
15482.0,15482,Ayacucho,Huamanga,Acos Vinchos
15483.0,15483,Ayacucho,Huamanga,Acocro
15484.0,15484,Ayacucho,Huamanga,Acocro
15485.0,15485,Ayacucho,Vilcas-Huaman,Vischongo
15486.0,15486,Ayacucho,Vilcas-Huaman,Vischongo
15487.0,15487,Ayacucho,Vilcas-Huaman,Vischongo
15488.0,15488,Ayacucho,Victor Fajardo,Huancapi
15489.0,15489,Ayacucho,Victor Fajardo,Huancapi
15490.0,15490,Ayacucho,Victor Fajardo,Canaria
15491.0,15491,Ayacucho,Victor Fajardo,Apongo
15492.0,15492,Ayacucho,Lucanas,Aucara
15493.0,15493,Ayacucho,Lucanas,Aucara
15494.0,15494,Ayacucho,Lucanas,Cabana
15495.0,15495,Ayacucho,Lucanas,Carmen Salcedo
15496.0,15496,Ayacucho,Lucanas,Puquio
15497.0,15497,Ayacucho,Lucanas,Puquio
15498.0,15498,Ayacucho,Lucanas,Puquio
15499.0,15499,Ayacucho,Lucanas,San Pedro
15500.0,15500,Ayacucho,Lucanas,Sancos
15501.0,15501,Ayacucho,Lucanas,Sancos
15502.0,15502,Ayacucho,Lucanas,Sancos
15503.0,15503,Ayacucho,Parinacochas,Pullo
15504.0,15504,Ayacucho,Parinacochas,Pullo
15505.0,15505,Arequipa,Caraveli,Huanuhuanu
15506.0,15506,Ayacucho,Parinacochas,Pullo
15507.0,15507,Arequipa,Caraveli,Huanuhuanu
15508.0,15508,Arequipa,Caraveli,Chaparra
15509.0,15509,Arequipa,Caraveli,Chaparra
15510.0,15510,Arequipa,Caraveli,Chaparra
15511.0,15511,Arequipa,Caraveli,Chaparra
15512.0,15512,Arequipa,Caraveli,Chaparra
15513.0,15513,Arequipa,Caraveli,Chaparra
15593.0,15593,Loreto,Maynas,Alto Nanay
15594.0,15594,Loreto,Maynas,Alto Nanay
15595.0,15595,Loreto,Maynas,Alto Nanay
15596.0,15596,Loreto,Maynas,Alto Nanay
15597.0,15597,Loreto,Maynas,Alto Nanay
15598.0,15598,Loreto,Maynas,Alto Nanay
15599.0,15599,Loreto,Maynas,Alto Nanay
15600.0,15600,Loreto,Maynas,Alto Nanay
15601.0,15601,Loreto,Maynas,Alto Nanay
15602.0,15602,Loreto,Maynas,San Juan Bautista
15603.0,15603,Loreto,Maynas,San Juan Bautista
15604.0,15604,Loreto,Maynas,San Juan Bautista
15605.0,15605,Loreto,Loreto,Nauta
15606.0,15606,Loreto,Loreto,Nauta
15607.0,15607,Loreto,Loreto,Nauta
15608.0,15608,Loreto,Loreto,Nauta
15609.0,15609,Loreto,Loreto,Nauta
15610.0,15610,Loreto,Requena,Jenaro Herrera
15611.0,15611,Loreto,Requena,Requena
15612.0,15612,Loreto,Requena,Requena
15613.0,15613,Loreto,Requena,Requena
15614.0,15614,Loreto,Requena,Requena
15615.0,15615,Loreto,Requena,Requena
15616.0,15616,Loreto,Requena,Requena
15617.0,15617,Loreto,Requena,Tapiche
15618.0,15618,Loreto,Requena,Soplin
15619.0,15619,Loreto,Requena,Soplin
15620.0,15620,Loreto,Requena,Tapiche
15621.0,15621,Loreto,Requena,Tapiche
15622.0,15622,Loreto,Requena,Tapiche
15623.0,15623,Loreto,Requena,Tapiche
15624.0,15624,Loreto,Requena,Tapiche
15625.0,15625,Loreto,Requena,Tapiche
15626.0,15626,Loreto,Requena,Alto Tapiche
15627.0,15627,Loreto,Requena,Soplin
15628.0,15628,Loreto,Requena,Soplin
15629.0,15629,Loreto,Requena,Soplin
15630.0,15630,Loreto,Requena,Alto Tapiche
15659.0,15659,Ucayali,Atalaya,Tahuania
15660.0,15660,Ucayali,Atalaya,Tahuania
15661.0,15661,Ucayali,Atalaya,Tahuania
15662.0,15662,Ucayali,Atalaya,Tahuania
15663.0,15663,Ucayali,Atalaya,Tahuania
15664.0,15664,Ucayali,Atalaya,Raymondi
15665.0,15665,Ucayali,Atalaya,Raymondi
15666.0,15666,Ucayali,Atalaya,Raymondi
15667.0,15667,Ucayali,Atalaya,Raymondi
15668.0,15668,Ucayali,Atalaya,Raymondi
15669.0,15669,Ucayali,Atalaya,Raymondi
15670.0,15670,Ucayali,Atalaya,Raymondi
15671.0,15671,Ucayali,Atalaya,Raymondi
15672.0,15672,Ucayali,Atalaya,Raymondi
15673.0,15673,Junin,Satipo,Rio Tambo
15674.0,15674,Junin,Satipo,Rio Tambo
15675.0,15675,Junin,Satipo,Rio Tambo
15676.0,15676,Junin,Satipo,Rio Tambo
15677.0,15677,Junin,Satipo,Rio Tambo
15678.0,15678,Junin,Satipo,Rio Tambo
15679.0,15679,Junin,Satipo,Rio Tambo
15680.0,15680,Junin,Satipo,Rio Tambo
15681.0,15681,Junin,Satipo,Rio Tambo
15682.0,15682,Junin,Satipo,Rio Tambo
15683.0,15683,Cusco,La Convencion,Pichari
15684.0,15684,Ayacucho,Huanta,Llochegua
15685.0,15685,Ayacucho,Huanta,Llochegua
15686.0,15686,Ayacucho,Huanta,Sivia
15687.0,15687,Ayacucho,Huanta,Sivia
15688.0,15688,Ayacucho,La Mar,Ayna
15689.0,15689,Ayacucho,La Mar,Ayna
15690.0,15690,Ayacucho,La Mar,Tambo
15691.0,15691,Ayacucho,La Mar,San Miguel
15692.0,15692,Ayacucho,La Mar,Chilcas
15693.0,15693,Ayacucho,Huamanga,Acocro
15694.0,15694,Ayacucho,Huamanga,Acocro
15695.0,15695,Ayacucho,Huamanga,Ocros
15696.0,15696,Ayacucho,Vilcas-Huaman,Vischongo
15697.0,15697,Ayacucho,Vilcas-Huaman,Vilcas Huaman
15698.0,15698,Ayacucho,Vilcas-Huaman,Huambalpa
15699.0,15699,Ayacucho,Victor Fajardo,Huaya
15700.0,15700,Ayacucho,Victor Fajardo,Canaria
15701.0,15701,Ayacucho,Victor Fajardo,Apongo
15702.0,15702,Ayacucho,Sucre,Morcolla
15703.0,15703,Ayacucho,Lucanas,Aucara
15704.0,15704,Ayacucho,Lucanas,Carmen Salcedo
15705.0,15705,Ayacucho,Lucanas,Carmen Salcedo
15706.0,15706,Ayacucho,Lucanas,Carmen Salcedo
15707.0,15707,Ayacucho,Lucanas,Puquio
15708.0,15708,Ayacucho,Lucanas,Puquio
15709.0,15709,Ayacucho,Lucanas,Puquio
15710.0,15710,Ayacucho,Lucanas,Chaviña
15711.0,15711,Ayacucho,Lucanas,Sancos
15712.0,15712,Ayacucho,Parinacochas,Pullo
15713.0,15713,Ayacucho,Parinacochas,Pullo
15714.0,15714,Ayacucho,Parinacochas,Pullo
15715.0,15715,Ayacucho,Parinacochas,Pullo
15716.0,15716,Arequipa,Caraveli,Huanuhuanu
15717.0,15717,Arequipa,Caraveli,Chaparra
15718.0,15718,Arequipa,Caraveli,Chaparra
15719.0,15719,Arequipa,Caraveli,Chaparra
15720.0,15720,Arequipa,Caraveli,Chaparra
15721.0,15721,Arequipa,Caraveli,Chaparra
15722.0,15722,Arequipa,Caraveli,Chaparra
15723.0,15723,Arequipa,Caraveli,Atico
15802.0,15802,Loreto,Maynas,Mazan
15803.0,15803,Loreto,Maynas,Alto Nanay
15804.0,15804,Loreto,Maynas,Alto Nanay
15805.0,15805,Loreto,Maynas,Alto Nanay
15806.0,15806,Loreto,Maynas,Alto Nanay
15807.0,15807,Loreto,Maynas,Alto Nanay
15808.0,15808,Loreto,Maynas,Alto Nanay
15809.0,15809,Loreto,Maynas,Alto Nanay
15810.0,15810,Loreto,Maynas,Alto Nanay
15811.0,15811,Loreto,Maynas,Alto Nanay
15812.0,15812,Loreto,Maynas,San Juan Bautista
15813.0,15813,Loreto,Maynas,San Juan Bautista
15814.0,15814,Loreto,Maynas,San Juan Bautista
15815.0,15815,Loreto,Loreto,Nauta
15816.0,15816,Loreto,Loreto,Nauta
15817.0,15817,Loreto,Loreto,Nauta
15818.0,15818,Loreto,Loreto,Nauta
15819.0,15819,Loreto,Requena,Jenaro Herrera
15820.0,15820,Loreto,Requena,Jenaro Herrera
15821.0,15821,Loreto,Requena,Requena
15822.0,15822,Loreto,Requena,Requena
15823.0,15823,Loreto,Requena,Requena
15824.0,15824,Loreto,Requena,Requena
15825.0,15825,Loreto,Requena,Requena
15826.0,15826,Loreto,Requena,Requena
15827.0,15827,Loreto,Requena,Requena
15828.0,15828,Loreto,Requena,Soplin
15829.0,15829,Loreto,Requena,Soplin
15830.0,15830,Loreto,Requena,Tapiche
15831.0,15831,Loreto,Requena,Tapiche
15832.0,15832,Loreto,Requena,Soplin
15833.0,15833,Loreto,Requena,Soplin
15834.0,15834,Loreto,Requena,Soplin
15835.0,15835,Loreto,Requena,Soplin
15836.0,15836,Loreto,Requena,Soplin
15837.0,15837,Loreto,Requena,Soplin
15838.0,15838,Loreto,Requena,Soplin
15869.0,15869,Ucayali,Atalaya,Tahuania
15870.0,15870,Ucayali,Atalaya,Tahuania
15871.0,15871,Ucayali,Atalaya,Tahuania
15872.0,15872,Ucayali,Atalaya,Tahuania
15873.0,15873,Ucayali,Atalaya,Tahuania
15874.0,15874,Ucayali,Atalaya,Raymondi
15875.0,15875,Ucayali,Atalaya,Raymondi
15876.0,15876,Ucayali,Atalaya,Raymondi
15877.0,15877,Ucayali,Atalaya,Raymondi
15878.0,15878,Ucayali,Atalaya,Raymondi
15879.0,15879,Ucayali,Atalaya,Raymondi
15880.0,15880,Ucayali,Atalaya,Raymondi
15881.0,15881,Junin,Satipo,Rio Tambo
15882.0,15882,Junin,Satipo,Rio Tambo
15883.0,15883,Junin,Satipo,Rio Tambo
15884.0,15884,Junin,Satipo,Rio Tambo
15885.0,15885,Junin,Satipo,Rio Tambo
15886.0,15886,Junin,Satipo,Rio Tambo
15887.0,15887,Junin,Satipo,Rio Tambo
15888.0,15888,Junin,Satipo,Rio Tambo
15889.0,15889,Junin,Satipo,Rio Tambo
15890.0,15890,Junin,Satipo,Rio Tambo
15891.0,15891,Junin,Satipo,Rio Tambo
15892.0,15892,Junin,Satipo,Rio Tambo
15893.0,15893,Cusco,La Convencion,Pichari
15894.0,15894,Cusco,La Convencion,Pichari
15895.0,15895,Cusco,La Convencion,Pichari
15896.0,15896,Ayacucho,Huanta,Sivia
15897.0,15897,Ayacucho,La Mar,Ayna
15898.0,15898,Ayacucho,La Mar,Santa Rosa
15899.0,15899,Ayacucho,La Mar,Santa Rosa
15900.0,15900,Ayacucho,La Mar,San Miguel
15901.0,15901,Ayacucho,La Mar,Anco
15902.0,15902,Ayacucho,La Mar,Chilcas
15903.0,15903,Ayacucho,La Mar,Luis Carranza
15904.0,15904,Ayacucho,Huamanga,Ocros
15905.0,15905,Ayacucho,Huamanga,Ocros
15906.0,15906,Ayacucho,Vilcas-Huaman,Concepcion
15907.0,15907,Ayacucho,Vilcas-Huaman,Vilcas Huaman
15908.0,15908,Ayacucho,Vilcas-Huaman,Huambalpa
15909.0,15909,Ayacucho,Vilcas-Huaman,Independencia
15910.0,15910,Ayacucho,Sucre,Querobamba
15911.0,15911,Ayacucho,Sucre,Morcolla
15912.0,15912,Ayacucho,Sucre,Morcolla
15913.0,15913,Ayacucho,Sucre,Huacaña
15914.0,15914,Ayacucho,Lucanas,Chipao
15915.0,15915,Ayacucho,Lucanas,Chipao
15916.0,15916,Ayacucho,Lucanas,Chipao
15917.0,15917,Ayacucho,Lucanas,Chipao
15918.0,15918,Ayacucho,Lucanas,Puquio
15919.0,15919,Ayacucho,Parinacochas,Coracora
15920.0,15920,Ayacucho,Lucanas,Chaviña
15921.0,15921,Ayacucho,Lucanas,Chaviña
15922.0,15922,Ayacucho,Parinacochas,Pullo
15923.0,15923,Ayacucho,Parinacochas,Pullo
15924.0,15924,Arequipa,Caraveli,Quicacha
15925.0,15925,Arequipa,Caraveli,Quicacha
15926.0,15926,Arequipa,Caraveli,Quicacha
15927.0,15927,Arequipa,Caraveli,Quicacha
15928.0,15928,Arequipa,Caraveli,Chaparra
15929.0,15929,Arequipa,Caraveli,Chaparra
15930.0,15930,Arequipa,Caraveli,Chaparra
15931.0,15931,Arequipa,Caraveli,Atico
15932.0,15932,Arequipa,Caraveli,Atico
15933.0,15933,Arequipa,Caraveli,Atico
16012.0,16012,Loreto,Maynas,Mazan
16013.0,16013,Loreto,Maynas,Mazan
16014.0,16014,Loreto,Maynas,Alto Nanay
16015.0,16015,Loreto,Maynas,Alto Nanay
16016.0,16016,Loreto,Maynas,Alto Nanay
16017.0,16017,Loreto,Maynas,Alto Nanay
16018.0,16018,Loreto,Maynas,Alto Nanay
16019.0,16019,Loreto,Maynas,Alto Nanay
16020.0,16020,Loreto,Maynas,Alto Nanay
16021.0,16021,Loreto,Maynas,Alto Nanay
16022.0,16022,Loreto,Maynas,Alto Nanay
16023.0,16023,Loreto,Maynas,San Juan Bautista
16024.0,16024,Loreto,Maynas,San Juan Bautista
16025.0,16025,Loreto,Loreto,Nauta
16026.0,16026,Loreto,Loreto,Nauta
16027.0,16027,Loreto,Loreto,Nauta
16028.0,16028,Loreto,Requena,Jenaro Herrera
16029.0,16029,Loreto,Requena,Jenaro Herrera
16030.0,16030,Loreto,Requena,Jenaro Herrera
16031.0,16031,Loreto,Requena,Requena
16032.0,16032,Loreto,Requena,Jenaro Herrera
16033.0,16033,Loreto,Requena,Requena
16034.0,16034,Loreto,Requena,Requena
16035.0,16035,Loreto,Requena,Requena
16036.0,16036,Loreto,Requena,Requena
16037.0,16037,Loreto,Requena,Requena
16038.0,16038,Loreto,Requena,Requena
16039.0,16039,Loreto,Requena,Soplin
16040.0,16040,Loreto,Requena,Soplin
16041.0,16041,Loreto,Requena,Soplin
16042.0,16042,Loreto,Requena,Soplin
16043.0,16043,Loreto,Requena,Soplin
16044.0,16044,Loreto,Requena,Soplin
16045.0,16045,Loreto,Requena,Soplin
16046.0,16046,Loreto,Requena,Soplin
16079.0,16079,Ucayali,Atalaya,Tahuania
16080.0,16080,Ucayali,Atalaya,Tahuania
16081.0,16081,Ucayali,Atalaya,Tahuania
16082.0,16082,Ucayali,Atalaya,Tahuania
16083.0,16083,Ucayali,Atalaya,Tahuania
16084.0,16084,Ucayali,Atalaya,Raymondi
16085.0,16085,Ucayali,Atalaya,Raymondi
16086.0,16086,Ucayali,Atalaya,Raymondi
16087.0,16087,Ucayali,Atalaya,Raymondi
16088.0,16088,Junin,Satipo,Rio Tambo
16089.0,16089,Junin,Satipo,Rio Tambo
16090.0,16090,Junin,Satipo,Rio Tambo
16091.0,16091,Junin,Satipo,Rio Tambo
16092.0,16092,Junin,Satipo,Rio Tambo
16093.0,16093,Junin,Satipo,Rio Tambo
16094.0,16094,Junin,Satipo,Rio Tambo
16095.0,16095,Junin,Satipo,Rio Tambo
16096.0,16096,Junin,Satipo,Rio Tambo
16097.0,16097,Junin,Satipo,Rio Tambo
16098.0,16098,Junin,Satipo,Rio Tambo
16099.0,16099,Junin,Satipo,Rio Tambo
16100.0,16100,Junin,Satipo,Rio Tambo
16101.0,16101,Junin,Satipo,Rio Tambo
16102.0,16102,Junin,Satipo,Rio Tambo
16103.0,16103,Junin,Satipo,Rio Tambo
16104.0,16104,Cusco,La Convencion,Pichari
16105.0,16105,Cusco,La Convencion,Pichari
16106.0,16106,Cusco,La Convencion,Kimbiri
16107.0,16107,Cusco,La Convencion,Kimbiri
16108.0,16108,Ayacucho,La Mar,Santa Rosa
16109.0,16109,Ayacucho,La Mar,Samugari
16110.0,16110,Ayacucho,La Mar,Samugari
16111.0,16111,Ayacucho,La Mar,Anco
16112.0,16112,Ayacucho,La Mar,Anco
16113.0,16113,Apurimac,Chincheros,Huaccana
16114.0,16114,Apurimac,Chincheros,Huaccana
16115.0,16115,Apurimac,Chincheros,Chincheros
16116.0,16116,Apurimac,Chincheros,Chincheros
16117.0,16117,Apurimac,Chincheros,Cocharcas
16118.0,16118,Ayacucho,Vilcas-Huaman,Carhuanca
16119.0,16119,Ayacucho,Sucre,Chalcos
16120.0,16120,Ayacucho,Sucre,San Salvador De Quije
16121.0,16121,Ayacucho,Sucre,Querobamba
16122.0,16122,Ayacucho,Sucre,Morcolla
16123.0,16123,Ayacucho,Sucre,Soras
16124.0,16124,Ayacucho,Lucanas,Chipao
16125.0,16125,Ayacucho,Lucanas,Chipao
16126.0,16126,Ayacucho,Lucanas,Chipao
16127.0,16127,Ayacucho,Parinacochas,Coracora
16128.0,16128,Ayacucho,Parinacochas,Coracora
16129.0,16129,Ayacucho,Parinacochas,Coracora
16130.0,16130,Ayacucho,Parinacochas,Coracora
16131.0,16131,Ayacucho,Parinacochas,Coracora
16132.0,16132,Ayacucho,Parinacochas,Chumpi
16133.0,16133,Ayacucho,Parinacochas,Pullo
16134.0,16134,Ayacucho,Parinacochas,Pullo
16135.0,16135,Arequipa,Caraveli,Quicacha
16136.0,16136,Arequipa,Caraveli,Quicacha
16137.0,16137,Arequipa,Caraveli,Quicacha
16138.0,16138,Arequipa,Caraveli,Chaparra
16139.0,16139,Arequipa,Caraveli,Atico
16140.0,16140,Arequipa,Caraveli,Atico
16141.0,16141,Arequipa,Caraveli,Atico
16142.0,16142,Arequipa,Caraveli,Atico
16143.0,16143,Arequipa,Caraveli,Atico
16144.0,16144,Arequipa,Caraveli,Atico
16222.0,16222,Loreto,Maynas,Mazan
16223.0,16223,Loreto,Maynas,Mazan
16224.0,16224,Loreto,Maynas,Alto Nanay
16225.0,16225,Loreto,Maynas,Alto Nanay
16226.0,16226,Loreto,Maynas,Alto Nanay
16227.0,16227,Loreto,Maynas,Alto Nanay
16228.0,16228,Loreto,Maynas,Alto Nanay
16229.0,16229,Loreto,Maynas,Alto Nanay
16230.0,16230,Loreto,Maynas,San Juan Bautista
16231.0,16231,Loreto,Maynas,San Juan Bautista
16232.0,16232,Loreto,Maynas,San Juan Bautista
16233.0,16233,Loreto,Maynas,San Juan Bautista
16234.0,16234,Loreto,Maynas,San Juan Bautista
16235.0,16235,Loreto,Loreto,Nauta
16236.0,16236,Loreto,Loreto,Nauta
16237.0,16237,Loreto,Requena,Saquena
16238.0,16238,Loreto,Requena,Saquena
16239.0,16239,Loreto,Requena,Jenaro Herrera
16240.0,16240,Loreto,Requena,Jenaro Herrera
16241.0,16241,Loreto,Requena,Jenaro Herrera
16242.0,16242,Loreto,Requena,Jenaro Herrera
16243.0,16243,Loreto,Requena,Yaquerana
16244.0,16244,Loreto,Requena,Yaquerana
16245.0,16245,Loreto,Requena,Requena
16246.0,16246,Loreto,Requena,Yaquerana
16247.0,16247,Loreto,Requena,Yaquerana
16248.0,16248,Loreto,Requena,Yaquerana
16249.0,16249,Loreto,Requena,Yaquerana
16250.0,16250,Loreto,Requena,Soplin
16251.0,16251,Loreto,Requena,Soplin
16252.0,16252,Loreto,Requena,Soplin
16253.0,16253,Loreto,Requena,Soplin
16254.0,16254,Loreto,Requena,Soplin
16289.0,16289,Ucayali,Atalaya,Tahuania
16290.0,16290,Ucayali,Atalaya,Tahuania
16291.0,16291,Ucayali,Atalaya,Tahuania
16292.0,16292,Ucayali,Atalaya,Tahuania
16293.0,16293,Ucayali,Atalaya,Tahuania
16294.0,16294,Ucayali,Atalaya,Raymondi
16295.0,16295,Ucayali,Atalaya,Raymondi
16296.0,16296,Ucayali,Atalaya,Raymondi
16297.0,16297,Ucayali,Atalaya,Raymondi
16298.0,16298,Ucayali,Atalaya,Raymondi
16299.0,16299,Junin,Satipo,Rio Tambo
16300.0,16300,Junin,Satipo,Rio Tambo
16301.0,16301,Junin,Satipo,Rio Tambo
16302.0,16302,Junin,Satipo,Rio Tambo
16303.0,16303,Junin,Satipo,Rio Tambo
16304.0,16304,Junin,Satipo,Rio Tambo
16305.0,16305,Junin,Satipo,Rio Tambo
16306.0,16306,Junin,Satipo,Rio Tambo
16307.0,16307,Junin,Satipo,Rio Tambo
16308.0,16308,Junin,Satipo,Rio Tambo
16309.0,16309,Junin,Satipo,Rio Tambo
16310.0,16310,Junin,Satipo,Rio Tambo
16311.0,16311,Junin,Satipo,Rio Tambo
16312.0,16312,Junin,Satipo,Rio Tambo
16313.0,16313,Junin,Satipo,Rio Tambo
16314.0,16314,Junin,Satipo,Rio Tambo
16315.0,16315,Cusco,La Convencion,Kimbiri
16316.0,16316,Cusco,La Convencion,Kimbiri
16317.0,16317,Cusco,La Convencion,Kimbiri
16318.0,16318,Ayacucho,La Mar,Samugari
16319.0,16319,Ayacucho,La Mar,Samugari
16320.0,16320,Ayacucho,La Mar,Anchihuay
16321.0,16321,Ayacucho,La Mar,Anco
16322.0,16322,Ayacucho,La Mar,Anco
16323.0,16323,Ayacucho,La Mar,Chungui
16324.0,16324,Apurimac,Chincheros,Huaccana
16325.0,16325,Apurimac,Chincheros,Rocchacc
16326.0,16326,Apurimac,Chincheros,Anco Huallo
16327.0,16327,Apurimac,Chincheros,Uranmarca
16328.0,16328,Apurimac,Andahuaylas,San Antonio De Cachi
16329.0,16329,Apurimac,Andahuaylas,Chiara
16330.0,16330,Ayacucho,Sucre,Paico
16331.0,16331,Ayacucho,Sucre,Santiago De Paucaray
16332.0,16332,Ayacucho,Sucre,Soras
16333.0,16333,Ayacucho,Sucre,San Pedro De Larcay
16334.0,16334,Ayacucho,Sucre,San Pedro De Larcay
16335.0,16335,Ayacucho,Lucanas,Chipao
16336.0,16336,Ayacucho,Lucanas,Chipao
16337.0,16337,Ayacucho,Parinacochas,Coracora
16338.0,16338,Ayacucho,Parinacochas,Upahuacho
16339.0,16339,Ayacucho,Parinacochas,Coracora
16340.0,16340,Ayacucho,Parinacochas,Coracora
16341.0,16341,Ayacucho,Parinacochas,Chumpi
16342.0,16342,Ayacucho,Parinacochas,Puyusca
16343.0,16343,Ayacucho,Parinacochas,Puyusca
16344.0,16344,Ayacucho,Parinacochas,Puyusca
16345.0,16345,Arequipa,Caraveli,Quicacha
16346.0,16346,Arequipa,Caraveli,Quicacha
16347.0,16347,Arequipa,Caraveli,Quicacha
16348.0,16348,Arequipa,Caraveli,Quicacha
16349.0,16349,Arequipa,Caraveli,Atico
16350.0,16350,Arequipa,Caraveli,Atico
16351.0,16351,Arequipa,Caraveli,Atico
16352.0,16352,Arequipa,Caraveli,Atico
16353.0,16353,Arequipa,Caraveli,Atico
16354.0,16354,Arequipa,Caraveli,Atico
16432.0,16432,Loreto,Maynas,Mazan
16433.0,16433,Loreto,Maynas,Mazan
16434.0,16434,Loreto,Maynas,Punchana
16435.0,16435,Loreto,Maynas,Punchana
16436.0,16436,Loreto,Maynas,Punchana
16437.0,16437,Loreto,Maynas,Punchana
16438.0,16438,Loreto,Maynas,Alto Nanay
16439.0,16439,Loreto,Maynas,Iquitos
16440.0,16440,Loreto,Maynas,San Juan Bautista
16441.0,16441,Loreto,Maynas,San Juan Bautista
16442.0,16442,Loreto,Maynas,San Juan Bautista
16443.0,16443,Loreto,Maynas,San Juan Bautista
16444.0,16444,Loreto,Loreto,Nauta
16445.0,16445,Loreto,Loreto,Nauta
16446.0,16446,Loreto,Loreto,Nauta
16447.0,16447,Loreto,Requena,Saquena
16448.0,16448,Loreto,Requena,Saquena
16449.0,16449,Loreto,Requena,Saquena
16450.0,16450,Loreto,Requena,Saquena
16451.0,16451,Loreto,Requena,Jenaro Herrera
16452.0,16452,Loreto,Requena,Yaquerana
16453.0,16453,Loreto,Requena,Yaquerana
16454.0,16454,Loreto,Requena,Yaquerana
16455.0,16455,Loreto,Requena,Yaquerana
16456.0,16456,Loreto,Requena,Yaquerana
16457.0,16457,Loreto,Requena,Yaquerana
16458.0,16458,Loreto,Requena,Yaquerana
16459.0,16459,Loreto,Requena,Yaquerana
16460.0,16460,Loreto,Requena,Yaquerana
16461.0,16461,Loreto,Requena,Yaquerana
16462.0,16462,Loreto,Requena,Soplin
16499.0,16499,Ucayali,Atalaya,Tahuania
16500.0,16500,Ucayali,Atalaya,Tahuania
16501.0,16501,Ucayali,Atalaya,Tahuania
16502.0,16502,Ucayali,Atalaya,Tahuania
16503.0,16503,Ucayali,Atalaya,Raymondi
16504.0,16504,Ucayali,Atalaya,Raymondi
16505.0,16505,Ucayali,Atalaya,Raymondi
16506.0,16506,Ucayali,Atalaya,Raymondi
16507.0,16507,Ucayali,Atalaya,Raymondi
16508.0,16508,Ucayali,Atalaya,Raymondi
16509.0,16509,Ucayali,Atalaya,Raymondi
16510.0,16510,Ucayali,Atalaya,Raymondi
16511.0,16511,Junin,Satipo,Rio Tambo
16512.0,16512,Junin,Satipo,Rio Tambo
16513.0,16513,Junin,Satipo,Rio Tambo
16514.0,16514,Junin,Satipo,Rio Tambo
16515.0,16515,Junin,Satipo,Rio Tambo
16516.0,16516,Junin,Satipo,Rio Tambo
16517.0,16517,Cusco,La Convencion,Echarate
16518.0,16518,Cusco,La Convencion,Echarate
16519.0,16519,Junin,Satipo,Rio Tambo
16520.0,16520,Junin,Satipo,Rio Tambo
16521.0,16521,Junin,Satipo,Rio Tambo
16522.0,16522,Junin,Satipo,Rio Tambo
16523.0,16523,Junin,Satipo,Rio Tambo
16524.0,16524,Cusco,La Convencion,Echarate
16525.0,16525,Cusco,La Convencion,Echarate
16526.0,16526,Cusco,La Convencion,Echarate
16527.0,16527,Cusco,La Convencion,Kimbiri
16528.0,16528,Cusco,La Convencion,Kimbiri
16529.0,16529,Cusco,La Convencion,Villa Kintiarina
16530.0,16530,Ayacucho,La Mar,Anco
16531.0,16531,Ayacucho,La Mar,Anco
16532.0,16532,Ayacucho,La Mar,Chungui
16533.0,16533,Ayacucho,La Mar,Chungui
16534.0,16534,Ayacucho,La Mar,Chungui
16535.0,16535,Apurimac,Chincheros,Ocobamba
16536.0,16536,Apurimac,Chincheros,Ocobamba
16537.0,16537,Apurimac,Andahuaylas,Santa Maria De Chicmo
16538.0,16538,Apurimac,Andahuaylas,Huancaray
16539.0,16539,Apurimac,Andahuaylas,Chiara
16540.0,16540,Apurimac,Andahuaylas,Huayana
16541.0,16541,Apurimac,Andahuaylas,Tumay Huaraca
16542.0,16542,Apurimac,Andahuaylas,Pampachiri
16543.0,16543,Ayacucho,Sucre,San Pedro De Larcay
16544.0,16544,Ayacucho,Sucre,San Pedro De Larcay
16545.0,16545,Apurimac,Andahuaylas,Pampachiri
16546.0,16546,Ayacucho,Parinacochas,Coracora
16547.0,16547,Ayacucho,Parinacochas,Coracora
16548.0,16548,Apurimac,Aymaraes,Cotaruse
16549.0,16549,Ayacucho,Parinacochas,Upahuacho
16550.0,16550,Ayacucho,Parinacochas,Upahuacho
16551.0,16551,Ayacucho,Parinacochas,Coracora
16552.0,16552,Ayacucho,Paucar Del Sara Sara,Lampa
16553.0,16553,Ayacucho,Parinacochas,Puyusca
16554.0,16554,Ayacucho,Parinacochas,Puyusca
16555.0,16555,Arequipa,Caraveli,Cahuacho
16556.0,16556,Arequipa,Caraveli,Cahuacho
16557.0,16557,Arequipa,Caraveli,Cahuacho
16558.0,16558,Arequipa,Caraveli,Cahuacho
16559.0,16559,Arequipa,Caraveli,Atico
16560.0,16560,Arequipa,Caraveli,Atico
16561.0,16561,Arequipa,Caraveli,Atico
16562.0,16562,Arequipa,Caraveli,Atico
16563.0,16563,Arequipa,Caraveli,Atico
16564.0,16564,Arequipa,Caraveli,Atico
16565.0,16565,Arequipa,Caraveli,Atico
16642.0,16642,Loreto,Maynas,Mazan
16643.0,16643,Loreto,Maynas,Mazan
16644.0,16644,Loreto,Maynas,Mazan
16645.0,16645,Loreto,Maynas,Punchana
16646.0,16646,Loreto,Maynas,Punchana
16647.0,16647,Loreto,Maynas,Punchana
16648.0,16648,Loreto,Maynas,Iquitos
16649.0,16649,Loreto,Maynas,San Juan Bautista
16650.0,16650,Loreto,Maynas,San Juan Bautista
16651.0,16651,Loreto,Maynas,San Juan Bautista
16652.0,16652,Loreto,Maynas,San Juan Bautista
16653.0,16653,Loreto,Maynas,San Juan Bautista
16654.0,16654,Loreto,Loreto,Nauta
16655.0,16655,Loreto,Requena,Saquena
16656.0,16656,Loreto,Requena,Saquena
16657.0,16657,Loreto,Requena,Saquena
16658.0,16658,Loreto,Requena,Saquena
16659.0,16659,Loreto,Requena,Saquena
16660.0,16660,Loreto,Requena,Saquena
16661.0,16661,Loreto,Requena,Saquena
16662.0,16662,Loreto,Requena,Yaquerana
16663.0,16663,Loreto,Requena,Yaquerana
16664.0,16664,Loreto,Requena,Yaquerana
16665.0,16665,Loreto,Requena,Yaquerana
16666.0,16666,Loreto,Requena,Yaquerana
16667.0,16667,Loreto,Requena,Yaquerana
16668.0,16668,Loreto,Requena,Yaquerana
16669.0,16669,Loreto,Requena,Yaquerana
16670.0,16670,Loreto,Requena,Yaquerana
16709.0,16709,Ucayali,Atalaya,Tahuania
16710.0,16710,Ucayali,Atalaya,Tahuania
16711.0,16711,Ucayali,Atalaya,Tahuania
16712.0,16712,Ucayali,Atalaya,Tahuania
16713.0,16713,Ucayali,Atalaya,Raymondi
16714.0,16714,Ucayali,Atalaya,Raymondi
16715.0,16715,Ucayali,Atalaya,Raymondi
16716.0,16716,Ucayali,Atalaya,Raymondi
16717.0,16717,Ucayali,Atalaya,Raymondi
16718.0,16718,Ucayali,Atalaya,Raymondi
16719.0,16719,Ucayali,Atalaya,Raymondi
16720.0,16720,Ucayali,Atalaya,Raymondi
16721.0,16721,Ucayali,Atalaya,Sepahua
16722.0,16722,Ucayali,Atalaya,Sepahua
16723.0,16723,Ucayali,Atalaya,Sepahua
16724.0,16724,Ucayali,Atalaya,Sepahua
16725.0,16725,Cusco,La Convencion,Megantoni
16726.0,16726,Cusco,La Convencion,Megantoni
16727.0,16727,Cusco,La Convencion,Echarate
16728.0,16728,Cusco,La Convencion,Echarate
16729.0,16729,Cusco,La Convencion,Echarate
16730.0,16730,Junin,Satipo,Rio Tambo
16731.0,16731,Junin,Satipo,Rio Tambo
16732.0,16732,Junin,Satipo,Rio Tambo
16733.0,16733,Cusco,La Convencion,Echarate
16734.0,16734,Cusco,La Convencion,Echarate
16735.0,16735,Cusco,La Convencion,Echarate
16736.0,16736,Cusco,La Convencion,Echarate
16737.0,16737,Cusco,La Convencion,Echarate
16738.0,16738,Cusco,La Convencion,Echarate
16739.0,16739,Cusco,La Convencion,Villa Kintiarina
16740.0,16740,Cusco,La Convencion,Villa Kintiarina
16741.0,16741,Cusco,La Convencion,Villa Virgen
16742.0,16742,Ayacucho,La Mar,Chungui
16743.0,16743,Ayacucho,La Mar,Oronccoy
16744.0,16744,Ayacucho,La Mar,Oronccoy
16745.0,16745,Apurimac,Andahuaylas,Andarapa
16746.0,16746,Apurimac,Andahuaylas,Talavera
16747.0,16747,Apurimac,Andahuaylas,Talavera
16748.0,16748,Apurimac,Andahuaylas,Turpo
16749.0,16749,Apurimac,Andahuaylas,Turpo
16750.0,16750,Apurimac,Andahuaylas,Tumay Huaraca
16751.0,16751,Apurimac,Andahuaylas,Tumay Huaraca
16752.0,16752,Apurimac,Andahuaylas,Pampachiri
16753.0,16753,Apurimac,Andahuaylas,Pampachiri
16754.0,16754,Apurimac,Andahuaylas,Pampachiri
16755.0,16755,Apurimac,Aymaraes,Cotaruse
16756.0,16756,Apurimac,Aymaraes,Cotaruse
16757.0,16757,Apurimac,Aymaraes,Cotaruse
16758.0,16758,Apurimac,Aymaraes,Cotaruse
16759.0,16759,Ayacucho,Parinacochas,Upahuacho
16760.0,16760,Ayacucho,Parinacochas,Upahuacho
16761.0,16761,Ayacucho,Parinacochas,San Francisco De Ravacayco
16762.0,16762,Ayacucho,Paucar Del Sara Sara,Lampa
16763.0,16763,Ayacucho,Paucar Del Sara Sara,Sara Sara
16764.0,16764,Ayacucho,Parinacochas,Puyusca
16765.0,16765,Arequipa,Caraveli,Cahuacho
16766.0,16766,Arequipa,Caraveli,Cahuacho
16767.0,16767,Arequipa,Caraveli,Cahuacho
16768.0,16768,Arequipa,Caraveli,Caraveli
16769.0,16769,Arequipa,Caraveli,Atico
16770.0,16770,Arequipa,Caraveli,Atico
16771.0,16771,Arequipa,Caraveli,Atico
16772.0,16772,Arequipa,Caraveli,Atico
16773.0,16773,Arequipa,Caraveli,Atico
16774.0,16774,Arequipa,Caraveli,Atico
16775.0,16775,Arequipa,Caraveli,Atico
16776.0,16776,Arequipa,Camana,Ocoña
16852.0,16852,Loreto,Maynas,Mazan
16853.0,16853,Loreto,Maynas,Mazan
16854.0,16854,Loreto,Maynas,Mazan
16855.0,16855,Loreto,Maynas,Mazan
16856.0,16856,Loreto,Maynas,Punchana
16857.0,16857,Loreto,Maynas,Punchana
16858.0,16858,Loreto,Maynas,Iquitos
16859.0,16859,Loreto,Maynas,San Juan Bautista
16860.0,16860,Loreto,Maynas,San Juan Bautista
16861.0,16861,Loreto,Maynas,Belen
16862.0,16862,Loreto,Maynas,Fernando Lores
16863.0,16863,Loreto,Maynas,Fernando Lores
16864.0,16864,Loreto,Maynas,Fernando Lores
16865.0,16865,Loreto,Maynas,Fernando Lores
16866.0,16866,Loreto,Requena,Saquena
16867.0,16867,Loreto,Requena,Saquena
16868.0,16868,Loreto,Requena,Saquena
16869.0,16869,Loreto,Requena,Saquena
16870.0,16870,Loreto,Requena,Saquena
16871.0,16871,Loreto,Requena,Yaquerana
16872.0,16872,Loreto,Requena,Yaquerana
16873.0,16873,Loreto,Requena,Yaquerana
16874.0,16874,Loreto,Requena,Yaquerana
16875.0,16875,Loreto,Requena,Yaquerana
16876.0,16876,Loreto,Requena,Yaquerana
16877.0,16877,Loreto,Requena,Yaquerana
16878.0,16878,Loreto,Requena,Yaquerana
16879.0,16879,Loreto,Requena,Yaquerana
16918.0,16918,Ucayali,Coronel Portillo,Iparia
16919.0,16919,Ucayali,Coronel Portillo,Iparia
16920.0,16920,Ucayali,Atalaya,Tahuania
16921.0,16921,Ucayali,Atalaya,Tahuania
16922.0,16922,Ucayali,Atalaya,Tahuania
16923.0,16923,Ucayali,Atalaya,Raymondi
16924.0,16924,Ucayali,Atalaya,Raymondi
16925.0,16925,Ucayali,Atalaya,Raymondi
16926.0,16926,Ucayali,Atalaya,Raymondi
16927.0,16927,Ucayali,Atalaya,Raymondi
16928.0,16928,Ucayali,Atalaya,Raymondi
16929.0,16929,Ucayali,Atalaya,Raymondi
16930.0,16930,Ucayali,Atalaya,Raymondi
16931.0,16931,Ucayali,Atalaya,Sepahua
16932.0,16932,Ucayali,Atalaya,Sepahua
16933.0,16933,Ucayali,Atalaya,Sepahua
16934.0,16934,Cusco,La Convencion,Megantoni
16935.0,16935,Cusco,La Convencion,Megantoni
16936.0,16936,Cusco,La Convencion,Megantoni
16937.0,16937,Cusco,La Convencion,Megantoni
16938.0,16938,Cusco,La Convencion,Megantoni
16939.0,16939,Cusco,La Convencion,Megantoni
16940.0,16940,Cusco,La Convencion,Echarate
16941.0,16941,Cusco,La Convencion,Echarate
16942.0,16942,Cusco,La Convencion,Echarate
16943.0,16943,Cusco,La Convencion,Echarate
16944.0,16944,Cusco,La Convencion,Echarate
16945.0,16945,Cusco,La Convencion,Echarate
16946.0,16946,Cusco,La Convencion,Echarate
16947.0,16947,Cusco,La Convencion,Echarate
16948.0,16948,Cusco,La Convencion,Echarate
16949.0,16949,Cusco,La Convencion,Echarate
16950.0,16950,Cusco,La Convencion,Echarate
16951.0,16951,Cusco,La Convencion,Villa Virgen
16952.0,16952,Cusco,La Convencion,Vilcabamba
16953.0,16953,Cusco,La Convencion,Inkawasi
16954.0,16954,Ayacucho,La Mar,Oronccoy
16955.0,16955,Apurimac,Andahuaylas,Andarapa
16956.0,16956,Apurimac,Andahuaylas,Andarapa
16957.0,16957,Apurimac,Andahuaylas,San Jeronimo
16958.0,16958,Apurimac,Andahuaylas,Jose Maria Arguedas
16959.0,16959,Apurimac,Andahuaylas,Jose Maria Arguedas
16960.0,16960,Apurimac,Aymaraes,Toraya
16961.0,16961,Apurimac,Aymaraes,Toraya
16962.0,16962,Apurimac,Aymaraes,Sañayca
16963.0,16963,Apurimac,Aymaraes,Sañayca
16964.0,16964,Apurimac,Aymaraes,Sañayca
16965.0,16965,Apurimac,Aymaraes,Sañayca
16966.0,16966,Apurimac,Aymaraes,Cotaruse
16967.0,16967,Apurimac,Aymaraes,Cotaruse
16968.0,16968,Ayacucho,Parinacochas,Coronel Castañeda
16969.0,16969,Ayacucho,Parinacochas,Coronel Castañeda
16970.0,16970,Ayacucho,Parinacochas,Pacapausa
16971.0,16971,Ayacucho,Paucar Del Sara Sara,Marcabamba
16972.0,16972,Ayacucho,Paucar Del Sara Sara,Marcabamba
16973.0,16973,Ayacucho,Paucar Del Sara Sara,Pausa
16974.0,16974,Ayacucho,Paucar Del Sara Sara,Pausa
16975.0,16975,Arequipa,Caraveli,Cahuacho
16976.0,16976,Arequipa,Caraveli,Cahuacho
16977.0,16977,Arequipa,Caraveli,Cahuacho
16978.0,16978,Arequipa,Caraveli,Caraveli
16979.0,16979,Arequipa,Caraveli,Caraveli
16980.0,16980,Arequipa,Caraveli,Caraveli
16981.0,16981,Arequipa,Caraveli,Atico
16982.0,16982,Arequipa,Caraveli,Atico
16983.0,16983,Arequipa,Caraveli,Atico
16984.0,16984,Arequipa,Caraveli,Atico
16985.0,16985,Arequipa,Camana,Ocoña
16986.0,16986,Arequipa,Camana,Ocoña
17062.0,17062,Loreto,Maynas,Mazan
17063.0,17063,Loreto,Maynas,Mazan
17064.0,17064,Loreto,Maynas,Mazan
17065.0,17065,Loreto,Maynas,Mazan
17066.0,17066,Loreto,Maynas,Mazan
17067.0,17067,Loreto,Maynas,Punchana
17068.0,17068,Loreto,Maynas,Iquitos
17069.0,17069,Loreto,Maynas,Belen
17070.0,17070,Loreto,Maynas,Fernando Lores
17071.0,17071,Loreto,Maynas,Fernando Lores
17072.0,17072,Loreto,Maynas,Fernando Lores
17073.0,17073,Loreto,Maynas,Fernando Lores
17074.0,17074,Loreto,Maynas,Fernando Lores
17075.0,17075,Loreto,Maynas,Fernando Lores
17076.0,17076,Loreto,Maynas,Fernando Lores
17077.0,17077,Loreto,Maynas,Fernando Lores
17078.0,17078,Loreto,Requena,Saquena
17079.0,17079,Loreto,Requena,Saquena
17080.0,17080,Loreto,Requena,Saquena
17081.0,17081,Loreto,Requena,Yaquerana
17082.0,17082,Loreto,Requena,Yaquerana
17083.0,17083,Loreto,Requena,Yaquerana
17084.0,17084,Loreto,Requena,Yaquerana
17085.0,17085,Loreto,Requena,Yaquerana
17086.0,17086,Loreto,Requena,Yaquerana
17087.0,17087,Loreto,Requena,Yaquerana
17128.0,17128,Ucayali,Coronel Portillo,Iparia
17129.0,17129,Ucayali,Coronel Portillo,Iparia
17130.0,17130,Ucayali,Coronel Portillo,Iparia
17131.0,17131,Ucayali,Atalaya,Tahuania
17132.0,17132,Ucayali,Atalaya,Tahuania
17133.0,17133,Ucayali,Atalaya,Raymondi
17134.0,17134,Ucayali,Atalaya,Raymondi
17135.0,17135,Ucayali,Atalaya,Raymondi
17136.0,17136,Ucayali,Atalaya,Raymondi
17137.0,17137,Ucayali,Atalaya,Raymondi
17138.0,17138,Ucayali,Atalaya,Raymondi
17139.0,17139,Ucayali,Atalaya,Sepahua
17140.0,17140,Ucayali,Atalaya,Sepahua
17141.0,17141,Ucayali,Atalaya,Sepahua
17142.0,17142,Ucayali,Atalaya,Sepahua
17143.0,17143,Ucayali,Atalaya,Sepahua
17144.0,17144,Cusco,La Convencion,Megantoni
17145.0,17145,Cusco,La Convencion,Megantoni
17146.0,17146,Cusco,La Convencion,Megantoni
17147.0,17147,Cusco,La Convencion,Megantoni
17148.0,17148,Cusco,La Convencion,Megantoni
17149.0,17149,Cusco,La Convencion,Megantoni
17150.0,17150,Cusco,La Convencion,Megantoni
17151.0,17151,Cusco,La Convencion,Megantoni
17152.0,17152,Cusco,La Convencion,Echarate
17153.0,17153,Cusco,La Convencion,Echarate
17154.0,17154,Cusco,La Convencion,Echarate
17155.0,17155,Cusco,La Convencion,Echarate
17156.0,17156,Cusco,La Convencion,Echarate
17157.0,17157,Cusco,La Convencion,Echarate
17158.0,17158,Cusco,La Convencion,Echarate
17159.0,17159,Cusco,La Convencion,Echarate
17160.0,17160,Cusco,La Convencion,Vilcabamba
17161.0,17161,Cusco,La Convencion,Villa Virgen
17162.0,17162,Cusco,La Convencion,Vilcabamba
17163.0,17163,Cusco,La Convencion,Inkawasi
17164.0,17164,Cusco,La Convencion,Inkawasi
17165.0,17165,Ayacucho,La Mar,Oronccoy
17166.0,17166,Apurimac,Andahuaylas,Kaquiabamba
17167.0,17167,Apurimac,Andahuaylas,San Jeronimo
17168.0,17168,Apurimac,Andahuaylas,San Jeronimo
17169.0,17169,Apurimac,Aymaraes,Lucre
17170.0,17170,Apurimac,Aymaraes,Lucre
17171.0,17171,Apurimac,Aymaraes,Colcabamba
17172.0,17172,Apurimac,Aymaraes,Ihuayllo
17173.0,17173,Apurimac,Aymaraes,Chalhuanca
17174.0,17174,Apurimac,Aymaraes,Chalhuanca
17175.0,17175,Apurimac,Aymaraes,Cotaruse
17176.0,17176,Apurimac,Aymaraes,Cotaruse
17177.0,17177,Apurimac,Aymaraes,Cotaruse
17178.0,17178,Ayacucho,Parinacochas,Coronel Castañeda
17179.0,17179,Ayacucho,Parinacochas,Coronel Castañeda
17180.0,17180,Ayacucho,Paucar Del Sara Sara,Oyolo
17181.0,17181,Ayacucho,Paucar Del Sara Sara,Colta
17182.0,17182,Ayacucho,Paucar Del Sara Sara,Colta
17183.0,17183,Ayacucho,Paucar Del Sara Sara,Corculla
17184.0,17184,Arequipa,La Union,Tauria
17185.0,17185,Arequipa,Caraveli,Cahuacho
17186.0,17186,Arequipa,Caraveli,Cahuacho
17187.0,17187,Arequipa,Caraveli,Cahuacho
17188.0,17188,Arequipa,Condesuyos,Rio Grande
17189.0,17189,Arequipa,Condesuyos,Rio Grande
17190.0,17190,Arequipa,Caraveli,Caraveli
17191.0,17191,Arequipa,Caraveli,Atico
17192.0,17192,Arequipa,Caraveli,Atico
17193.0,17193,Arequipa,Caraveli,Atico
17194.0,17194,Arequipa,Caraveli,Atico
17195.0,17195,Arequipa,Camana,Ocoña
17196.0,17196,Arequipa,Camana,Ocoña
17197.0,17197,Arequipa,Camana,Ocoña
17272.0,17272,Loreto,Maynas,Mazan
17273.0,17273,Loreto,Maynas,Mazan
17274.0,17274,Loreto,Maynas,Mazan
17275.0,17275,Loreto,Maynas,Mazan
17276.0,17276,Loreto,Maynas,Indiana
17277.0,17277,Loreto,Maynas,Belen
17278.0,17278,Loreto,Maynas,Belen
17279.0,17279,Loreto,Maynas,Fernando Lores
17280.0,17280,Loreto,Maynas,Fernando Lores
17281.0,17281,Loreto,Maynas,Fernando Lores
17282.0,17282,Loreto,Maynas,Fernando Lores
17283.0,17283,Loreto,Maynas,Fernando Lores
17284.0,17284,Loreto,Maynas,Fernando Lores
17285.0,17285,Loreto,Maynas,Fernando Lores
17286.0,17286,Loreto,Maynas,Fernando Lores
17287.0,17287,Loreto,Maynas,Fernando Lores
17288.0,17288,Loreto,Requena,Saquena
17289.0,17289,Loreto,Requena,Saquena
17290.0,17290,Loreto,Mariscal Ramon Castilla,Yavari
17291.0,17291,Loreto,Requena,Yaquerana
17292.0,17292,Loreto,Requena,Yaquerana
17293.0,17293,Loreto,Requena,Yaquerana
17294.0,17294,Loreto,Requena,Yaquerana
17295.0,17295,Loreto,Requena,Yaquerana
17338.0,17338,Ucayali,Atalaya,Yurúa
17339.0,17339,Ucayali,Atalaya,Yurúa
17340.0,17340,Ucayali,Coronel Portillo,Iparia
17341.0,17341,Ucayali,Atalaya,Yurúa
17342.0,17342,Ucayali,Atalaya,Raymondi
17343.0,17343,Ucayali,Atalaya,Raymondi
17344.0,17344,Ucayali,Atalaya,Raymondi
17345.0,17345,Ucayali,Atalaya,Raymondi
17346.0,17346,Ucayali,Atalaya,Raymondi
17347.0,17347,Ucayali,Atalaya,Raymondi
17348.0,17348,Ucayali,Atalaya,Raymondi
17349.0,17349,Ucayali,Atalaya,Sepahua
17350.0,17350,Ucayali,Atalaya,Sepahua
17351.0,17351,Ucayali,Atalaya,Sepahua
17352.0,17352,Ucayali,Atalaya,Sepahua
17353.0,17353,Ucayali,Atalaya,Sepahua
17354.0,17354,Cusco,La Convencion,Megantoni
17355.0,17355,Cusco,La Convencion,Megantoni
17356.0,17356,Cusco,La Convencion,Megantoni
17357.0,17357,Cusco,La Convencion,Megantoni
17358.0,17358,Cusco,La Convencion,Megantoni
17359.0,17359,Cusco,La Convencion,Megantoni
17360.0,17360,Cusco,La Convencion,Megantoni
17361.0,17361,Cusco,La Convencion,Megantoni
17362.0,17362,Cusco,La Convencion,Megantoni
17363.0,17363,Cusco,La Convencion,Echarate
17364.0,17364,Cusco,La Convencion,Echarate
17365.0,17365,Cusco,La Convencion,Echarate
17366.0,17366,Cusco,La Convencion,Echarate
17367.0,17367,Cusco,La Convencion,Echarate
17368.0,17368,Cusco,La Convencion,Echarate
17369.0,17369,Cusco,La Convencion,Echarate
17370.0,17370,Cusco,La Convencion,Vilcabamba
17371.0,17371,Cusco,La Convencion,Vilcabamba
17372.0,17372,Cusco,La Convencion,Vilcabamba
17373.0,17373,Cusco,La Convencion,Inkawasi
17374.0,17374,Cusco,La Convencion,Inkawasi
17375.0,17375,Apurimac,Andahuaylas,Pacobamba
17376.0,17376,Apurimac,Andahuaylas,Kishuara
17377.0,17377,Apurimac,Andahuaylas,Kishuara
17378.0,17378,Apurimac,Andahuaylas,Kishuara
17379.0,17379,Apurimac,Aymaraes,Tintay
17380.0,17380,Apurimac,Aymaraes,San Juan De Chacña
17381.0,17381,Apurimac,Aymaraes,Tapairihua
17382.0,17382,Apurimac,Aymaraes,Yanaca
17383.0,17383,Apurimac,Aymaraes,Yanaca
17384.0,17384,Apurimac,Aymaraes,Chalhuanca
17385.0,17385,Apurimac,Aymaraes,Cotaruse
17386.0,17386,Apurimac,Aymaraes,Cotaruse
17387.0,17387,Apurimac,Aymaraes,Cotaruse
17388.0,17388,Ayacucho,Parinacochas,Coronel Castañeda
17389.0,17389,Ayacucho,Parinacochas,Coronel Castañeda
17390.0,17390,Ayacucho,Paucar Del Sara Sara,Oyolo
17391.0,17391,Ayacucho,Paucar Del Sara Sara,Oyolo
17392.0,17392,Ayacucho,Paucar Del Sara Sara,Oyolo
17393.0,17393,Ayacucho,Paucar Del Sara Sara,Corculla
17394.0,17394,Arequipa,La Union,Tauria
17395.0,17395,Arequipa,La Union,Tauria
17396.0,17396,Arequipa,La Union,Toro
17397.0,17397,Arequipa,Condesuyos,Yanaquihua
17398.0,17398,Arequipa,Condesuyos,Yanaquihua
17399.0,17399,Arequipa,Condesuyos,Rio Grande
17400.0,17400,Arequipa,Condesuyos,Rio Grande
17401.0,17401,Arequipa,Camana,Mariano Nicolas Valcárcel
17402.0,17402,Arequipa,Camana,Mariano Nicolas Valcárcel
17403.0,17403,Arequipa,Camana,Ocoña
17404.0,17404,Arequipa,Camana,Ocoña
17405.0,17405,Arequipa,Camana,Ocoña
17406.0,17406,Arequipa,Camana,Ocoña
17407.0,17407,Arequipa,Camana,Ocoña
17408.0,17408,Arequipa,Camana,Ocoña
17482.0,17482,Loreto,Maynas,Mazan
17483.0,17483,Loreto,Maynas,Mazan
17484.0,17484,Loreto,Maynas,Mazan
17485.0,17485,Loreto,Maynas,Mazan
17486.0,17486,Loreto,Maynas,Indiana
17487.0,17487,Loreto,Maynas,Indiana
17488.0,17488,Loreto,Maynas,Indiana
17489.0,17489,Loreto,Maynas,Indiana
17490.0,17490,Loreto,Maynas,Fernando Lores
17491.0,17491,Loreto,Maynas,Fernando Lores
17492.0,17492,Loreto,Maynas,Fernando Lores
17493.0,17493,Loreto,Maynas,Fernando Lores
17494.0,17494,Loreto,Maynas,Fernando Lores
17495.0,17495,Loreto,Maynas,Fernando Lores
17496.0,17496,Loreto,Maynas,Fernando Lores
17497.0,17497,Loreto,Maynas,Fernando Lores
17498.0,17498,Loreto,Mariscal Ramon Castilla,Yavari
17499.0,17499,Loreto,Mariscal Ramon Castilla,Yavari
17500.0,17500,Loreto,Mariscal Ramon Castilla,Yavari
17501.0,17501,Loreto,Requena,Yaquerana
17502.0,17502,Loreto,Requena,Yaquerana
17503.0,17503,Loreto,Requena,Yaquerana
17504.0,17504,Loreto,Requena,Yaquerana
17548.0,17548,Ucayali,Atalaya,Yurúa
17549.0,17549,Ucayali,Atalaya,Yurúa
17550.0,17550,Ucayali,Atalaya,Yurúa
17551.0,17551,Ucayali,Atalaya,Yurúa
17552.0,17552,Ucayali,Atalaya,Yurúa
17553.0,17553,Ucayali,Atalaya,Raymondi
17554.0,17554,Ucayali,Atalaya,Raymondi
17555.0,17555,Ucayali,Atalaya,Raymondi
17556.0,17556,Ucayali,Atalaya,Raymondi
17557.0,17557,Ucayali,Atalaya,Raymondi
17558.0,17558,Ucayali,Atalaya,Raymondi
17559.0,17559,Ucayali,Atalaya,Sepahua
17560.0,17560,Ucayali,Atalaya,Sepahua
17561.0,17561,Ucayali,Atalaya,Sepahua
17562.0,17562,Ucayali,Atalaya,Sepahua
17563.0,17563,Ucayali,Atalaya,Sepahua
17564.0,17564,Cusco,La Convencion,Megantoni
17565.0,17565,Cusco,La Convencion,Megantoni
17566.0,17566,Cusco,La Convencion,Megantoni
17567.0,17567,Cusco,La Convencion,Megantoni
17568.0,17568,Cusco,La Convencion,Megantoni
17569.0,17569,Cusco,La Convencion,Megantoni
17570.0,17570,Cusco,La Convencion,Megantoni
17571.0,17571,Cusco,La Convencion,Megantoni
17572.0,17572,Cusco,La Convencion,Megantoni
17573.0,17573,Cusco,La Convencion,Echarate
17574.0,17574,Cusco,La Convencion,Echarate
17575.0,17575,Cusco,La Convencion,Echarate
17576.0,17576,Cusco,La Convencion,Echarate
17577.0,17577,Cusco,La Convencion,Echarate
17578.0,17578,Cusco,La Convencion,Echarate
17579.0,17579,Cusco,La Convencion,Echarate
17580.0,17580,Cusco,La Convencion,Echarate
17581.0,17581,Cusco,La Convencion,Vilcabamba
17582.0,17582,Cusco,La Convencion,Vilcabamba
17583.0,17583,Cusco,La Convencion,Vilcabamba
17584.0,17584,Cusco,La Convencion,Inkawasi
17585.0,17585,Apurimac,Abancay,Huanipaca
17586.0,17586,Apurimac,Andahuaylas,Pacobamba
17587.0,17587,Apurimac,Andahuaylas,Huancarama
17588.0,17588,Apurimac,Abancay,Pichirhua
17589.0,17589,Apurimac,Abancay,Pichirhua
17590.0,17590,Apurimac,Aymaraes,Chapimarca
17591.0,17591,Apurimac,Aymaraes,Chapimarca
17592.0,17592,Apurimac,Antabamba,El Oro
17593.0,17593,Apurimac,Aymaraes,Pocohuanca
17594.0,17594,Apurimac,Aymaraes,Caraibamba
17595.0,17595,Apurimac,Aymaraes,Caraibamba
17596.0,17596,Apurimac,Aymaraes,Cotaruse
17597.0,17597,Apurimac,Aymaraes,Cotaruse
17598.0,17598,Ayacucho,Parinacochas,Coronel Castañeda
17599.0,17599,Ayacucho,Paucar Del Sara Sara,Oyolo
17600.0,17600,Ayacucho,Paucar Del Sara Sara,Oyolo
17601.0,17601,Ayacucho,Paucar Del Sara Sara,Oyolo
17602.0,17602,Arequipa,La Union,Charcana
17603.0,17603,Arequipa,La Union,Quechualla
17604.0,17604,Arequipa,La Union,Toro
17605.0,17605,Arequipa,La Union,Toro
17606.0,17606,Arequipa,Condesuyos,Chichas
17607.0,17607,Arequipa,Condesuyos,Yanaquihua
17608.0,17608,Arequipa,Condesuyos,Yanaquihua
17609.0,17609,Arequipa,Condesuyos,Yanaquihua
17610.0,17610,Arequipa,Condesuyos,Rio Grande
17611.0,17611,Arequipa,Camana,Mariano Nicolas Valcárcel
17612.0,17612,Arequipa,Camana,Mariano Nicolas Valcárcel
17613.0,17613,Arequipa,Camana,Ocoña
17614.0,17614,Arequipa,Camana,Ocoña
17615.0,17615,Arequipa,Camana,Ocoña
17616.0,17616,Arequipa,Camana,Ocoña
17617.0,17617,Arequipa,Camana,Mariscal Caceres
17618.0,17618,Arequipa,Camana,Mariscal Caceres
17692.0,17692,Loreto,Maynas,Mazan
17693.0,17693,Loreto,Maynas,Mazan
17694.0,17694,Loreto,Maynas,Mazan
17695.0,17695,Loreto,Maynas,Indiana
17696.0,17696,Loreto,Maynas,Indiana
17697.0,17697,Loreto,Maynas,Indiana
17698.0,17698,Loreto,Maynas,Indiana
17699.0,17699,Loreto,Maynas,Indiana
17700.0,17700,Loreto,Maynas,Indiana
17701.0,17701,Loreto,Maynas,Indiana
17702.0,17702,Loreto,Maynas,Fernando Lores
17703.0,17703,Loreto,Maynas,Fernando Lores
17704.0,17704,Loreto,Maynas,Fernando Lores
17705.0,17705,Loreto,Maynas,Fernando Lores
17706.0,17706,Loreto,Mariscal Ramon Castilla,Yavari
17707.0,17707,Loreto,Mariscal Ramon Castilla,Yavari
17708.0,17708,Loreto,Mariscal Ramon Castilla,Yavari
17709.0,17709,Loreto,Mariscal Ramon Castilla,Yavari
17710.0,17710,Loreto,Mariscal Ramon Castilla,Yavari
17711.0,17711,Loreto,Mariscal Ramon Castilla,Yavari
17712.0,17712,Loreto,Requena,Yaquerana
17758.0,17758,Ucayali,Atalaya,Yurúa
17759.0,17759,Ucayali,Atalaya,Yurúa
17760.0,17760,Ucayali,Atalaya,Yurúa
17761.0,17761,Ucayali,Atalaya,Yurúa
17762.0,17762,Ucayali,Atalaya,Yurúa
17763.0,17763,Ucayali,Atalaya,Raymondi
17764.0,17764,Ucayali,Atalaya,Raymondi
17765.0,17765,Ucayali,Atalaya,Raymondi
17766.0,17766,Ucayali,Atalaya,Raymondi
17767.0,17767,Ucayali,Atalaya,Raymondi
17768.0,17768,Ucayali,Atalaya,Raymondi
17769.0,17769,Ucayali,Atalaya,Sepahua
17770.0,17770,Ucayali,Atalaya,Sepahua
17771.0,17771,Ucayali,Atalaya,Sepahua
17772.0,17772,Ucayali,Atalaya,Sepahua
17773.0,17773,Ucayali,Atalaya,Sepahua
17774.0,17774,Cusco,La Convencion,Megantoni
17775.0,17775,Cusco,La Convencion,Megantoni
17776.0,17776,Cusco,La Convencion,Megantoni
17777.0,17777,Cusco,La Convencion,Megantoni
17778.0,17778,Cusco,La Convencion,Megantoni
17779.0,17779,Cusco,La Convencion,Megantoni
17780.0,17780,Cusco,La Convencion,Megantoni
17781.0,17781,Cusco,La Convencion,Megantoni
17782.0,17782,Cusco,La Convencion,Megantoni
17783.0,17783,Cusco,La Convencion,Echarate
17784.0,17784,Cusco,La Convencion,Echarate
17785.0,17785,Cusco,La Convencion,Echarate
17786.0,17786,Cusco,La Convencion,Echarate
17787.0,17787,Cusco,La Convencion,Echarate
17788.0,17788,Cusco,La Convencion,Echarate
17789.0,17789,Cusco,La Convencion,Echarate
17790.0,17790,Cusco,La Convencion,Echarate
17791.0,17791,Cusco,La Convencion,Vilcabamba
17792.0,17792,Cusco,La Convencion,Vilcabamba
17793.0,17793,Cusco,La Convencion,Vilcabamba
17794.0,17794,Cusco,La Convencion,Vilcabamba
17795.0,17795,Apurimac,Abancay,Huanipaca
17796.0,17796,Apurimac,Abancay,Abancay
17797.0,17797,Apurimac,Andahuaylas,Huancarama
17798.0,17798,Apurimac,Abancay,Pichirhua
17799.0,17799,Apurimac,Abancay,Circa
17800.0,17800,Apurimac,Abancay,Circa
17801.0,17801,Apurimac,Abancay,Circa
17802.0,17802,Apurimac,Antabamba,Pachaconas
17803.0,17803,Apurimac,Antabamba,Pachaconas
17804.0,17804,Apurimac,Antabamba,Sabaino
17805.0,17805,Apurimac,Antabamba,Juan Espinoza Medrano
17806.0,17806,Apurimac,Antabamba,Juan Espinoza Medrano
17807.0,17807,Apurimac,Antabamba,Juan Espinoza Medrano
17808.0,17808,Ayacucho,Parinacochas,Coronel Castañeda
17809.0,17809,Arequipa,La Union,Pampamarca
17810.0,17810,Arequipa,La Union,Pampamarca
17811.0,17811,Arequipa,La Union,Pampamarca
17812.0,17812,Arequipa,La Union,Pampamarca
17813.0,17813,Arequipa,La Union,Toro
17814.0,17814,Arequipa,La Union,Toro
17815.0,17815,Arequipa,Condesuyos,Chichas
17816.0,17816,Arequipa,Condesuyos,Chichas
17817.0,17817,Arequipa,Condesuyos,Yanaquihua
17818.0,17818,Arequipa,Condesuyos,Yanaquihua
17819.0,17819,Arequipa,Condesuyos,Yanaquihua
17820.0,17820,Arequipa,Condesuyos,Andaray
17821.0,17821,Arequipa,Camana,Ocoña
17822.0,17822,Arequipa,Camana,Ocoña
17823.0,17823,Arequipa,Camana,Ocoña
17824.0,17824,Arequipa,Camana,Ocoña
17825.0,17825,Arequipa,Camana,Mariscal Caceres
17826.0,17826,Arequipa,Camana,Mariscal Caceres
17827.0,17827,Arequipa,Camana,Mariscal Caceres
17828.0,17828,Arequipa,Camana,Mariscal Caceres
17829.0,17829,Arequipa,Camana,Mariscal Caceres
17902.0,17902,Loreto,Maynas,Las Amazonas
17903.0,17903,Loreto,Maynas,Mazan
17904.0,17904,Loreto,Maynas,Mazan
17905.0,17905,Loreto,Maynas,Indiana
17906.0,17906,Loreto,Maynas,Indiana
17907.0,17907,Loreto,Maynas,Indiana
17908.0,17908,Loreto,Maynas,Indiana
17909.0,17909,Loreto,Maynas,Indiana
17910.0,17910,Loreto,Maynas,Indiana
17911.0,17911,Loreto,Maynas,Indiana
17912.0,17912,Loreto,Maynas,Fernando Lores
17913.0,17913,Loreto,Maynas,Fernando Lores
17914.0,17914,Loreto,Maynas,Fernando Lores
17915.0,17915,Loreto,Maynas,Fernando Lores
17916.0,17916,Loreto,Mariscal Ramon Castilla,Yavari
17917.0,17917,Loreto,Mariscal Ramon Castilla,Yavari
17918.0,17918,Loreto,Mariscal Ramon Castilla,Yavari
17919.0,17919,Loreto,Mariscal Ramon Castilla,Yavari
17920.0,17920,Loreto,Mariscal Ramon Castilla,Yavari
17921.0,17921,Loreto,Mariscal Ramon Castilla,Yavari
17968.0,17968,Ucayali,Atalaya,Yurúa
17969.0,17969,Ucayali,Atalaya,Yurúa
17970.0,17970,Ucayali,Atalaya,Yurúa
17971.0,17971,Ucayali,Atalaya,Yurúa
17972.0,17972,Ucayali,Atalaya,Yurúa
17973.0,17973,Ucayali,Atalaya,Raymondi
17974.0,17974,Ucayali,Atalaya,Raymondi
17975.0,17975,Ucayali,Atalaya,Raymondi
17976.0,17976,Ucayali,Atalaya,Raymondi
17977.0,17977,Ucayali,Atalaya,Raymondi
17978.0,17978,Ucayali,Atalaya,Raymondi
17979.0,17979,Ucayali,Atalaya,Sepahua
17980.0,17980,Ucayali,Atalaya,Sepahua
17984.0,17984,Ucayali,Atalaya,Sepahua
17985.0,17985,Cusco,La Convencion,Megantoni
17986.0,17986,Cusco,La Convencion,Megantoni
17987.0,17987,Cusco,La Convencion,Megantoni
17988.0,17988,Cusco,La Convencion,Megantoni
17989.0,17989,Cusco,La Convencion,Megantoni
17990.0,17990,Cusco,La Convencion,Megantoni
17991.0,17991,Cusco,La Convencion,Megantoni
17992.0,17992,Cusco,La Convencion,Megantoni
17993.0,17993,Cusco,La Convencion,Echarate
17994.0,17994,Cusco,La Convencion,Echarate
17995.0,17995,Cusco,La Convencion,Echarate
17996.0,17996,Cusco,La Convencion,Echarate
17997.0,17997,Cusco,La Convencion,Echarate
17998.0,17998,Cusco,La Convencion,Echarate
17999.0,17999,Cusco,La Convencion,Echarate
18000.0,18000,Cusco,La Convencion,Santa Ana
18001.0,18001,Cusco,La Convencion,Vilcabamba
18002.0,18002,Cusco,La Convencion,Vilcabamba
18003.0,18003,Cusco,La Convencion,Santa Teresa
18004.0,18004,Cusco,La Convencion,Santa Teresa
18005.0,18005,Apurimac,Abancay,San Pedro De Cachora
18006.0,18006,Apurimac,Abancay,San Pedro De Cachora
18007.0,18007,Apurimac,Abancay,Abancay
18008.0,18008,Apurimac,Abancay,Lambrama
18009.0,18009,Apurimac,Abancay,Lambrama
18010.0,18010,Apurimac,Abancay,Circa
18011.0,18011,Apurimac,Abancay,Circa
18012.0,18012,Apurimac,Grau,Chuquibambilla
18013.0,18013,Apurimac,Grau,Pataypampa
18014.0,18014,Apurimac,Antabamba,Huaquirca
18015.0,18015,Apurimac,Antabamba,Antabamba
18016.0,18016,Apurimac,Antabamba,Juan Espinoza Medrano
18017.0,18017,Apurimac,Antabamba,Juan Espinoza Medrano
18018.0,18018,Apurimac,Antabamba,Juan Espinoza Medrano
18019.0,18019,Arequipa,La Union,Huaynacotas
18020.0,18020,Arequipa,La Union,Pampamarca
18021.0,18021,Arequipa,La Union,Huaynacotas
18022.0,18022,Arequipa,La Union,Huaynacotas
18023.0,18023,Arequipa,La Union,Cotahuasi
18024.0,18024,Arequipa,La Union,Cotahuasi
18025.0,18025,Arequipa,Condesuyos,Salamanca
18026.0,18026,Arequipa,Condesuyos,Salamanca
18027.0,18027,Arequipa,Condesuyos,Yanaquihua
18028.0,18028,Arequipa,Condesuyos,Yanaquihua
18029.0,18029,Arequipa,Condesuyos,Andaray
18030.0,18030,Arequipa,Condesuyos,Andaray
18031.0,18031,Arequipa,Condesuyos,Chuquibamba
18032.0,18032,Arequipa,Camana,Ocoña
18033.0,18033,Arequipa,Camana,Ocoña
18034.0,18034,Arequipa,Camana,Mariscal Caceres
18035.0,18035,Arequipa,Camana,Mariscal Caceres
18036.0,18036,Arequipa,Camana,Mariscal Caceres
18037.0,18037,Arequipa,Camana,Mariscal Caceres
18038.0,18038,Arequipa,Camana,Mariscal Caceres
18039.0,18039,Arequipa,Camana,Mariscal Caceres
18040.0,18040,Arequipa,Camana,Mariscal Caceres
18112.0,18112,Loreto,Maynas,Las Amazonas
18113.0,18113,Loreto,Maynas,Mazan
18114.0,18114,Loreto,Maynas,Mazan
18115.0,18115,Loreto,Maynas,Las Amazonas
18116.0,18116,Loreto,Maynas,Las Amazonas
18117.0,18117,Loreto,Maynas,Las Amazonas
18118.0,18118,Loreto,Maynas,Indiana
18119.0,18119,Loreto,Maynas,Indiana
18120.0,18120,Loreto,Maynas,Indiana
18121.0,18121,Loreto,Maynas,Indiana
18122.0,18122,Loreto,Maynas,Indiana
18123.0,18123,Loreto,Maynas,Indiana
18124.0,18124,Loreto,Maynas,Indiana
18125.0,18125,Loreto,Mariscal Ramon Castilla,Yavari
18126.0,18126,Loreto,Mariscal Ramon Castilla,Yavari
18127.0,18127,Loreto,Mariscal Ramon Castilla,Yavari
18128.0,18128,Loreto,Mariscal Ramon Castilla,Yavari
18129.0,18129,Loreto,Mariscal Ramon Castilla,Yavari
18178.0,18178,Ucayali,Atalaya,Yurúa
18179.0,18179,Ucayali,Atalaya,Yurúa
18180.0,18180,Ucayali,Atalaya,Yurúa
18181.0,18181,Ucayali,Atalaya,Yurúa
18182.0,18182,Ucayali,Atalaya,Yurúa
18183.0,18183,Ucayali,Atalaya,Raymondi
18184.0,18184,Ucayali,Atalaya,Raymondi
18185.0,18185,Ucayali,Atalaya,Raymondi
18195.0,18195,Cusco,La Convencion,Megantoni
18196.0,18196,Cusco,La Convencion,Megantoni
18197.0,18197,Cusco,La Convencion,Megantoni
18198.0,18198,Cusco,La Convencion,Megantoni
18199.0,18199,Cusco,La Convencion,Megantoni
18200.0,18200,Cusco,La Convencion,Megantoni
18201.0,18201,Cusco,La Convencion,Megantoni
18202.0,18202,Cusco,La Convencion,Megantoni
18203.0,18203,Cusco,La Convencion,Echarate
18204.0,18204,Cusco,La Convencion,Quellouno
18205.0,18205,Cusco,La Convencion,Echarate
18206.0,18206,Cusco,La Convencion,Echarate
18207.0,18207,Cusco,La Convencion,Echarate
18208.0,18208,Cusco,La Convencion,Echarate
18209.0,18209,Cusco,La Convencion,Santa Ana
18210.0,18210,Cusco,La Convencion,Santa Ana
18211.0,18211,Cusco,La Convencion,Santa Teresa
18212.0,18212,Cusco,La Convencion,Santa Teresa
18213.0,18213,Cusco,La Convencion,Santa Teresa
18214.0,18214,Cusco,La Convencion,Santa Teresa
18215.0,18215,Cusco,Anta,Mollepata
18216.0,18216,Apurimac,Abancay,Curahuasi
18217.0,18217,Apurimac,Abancay,Abancay
18218.0,18218,Apurimac,Abancay,Lambrama
18219.0,18219,Apurimac,Abancay,Lambrama
18220.0,18220,Apurimac,Abancay,Lambrama
18221.0,18221,Apurimac,Grau,Chuquibambilla
18222.0,18222,Apurimac,Grau,Chuquibambilla
18223.0,18223,Apurimac,Grau,Pataypampa
18224.0,18224,Apurimac,Antabamba,Huaquirca
18225.0,18225,Apurimac,Antabamba,Antabamba
18226.0,18226,Apurimac,Antabamba,Antabamba
18227.0,18227,Apurimac,Antabamba,Antabamba
18228.0,18228,Arequipa,La Union,Huaynacotas
18229.0,18229,Arequipa,La Union,Huaynacotas
18230.0,18230,Arequipa,La Union,Huaynacotas
18231.0,18231,Arequipa,La Union,Huaynacotas
18232.0,18232,Arequipa,La Union,Alca
18233.0,18233,Arequipa,La Union,Tomepampa
18234.0,18234,Arequipa,Condesuyos,Salamanca
18235.0,18235,Arequipa,Condesuyos,Salamanca
18236.0,18236,Arequipa,Condesuyos,Salamanca
18237.0,18237,Arequipa,Condesuyos,Chuquibamba
18238.0,18238,Arequipa,Condesuyos,Andaray
18239.0,18239,Arequipa,Condesuyos,Andaray
18240.0,18240,Arequipa,Condesuyos,Chuquibamba
18241.0,18241,Arequipa,Condesuyos,Chuquibamba
18242.0,18242,Arequipa,Condesuyos,Chuquibamba
18243.0,18243,Arequipa,Condesuyos,Chuquibamba
18244.0,18244,Arequipa,Camana,Mariscal Caceres
18245.0,18245,Arequipa,Camana,Mariscal Caceres
18246.0,18246,Arequipa,Camana,Nicolas De Pierola
18247.0,18247,Arequipa,Camana,Mariscal Caceres
18248.0,18248,Arequipa,Camana,Camana
18249.0,18249,Arequipa,Camana,Camana
18250.0,18250,Arequipa,Camana,Camana
18251.0,18251,Arequipa,Camana,Samuel Pastor
18323.0,18323,Loreto,Maynas,Mazan
18324.0,18324,Loreto,Maynas,Las Amazonas
18325.0,18325,Loreto,Maynas,Las Amazonas
18326.0,18326,Loreto,Maynas,Las Amazonas
18327.0,18327,Loreto,Maynas,Las Amazonas
18328.0,18328,Loreto,Maynas,Indiana
18329.0,18329,Loreto,Maynas,Indiana
18330.0,18330,Loreto,Maynas,Las Amazonas
18331.0,18331,Loreto,Maynas,Indiana
18332.0,18332,Loreto,Maynas,Las Amazonas
18333.0,18333,Loreto,Maynas,Las Amazonas
18334.0,18334,Loreto,Maynas,Indiana
18335.0,18335,Loreto,Mariscal Ramon Castilla,Yavari
18336.0,18336,Loreto,Mariscal Ramon Castilla,Yavari
18337.0,18337,Loreto,Mariscal Ramon Castilla,Yavari
18338.0,18338,Loreto,Mariscal Ramon Castilla,Yavari
18388.0,18388,Ucayali,Atalaya,Yurúa
18389.0,18389,Ucayali,Atalaya,Yurúa
18390.0,18390,Ucayali,Atalaya,Yurúa
18391.0,18391,Ucayali,Atalaya,Yurúa
18392.0,18392,Ucayali,Atalaya,Yurúa
18393.0,18393,Ucayali,Atalaya,Raymondi
18394.0,18394,Ucayali,Atalaya,Raymondi
18395.0,18395,Ucayali,Atalaya,Raymondi
18407.0,18407,Cusco,La Convencion,Megantoni
18408.0,18408,Cusco,La Convencion,Megantoni
18409.0,18409,Cusco,La Convencion,Megantoni
18410.0,18410,Cusco,La Convencion,Megantoni
18411.0,18411,Cusco,La Convencion,Megantoni
18412.0,18412,Cusco,La Convencion,Megantoni
18413.0,18413,Cusco,La Convencion,Echarate
18414.0,18414,Cusco,La Convencion,Quellouno
18415.0,18415,Cusco,La Convencion,Quellouno
18416.0,18416,Cusco,La Convencion,Quellouno
18417.0,18417,Cusco,La Convencion,Echarate
18418.0,18418,Cusco,La Convencion,Echarate
18419.0,18419,Cusco,La Convencion,Santa Ana
18420.0,18420,Cusco,La Convencion,Maranura
18421.0,18421,Cusco,La Convencion,Santa Teresa
18422.0,18422,Cusco,La Convencion,Santa Teresa
18423.0,18423,Cusco,La Convencion,Santa Teresa
18424.0,18424,Cusco,La Convencion,Santa Teresa
18425.0,18425,Cusco,Anta,Mollepata
18426.0,18426,Apurimac,Abancay,Curahuasi
18427.0,18427,Apurimac,Abancay,Curahuasi
18428.0,18428,Apurimac,Abancay,Curahuasi
18429.0,18429,Apurimac,Abancay,Lambrama
18430.0,18430,Apurimac,Grau,Curpahuasi
18431.0,18431,Apurimac,Grau,Curpahuasi
18432.0,18432,Apurimac,Grau,Santa Rosa
18433.0,18433,Apurimac,Grau,Turpay
18434.0,18434,Apurimac,Grau,Virundo
18435.0,18435,Apurimac,Antabamba,Huaquirca
18436.0,18436,Apurimac,Antabamba,Oropesa
18437.0,18437,Apurimac,Antabamba,Antabamba
18438.0,18438,Arequipa,La Union,Huaynacotas
18439.0,18439,Arequipa,La Union,Puyca
18440.0,18440,Arequipa,La Union,Puyca
18441.0,18441,Arequipa,La Union,Puyca
18442.0,18442,Arequipa,La Union,Alca
18443.0,18443,Arequipa,Condesuyos,Salamanca
18444.0,18444,Arequipa,Condesuyos,Salamanca
18445.0,18445,Arequipa,Condesuyos,Salamanca
18446.0,18446,Arequipa,Castilla,Pampacolca
18447.0,18447,Arequipa,Castilla,Pampacolca
18448.0,18448,Arequipa,Condesuyos,Chuquibamba
18449.0,18449,Arequipa,Condesuyos,Chuquibamba
18450.0,18450,Arequipa,Condesuyos,Iray
18451.0,18451,Arequipa,Castilla,Aplao
18452.0,18452,Arequipa,Castilla,Aplao
18453.0,18453,Arequipa,Castilla,Uraca
18454.0,18454,Arequipa,Condesuyos,Chuquibamba
18455.0,18455,Arequipa,Camana,Nicolas De Pierola
18456.0,18456,Arequipa,Camana,Samuel Pastor
18457.0,18457,Arequipa,Camana,Samuel Pastor
18458.0,18458,Arequipa,Camana,Samuel Pastor
18459.0,18459,Arequipa,Camana,Samuel Pastor
18460.0,18460,Arequipa,Camana,Quilca
18461.0,18461,Arequipa,Camana,Quilca
18533.0,18533,Loreto,Maynas,Las Amazonas
18534.0,18534,Loreto,Maynas,Las Amazonas
18535.0,18535,Loreto,Maynas,Las Amazonas
18536.0,18536,Loreto,Maynas,Las Amazonas
18537.0,18537,Loreto,Maynas,Las Amazonas
18538.0,18538,Loreto,Maynas,Las Amazonas
18539.0,18539,Loreto,Maynas,Las Amazonas
18540.0,18540,Loreto,Maynas,Las Amazonas
18541.0,18541,Loreto,Maynas,Las Amazonas
18542.0,18542,Loreto,Maynas,Las Amazonas
18543.0,18543,Loreto,Maynas,Las Amazonas
18544.0,18544,Loreto,Mariscal Ramon Castilla,Yavari
18545.0,18545,Loreto,Mariscal Ramon Castilla,Yavari
18546.0,18546,Loreto,Mariscal Ramon Castilla,Yavari
18547.0,18547,Loreto,Mariscal Ramon Castilla,Yavari
18597.0,18597,Ucayali,Atalaya,Yurúa
18598.0,18598,Ucayali,Atalaya,Yurúa
18599.0,18599,Ucayali,Atalaya,Yurúa
18600.0,18600,Ucayali,Atalaya,Yurúa
18601.0,18601,Ucayali,Atalaya,Yurúa
18602.0,18602,Ucayali,Atalaya,Yurúa
18603.0,18603,Ucayali,Atalaya,Yurúa
18604.0,18604,Ucayali,Atalaya,Raymondi
18618.0,18618,Cusco,La Convencion,Megantoni
18619.0,18619,Cusco,La Convencion,Megantoni
18620.0,18620,Cusco,La Convencion,Megantoni
18621.0,18621,Cusco,La Convencion,Megantoni
18622.0,18622,Cusco,La Convencion,Megantoni
18623.0,18623,Cusco,La Convencion,Echarate
18624.0,18624,Cusco,La Convencion,Echarate
18625.0,18625,Cusco,La Convencion,Quellouno
18626.0,18626,Cusco,La Convencion,Quellouno
18627.0,18627,Cusco,La Convencion,Echarate
18628.0,18628,Cusco,La Convencion,Echarate
18629.0,18629,Cusco,La Convencion,Echarate
18630.0,18630,Cusco,La Convencion,Huayopata
18631.0,18631,Cusco,La Convencion,Huayopata
18632.0,18632,Cusco,Urubamba,Machupicchu
18633.0,18633,Cusco,Urubamba,Machupicchu
18634.0,18634,Cusco,Anta,Mollepata
18635.0,18635,Cusco,Anta,Mollepata
18636.0,18636,Cusco,Anta,Mollepata
18637.0,18637,Apurimac,Abancay,Curahuasi
18638.0,18638,Apurimac,Grau,Gamarra
18639.0,18639,Apurimac,Grau,Gamarra
18640.0,18640,Apurimac,Grau,Gamarra
18641.0,18641,Apurimac,Grau,Curasco
18642.0,18642,Apurimac,Grau,Micaela Bastidas
18643.0,18643,Apurimac,Antabamba,Oropesa
18644.0,18644,Apurimac,Antabamba,Oropesa
18645.0,18645,Apurimac,Antabamba,Oropesa
18646.0,18646,Apurimac,Antabamba,Oropesa
18647.0,18647,Apurimac,Antabamba,Oropesa
18648.0,18648,Arequipa,La Union,Puyca
18649.0,18649,Arequipa,La Union,Puyca
18650.0,18650,Arequipa,La Union,Puyca
18651.0,18651,Arequipa,La Union,Puyca
18652.0,18652,Arequipa,La Union,Puyca
18653.0,18653,Arequipa,Condesuyos,Salamanca
18654.0,18654,Arequipa,Condesuyos,Cayarani
18655.0,18655,Arequipa,Condesuyos,Salamanca
18656.0,18656,Arequipa,Castilla,Viraco
18657.0,18657,Arequipa,Castilla,Viraco
18658.0,18658,Arequipa,Castilla,Pampacolca
18659.0,18659,Arequipa,Condesuyos,Iray
18660.0,18660,Arequipa,Castilla,Aplao
18661.0,18661,Arequipa,Castilla,Aplao
18662.0,18662,Arequipa,Castilla,Uraca
18663.0,18663,Arequipa,Castilla,Uraca
18664.0,18664,Arequipa,Castilla,Uraca
18665.0,18665,Arequipa,Camana,Nicolas De Pierola
18666.0,18666,Arequipa,Caylloma,Majes
18667.0,18667,Arequipa,Camana,Quilca
18668.0,18668,Arequipa,Camana,Quilca
18669.0,18669,Arequipa,Camana,Quilca
18670.0,18670,Arequipa,Camana,Quilca
18671.0,18671,Arequipa,Islay,Islay
18672.0,18672,Arequipa,Islay,Islay
18743.0,18743,Loreto,Maynas,Las Amazonas
18744.0,18744,Loreto,Maynas,Las Amazonas
18745.0,18745,Loreto,Maynas,Las Amazonas
18746.0,18746,Loreto,Maynas,Las Amazonas
18807.0,18807,Ucayali,Atalaya,Yurúa
18808.0,18808,Ucayali,Atalaya,Yurúa
18809.0,18809,Ucayali,Atalaya,Yurúa
18810.0,18810,Ucayali,Atalaya,Yurúa
18811.0,18811,Ucayali,Atalaya,Yurúa
18812.0,18812,Ucayali,Atalaya,Yurúa
18813.0,18813,Ucayali,Atalaya,Yurúa
18828.0,18828,Cusco,La Convencion,Megantoni
18829.0,18829,Cusco,La Convencion,Megantoni
18830.0,18830,Cusco,La Convencion,Megantoni
18831.0,18831,Cusco,La Convencion,Megantoni
18832.0,18832,Cusco,La Convencion,Megantoni
18833.0,18833,Cusco,La Convencion,Echarate
18834.0,18834,Cusco,La Convencion,Echarate
18835.0,18835,Cusco,La Convencion,Quellouno
18836.0,18836,Cusco,La Convencion,Quellouno
18837.0,18837,Cusco,La Convencion,Quellouno
18838.0,18838,Cusco,La Convencion,Echarate
18839.0,18839,Cusco,La Convencion,Ocobamba
18840.0,18840,Cusco,La Convencion,Ocobamba
18841.0,18841,Cusco,La Convencion,Huayopata
18842.0,18842,Cusco,Urubamba,Machupicchu
18843.0,18843,Cusco,Urubamba,Machupicchu
18844.0,18844,Cusco,Urubamba,Ollantaytambo
18845.0,18845,Cusco,Anta,Limatambo
18846.0,18846,Cusco,Anta,Limatambo
18847.0,18847,Apurimac,Abancay,Curahuasi
18848.0,18848,Apurimac,Abancay,Curahuasi
18849.0,18849,Apurimac,Cotabambas,Coyllurqui
18850.0,18850,Apurimac,Cotabambas,Coyllurqui
18851.0,18851,Apurimac,Grau,Progreso
18852.0,18852,Apurimac,Grau,Progreso
18853.0,18853,Apurimac,Antabamba,Oropesa
18854.0,18854,Apurimac,Antabamba,Oropesa
18855.0,18855,Apurimac,Antabamba,Oropesa
18856.0,18856,Cusco,Chumbivilcas,Santo Tomas
18857.0,18857,Cusco,Chumbivilcas,Santo Tomas
18858.0,18858,Cusco,Chumbivilcas,Santo Tomas
18859.0,18859,Arequipa,La Union,Puyca
18860.0,18860,Arequipa,La Union,Puyca
18861.0,18861,Arequipa,Condesuyos,Cayarani
18862.0,18862,Arequipa,Condesuyos,Cayarani
18863.0,18863,Arequipa,Condesuyos,Cayarani
18864.0,18864,Arequipa,Condesuyos,Cayarani
18865.0,18865,Arequipa,Castilla,Andagua
18866.0,18866,Arequipa,Castilla,Machaguay
18867.0,18867,Arequipa,Castilla,Machaguay
18868.0,18868,Arequipa,Castilla,Uñon
18869.0,18869,Arequipa,Castilla,Aplao
18870.0,18870,Arequipa,Castilla,Huancarqui
18871.0,18871,Arequipa,Castilla,Huancarqui
18872.0,18872,Arequipa,Castilla,Huancarqui
18873.0,18873,Arequipa,Castilla,Uraca
18874.0,18874,Arequipa,Castilla,Uraca
18875.0,18875,Arequipa,Caylloma,Majes
18876.0,18876,Arequipa,Caylloma,Majes
18877.0,18877,Arequipa,Camana,Quilca
18878.0,18878,Arequipa,Camana,Quilca
18879.0,18879,Arequipa,Camana,Quilca
18880.0,18880,Arequipa,Islay,Islay
18881.0,18881,Arequipa,Islay,Islay
18882.0,18882,Arequipa,Islay,Islay
18883.0,18883,Arequipa,Islay,Islay
18953.0,18953,Loreto,Mariscal Ramon Castilla,Pebas
18954.0,18954,Loreto,Maynas,Las Amazonas
18955.0,18955,Loreto,Maynas,Las Amazonas
19017.0,19017,Ucayali,Atalaya,Yurúa
19018.0,19018,Ucayali,Atalaya,Yurúa
19019.0,19019,Ucayali,Atalaya,Yurúa
19020.0,19020,Ucayali,Atalaya,Yurúa
19021.0,19021,Ucayali,Atalaya,Yurúa
19022.0,19022,Ucayali,Atalaya,Yurúa
19023.0,19023,Ucayali,Purús,Purús
19039.0,19039,Cusco,La Convencion,Megantoni
19040.0,19040,Cusco,La Convencion,Megantoni
19041.0,19041,Cusco,La Convencion,Megantoni
19042.0,19042,Cusco,La Convencion,Echarate
19043.0,19043,Cusco,La Convencion,Echarate
19044.0,19044,Cusco,La Convencion,Echarate
19045.0,19045,Cusco,La Convencion,Quellouno
19046.0,19046,Cusco,La Convencion,Quellouno
19047.0,19047,Cusco,Calca,Yanatile
19048.0,19048,Cusco,Calca,Yanatile
19049.0,19049,Cusco,La Convencion,Ocobamba
19050.0,19050,Cusco,La Convencion,Ocobamba
19051.0,19051,Cusco,La Convencion,Ocobamba
19052.0,19052,Cusco,La Convencion,Huayopata
19053.0,19053,Cusco,Urubamba,Ollantaytambo
19054.0,19054,Cusco,Anta,Huarocondo
19055.0,19055,Cusco,Anta,Ancahuasi
19056.0,19056,Cusco,Anta,Chinchaypujio
19057.0,19057,Cusco,Anta,Chinchaypujio
19058.0,19058,Apurimac,Cotabambas,Cotabambas
19059.0,19059,Apurimac,Cotabambas,Coyllurqui
19060.0,19060,Apurimac,Cotabambas,Coyllurqui
19061.0,19061,Apurimac,Cotabambas,Coyllurqui
19062.0,19062,Apurimac,Cotabambas,Challhuahuacho
19063.0,19063,Apurimac,Cotabambas,Challhuahuacho
19064.0,19064,Apurimac,Antabamba,Oropesa
19065.0,19065,Cusco,Chumbivilcas,Llusco
19066.0,19066,Cusco,Chumbivilcas,Santo Tomas
19067.0,19067,Cusco,Chumbivilcas,Santo Tomas
19068.0,19068,Cusco,Chumbivilcas,Santo Tomas
19069.0,19069,Arequipa,La Union,Puyca
19070.0,19070,Arequipa,Condesuyos,Cayarani
19071.0,19071,Arequipa,Condesuyos,Cayarani
19072.0,19072,Arequipa,Castilla,Orcopampa
19073.0,19073,Arequipa,Castilla,Orcopampa
19074.0,19074,Arequipa,Castilla,Chilcaymarca
19075.0,19075,Arequipa,Castilla,Andagua
19076.0,19076,Arequipa,Castilla,Andagua
19077.0,19077,Arequipa,Castilla,Ayo
19078.0,19078,Arequipa,Castilla,Uñon
19079.0,19079,Arequipa,Castilla,Huancarqui
19080.0,19080,Arequipa,Castilla,Huancarqui
19081.0,19081,Arequipa,Castilla,Huancarqui
19082.0,19082,Arequipa,Castilla,Huancarqui
19083.0,19083,Arequipa,Caylloma,Majes
19084.0,19084,Arequipa,Caylloma,Majes
19085.0,19085,Arequipa,Caylloma,Majes
19086.0,19086,Arequipa,Caylloma,Majes
19087.0,19087,Arequipa,Camana,Quilca
19088.0,19088,Arequipa,Islay,Islay
19089.0,19089,Arequipa,Islay,Islay
19090.0,19090,Arequipa,Islay,Islay
19091.0,19091,Arequipa,Islay,Islay
19092.0,19092,Arequipa,Islay,Islay
19093.0,19093,Arequipa,Islay,Islay
19094.0,19094,Arequipa,Islay,Islay
19163.0,19163,Loreto,Mariscal Ramon Castilla,Pebas
19164.0,19164,Loreto,Mariscal Ramon Castilla,Pebas
19165.0,19165,Loreto,Maynas,Las Amazonas
19227.0,19227,Ucayali,Atalaya,Yurúa
19228.0,19228,Ucayali,Atalaya,Yurúa
19229.0,19229,Ucayali,Atalaya,Yurúa
19230.0,19230,Ucayali,Atalaya,Yurúa
19231.0,19231,Ucayali,Atalaya,Yurúa
19232.0,19232,Ucayali,Atalaya,Yurúa
19233.0,19233,Ucayali,Purús,Purús
19249.0,19249,Madre De Dios,Manu,Fitzcarrald
19250.0,19250,Madre De Dios,Manu,Fitzcarrald
19251.0,19251,Madre De Dios,Manu,Fitzcarrald
19252.0,19252,Cusco,La Convencion,Echarate
19253.0,19253,Cusco,La Convencion,Echarate
19254.0,19254,Cusco,La Convencion,Echarate
19255.0,19255,Cusco,La Convencion,Quellouno
19256.0,19256,Cusco,La Convencion,Quellouno
19257.0,19257,Cusco,La Convencion,Quellouno
19258.0,19258,Cusco,Calca,Yanatile
19259.0,19259,Cusco,Calca,Yanatile
19260.0,19260,Cusco,La Convencion,Ocobamba
19261.0,19261,Cusco,La Convencion,Ocobamba
19262.0,19262,Cusco,Urubamba,Ollantaytambo
19263.0,19263,Cusco,Urubamba,Ollantaytambo
19264.0,19264,Cusco,Anta,Huarocondo
19265.0,19265,Cusco,Anta,Zurite
19266.0,19266,Cusco,Anta,Chinchaypujio
19267.0,19267,Cusco,Anta,Chinchaypujio
19268.0,19268,Apurimac,Cotabambas,Cotabambas
19269.0,19269,Apurimac,Cotabambas,Tambobamba
19270.0,19270,Apurimac,Cotabambas,Tambobamba
19271.0,19271,Apurimac,Cotabambas,Tambobamba
19272.0,19272,Apurimac,Cotabambas,Challhuahuacho
19273.0,19273,Apurimac,Cotabambas,Haquira
19274.0,19274,Cusco,Chumbivilcas,Quiñota
19275.0,19275,Cusco,Chumbivilcas,Quiñota
19276.0,19276,Cusco,Chumbivilcas,Santo Tomas
19277.0,19277,Cusco,Chumbivilcas,Santo Tomas
19278.0,19278,Cusco,Chumbivilcas,Santo Tomas
19279.0,19279,Arequipa,Condesuyos,Cayarani
19280.0,19280,Arequipa,Castilla,Orcopampa
19281.0,19281,Arequipa,Castilla,Orcopampa
19282.0,19282,Arequipa,Castilla,Orcopampa
19283.0,19283,Arequipa,Castilla,Chachas
19284.0,19284,Arequipa,Castilla,Chachas
19285.0,19285,Arequipa,Castilla,Chachas
19286.0,19286,Arequipa,Castilla,Ayo
19287.0,19287,Arequipa,Castilla,Ayo
19288.0,19288,Arequipa,Caylloma,Huambo
19289.0,19289,Arequipa,Caylloma,Huambo
19290.0,19290,Arequipa,Castilla,Huancarqui
19291.0,19291,Arequipa,Castilla,Huancarqui
19292.0,19292,Arequipa,Caylloma,Majes
19293.0,19293,Arequipa,Caylloma,Majes
19294.0,19294,Arequipa,Caylloma,Majes
19295.0,19295,Arequipa,Caylloma,Majes
19296.0,19296,Arequipa,Arequipa,Santa Rita De Siguas
19297.0,19297,Arequipa,Arequipa,Vitor
19298.0,19298,Arequipa,Islay,Islay
19299.0,19299,Arequipa,Islay,Islay
19300.0,19300,Arequipa,Islay,Islay
19301.0,19301,Arequipa,Islay,Islay
19302.0,19302,Arequipa,Islay,Islay
19303.0,19303,Arequipa,Islay,Islay
19304.0,19304,Arequipa,Islay,Islay
19373.0,19373,Loreto,Mariscal Ramon Castilla,Pebas
19374.0,19374,Loreto,Mariscal Ramon Castilla,Pebas
19437.0,19437,Ucayali,Atalaya,Yurúa
19438.0,19438,Ucayali,Atalaya,Yurúa
19439.0,19439,Ucayali,Atalaya,Yurúa
19440.0,19440,Ucayali,Atalaya,Yurúa
19441.0,19441,Ucayali,Purús,Purús
19442.0,19442,Ucayali,Purús,Purús
19443.0,19443,Ucayali,Purús,Purús
19459.0,19459,Madre De Dios,Manu,Fitzcarrald
19460.0,19460,Madre De Dios,Manu,Fitzcarrald
19461.0,19461,Madre De Dios,Manu,Fitzcarrald
19462.0,19462,Cusco,La Convencion,Echarate
19463.0,19463,Cusco,La Convencion,Echarate
19464.0,19464,Cusco,La Convencion,Echarate
19465.0,19465,Cusco,La Convencion,Echarate
19466.0,19466,Cusco,La Convencion,Quellouno
19467.0,19467,Cusco,Calca,Yanatile
19468.0,19468,Cusco,Calca,Yanatile
19469.0,19469,Cusco,Calca,Yanatile
19470.0,19470,Cusco,Calca,Yanatile
19471.0,19471,Cusco,Calca,Lares
19472.0,19472,Cusco,Calca,Lares
19473.0,19473,Cusco,Urubamba,Urubamba
19474.0,19474,Cusco,Urubamba,Maras
19475.0,19475,Cusco,Anta,Anta
19476.0,19476,Cusco,Cusco,Ccorca
19477.0,19477,Cusco,Paruro,Huanoquite
19478.0,19478,Cusco,Paruro,Huanoquite
19479.0,19479,Apurimac,Cotabambas,Tambobamba
19480.0,19480,Apurimac,Cotabambas,Tambobamba
19481.0,19481,Apurimac,Cotabambas,Mara
19482.0,19482,Apurimac,Cotabambas,Challhuahuacho
19483.0,19483,Apurimac,Cotabambas,Haquira
19484.0,19484,Cusco,Chumbivilcas,Quiñota
19485.0,19485,Cusco,Chumbivilcas,Santo Tomas
19486.0,19486,Cusco,Chumbivilcas,Santo Tomas
19487.0,19487,Cusco,Chumbivilcas,Santo Tomas
19488.0,19488,Cusco,Chumbivilcas,Santo Tomas
19489.0,19489,Arequipa,Condesuyos,Cayarani
19490.0,19490,Arequipa,Castilla,Orcopampa
19491.0,19491,Arequipa,Castilla,Orcopampa
19492.0,19492,Arequipa,Castilla,Chachas
19493.0,19493,Arequipa,Castilla,Chachas
19494.0,19494,Arequipa,Castilla,Chachas
19495.0,19495,Arequipa,Castilla,Choco
19496.0,19496,Arequipa,Castilla,Choco
19497.0,19497,Arequipa,Caylloma,Huambo
19498.0,19498,Arequipa,Caylloma,Huambo
19499.0,19499,Arequipa,Caylloma,Huambo
19500.0,19500,Arequipa,Caylloma,Lluta
19501.0,19501,Arequipa,Caylloma,Lluta
19502.0,19502,Arequipa,Caylloma,Majes
19503.0,19503,Arequipa,Caylloma,Majes
19504.0,19504,Arequipa,Caylloma,Majes
19505.0,19505,Arequipa,Arequipa,Santa Rita De Siguas
19506.0,19506,Arequipa,Arequipa,Santa Rita De Siguas
19507.0,19507,Arequipa,Arequipa,Vitor
19508.0,19508,Arequipa,Islay,Islay
19509.0,19509,Arequipa,Islay,Islay
19510.0,19510,Arequipa,Islay,Islay
19511.0,19511,Arequipa,Islay,Islay
19512.0,19512,Arequipa,Islay,Islay
19513.0,19513,Arequipa,Islay,Islay
19514.0,19514,Arequipa,Islay,Islay
19515.0,19515,Arequipa,Islay,Dean Valdivia
19583.0,19583,Loreto,Mariscal Ramon Castilla,Pebas
19584.0,19584,Loreto,Mariscal Ramon Castilla,Pebas
19647.0,19647,Ucayali,Atalaya,Yurúa
19648.0,19648,Ucayali,Atalaya,Yurúa
19649.0,19649,Ucayali,Atalaya,Yurúa
19650.0,19650,Ucayali,Purús,Purús
19651.0,19651,Ucayali,Purús,Purús
19652.0,19652,Ucayali,Purús,Purús
19669.0,19669,Madre De Dios,Manu,Fitzcarrald
19670.0,19670,Madre De Dios,Manu,Fitzcarrald
19671.0,19671,Madre De Dios,Manu,Fitzcarrald
19672.0,19672,Madre De Dios,Manu,Fitzcarrald
19673.0,19673,Madre De Dios,Manu,Fitzcarrald
19674.0,19674,Cusco,La Convencion,Echarate
19675.0,19675,Madre De Dios,Manu,Manu
19676.0,19676,Cusco,Calca,Yanatile
19677.0,19677,Cusco,Calca,Yanatile
19678.0,19678,Cusco,Calca,Yanatile
19679.0,19679,Cusco,Calca,Yanatile
19680.0,19680,Cusco,Calca,Lares
19681.0,19681,Cusco,Calca,Lares
19682.0,19682,Cusco,Calca,Lares
19683.0,19683,Cusco,Calca,Calca
19684.0,19684,Cusco,Urubamba,Huayllabamba
19685.0,19685,Cusco,Urubamba,Chinchero
19686.0,19686,Cusco,Cusco,Ccorca
19687.0,19687,Cusco,Paruro,Huanoquite
19688.0,19688,Cusco,Paruro,Huanoquite
19689.0,19689,Cusco,Paruro,Ccapi
19690.0,19690,Cusco,Chumbivilcas,Capacmarca
19691.0,19691,Cusco,Chumbivilcas,Capacmarca
19692.0,19692,Cusco,Chumbivilcas,Colquemarca
19693.0,19693,Cusco,Chumbivilcas,Colquemarca
19694.0,19694,Cusco,Chumbivilcas,Colquemarca
19695.0,19695,Cusco,Chumbivilcas,Santo Tomas
19696.0,19696,Cusco,Chumbivilcas,Santo Tomas
19697.0,19697,Cusco,Chumbivilcas,Santo Tomas
19698.0,19698,Cusco,Chumbivilcas,Santo Tomas
19699.0,19699,Cusco,Chumbivilcas,Santo Tomas
19700.0,19700,Arequipa,Castilla,Chachas
19701.0,19701,Arequipa,Castilla,Chachas
19702.0,19702,Arequipa,Castilla,Chachas
19703.0,19703,Arequipa,Castilla,Choco
19704.0,19704,Arequipa,Castilla,Choco
19705.0,19705,Arequipa,Castilla,Choco
19706.0,19706,Arequipa,Castilla,Choco
19707.0,19707,Arequipa,Caylloma,Cabanaconde
19708.0,19708,Arequipa,Caylloma,Huambo
19709.0,19709,Arequipa,Caylloma,Lluta
19710.0,19710,Arequipa,Caylloma,Lluta
19711.0,19711,Arequipa,Caylloma,Lluta
19712.0,19712,Arequipa,Caylloma,Lluta
19713.0,19713,Arequipa,Arequipa,Santa Isabel De Siguas
19714.0,19714,Arequipa,Arequipa,Vitor
19715.0,19715,Arequipa,Arequipa,Santa Rita De Siguas
19716.0,19716,Arequipa,Arequipa,Vitor
19717.0,19717,Arequipa,Arequipa,Vitor
19718.0,19718,Arequipa,Arequipa,Vitor
19719.0,19719,Arequipa,Islay,Islay
19720.0,19720,Arequipa,Islay,Mollendo
19721.0,19721,Arequipa,Islay,Islay
19722.0,19722,Arequipa,Islay,Mollendo
19723.0,19723,Arequipa,Islay,Mejia
19724.0,19724,Arequipa,Islay,Dean Valdivia
19725.0,19725,Arequipa,Islay,Dean Valdivia
19726.0,19726,Arequipa,Islay,Punta De Bombon
19793.0,19793,Loreto,Mariscal Ramon Castilla,Pebas
19794.0,19794,Loreto,Mariscal Ramon Castilla,Pebas
19857.0,19857,Ucayali,Atalaya,Yurúa
19858.0,19858,Ucayali,Atalaya,Yurúa
19859.0,19859,Ucayali,Purús,Purús
19860.0,19860,Ucayali,Purús,Purús
19861.0,19861,Ucayali,Purús,Purús
19862.0,19862,Ucayali,Purús,Purús
19879.0,19879,Madre De Dios,Manu,Fitzcarrald
19880.0,19880,Madre De Dios,Manu,Fitzcarrald
19881.0,19881,Madre De Dios,Manu,Fitzcarrald
19882.0,19882,Madre De Dios,Manu,Fitzcarrald
19883.0,19883,Madre De Dios,Manu,Manu
19884.0,19884,Madre De Dios,Manu,Manu
19885.0,19885,Madre De Dios,Manu,Manu
19886.0,19886,Madre De Dios,Manu,Manu
19887.0,19887,Madre De Dios,Manu,Manu
19888.0,19888,Cusco,Calca,Yanatile
19889.0,19889,Cusco,Calca,Yanatile
19890.0,19890,Cusco,Calca,Yanatile
19891.0,19891,Cusco,Calca,Lares
19892.0,19892,Cusco,Calca,Lares
19893.0,19893,Cusco,Calca,Calca
19894.0,19894,Cusco,Calca,Calca
19895.0,19895,Cusco,Cusco,Cusco
19896.0,19896,Cusco,Cusco,San Sebastian
19897.0,19897,Cusco,Paruro,Huanoquite
19898.0,19898,Cusco,Paruro,Paccaritambo
19899.0,19899,Cusco,Paruro,Ccapi
19900.0,19900,Cusco,Paruro,Ccapi
19901.0,19901,Cusco,Chumbivilcas,Capacmarca
19902.0,19902,Cusco,Chumbivilcas,Colquemarca
19903.0,19903,Cusco,Chumbivilcas,Colquemarca
19904.0,19904,Cusco,Chumbivilcas,Chamaca
19905.0,19905,Cusco,Chumbivilcas,Velille
19906.0,19906,Cusco,Chumbivilcas,Velille
19907.0,19907,Cusco,Chumbivilcas,Santo Tomas
19908.0,19908,Arequipa,Condesuyos,Cayarani
19909.0,19909,Arequipa,Caylloma,Caylloma
19910.0,19910,Arequipa,Castilla,Chachas
19911.0,19911,Arequipa,Caylloma,Caylloma
19912.0,19912,Arequipa,Caylloma,Caylloma
19913.0,19913,Arequipa,Castilla,Choco
19914.0,19914,Arequipa,Caylloma,Tapay
19915.0,19915,Arequipa,Caylloma,Tapay
19916.0,19916,Arequipa,Caylloma,Tapay
19917.0,19917,Arequipa,Caylloma,Cabanaconde
19918.0,19918,Arequipa,Caylloma,Cabanaconde
19919.0,19919,Arequipa,Caylloma,Lluta
19920.0,19920,Arequipa,Caylloma,Lluta
19921.0,19921,Arequipa,Caylloma,Lluta
19922.0,19922,Arequipa,Arequipa,Vitor
19923.0,19923,Arequipa,Arequipa,Vitor
19924.0,19924,Arequipa,Arequipa,Vitor
19925.0,19925,Arequipa,Arequipa,Vitor
19926.0,19926,Arequipa,Arequipa,Vitor
19927.0,19927,Arequipa,Arequipa,Vitor
19928.0,19928,Arequipa,Islay,Mollendo
19929.0,19929,Arequipa,Islay,Mollendo
19930.0,19930,Arequipa,Islay,Mollendo
19931.0,19931,Arequipa,Islay,Mollendo
19932.0,19932,Arequipa,Islay,Mejia
19933.0,19933,Arequipa,Islay,Dean Valdivia
19934.0,19934,Arequipa,Islay,Dean Valdivia
19935.0,19935,Arequipa,Islay,Punta De Bombon
19936.0,19936,Arequipa,Islay,Punta De Bombon
19937.0,19937,Arequipa,Islay,Punta De Bombon
20003.0,20003,Loreto,Mariscal Ramon Castilla,Pebas
20004.0,20004,Loreto,Mariscal Ramon Castilla,Pebas
20067.0,20067,Ucayali,Atalaya,Yurúa
20068.0,20068,Ucayali,Purús,Purús
20069.0,20069,Ucayali,Purús,Purús
20070.0,20070,Ucayali,Purús,Purús
20071.0,20071,Ucayali,Purús,Purús
20072.0,20072,Ucayali,Purús,Purús
20089.0,20089,Madre De Dios,Manu,Fitzcarrald
20090.0,20090,Madre De Dios,Manu,Fitzcarrald
20091.0,20091,Madre De Dios,Manu,Manu
20092.0,20092,Madre De Dios,Manu,Manu
20093.0,20093,Madre De Dios,Manu,Manu
20094.0,20094,Madre De Dios,Manu,Manu
20095.0,20095,Madre De Dios,Manu,Manu
20096.0,20096,Madre De Dios,Manu,Manu
20097.0,20097,Madre De Dios,Manu,Manu
20098.0,20098,Cusco,Paucartambo,Kosñipata
20099.0,20099,Cusco,Paucartambo,Kosñipata
20100.0,20100,Cusco,Calca,Yanatile
20101.0,20101,Cusco,Paucartambo,Challabamba
20102.0,20102,Cusco,Paucartambo,Challabamba
20103.0,20103,Cusco,Calca,Calca
20104.0,20104,Cusco,Calca,Lamay
20105.0,20105,Cusco,Calca,Pisac
20106.0,20106,Cusco,Cusco,Saylla
20107.0,20107,Cusco,Paruro,Yaurisque
20108.0,20108,Cusco,Paruro,Paruro
20109.0,20109,Cusco,Paruro,Colcha
20110.0,20110,Cusco,Paruro,Accha
20111.0,20111,Cusco,Paruro,Accha
20112.0,20112,Cusco,Paruro,Omacha
20113.0,20113,Cusco,Chumbivilcas,Chamaca
20114.0,20114,Cusco,Chumbivilcas,Chamaca
20115.0,20115,Cusco,Chumbivilcas,Velille
20116.0,20116,Cusco,Chumbivilcas,Velille
20117.0,20117,Cusco,Chumbivilcas,Velille
20118.0,20118,Cusco,Espinar,Coporaque
20119.0,20119,Cusco,Espinar,Coporaque
20120.0,20120,Arequipa,Caylloma,Caylloma
20121.0,20121,Arequipa,Caylloma,Caylloma
20122.0,20122,Arequipa,Caylloma,Caylloma
20123.0,20123,Arequipa,Caylloma,Caylloma
20124.0,20124,Arequipa,Caylloma,Caylloma
20125.0,20125,Arequipa,Caylloma,Lari
20126.0,20126,Arequipa,Caylloma,Madrigal
20127.0,20127,Arequipa,Caylloma,Cabanaconde
20128.0,20128,Arequipa,Caylloma,Maca
20129.0,20129,Arequipa,Caylloma,Lluta
20130.0,20130,Arequipa,Caylloma,Huanca
20131.0,20131,Arequipa,Caylloma,Huanca
20132.0,20132,Arequipa,Arequipa,Yura
20133.0,20133,Arequipa,Arequipa,Yura
20134.0,20134,Arequipa,Arequipa,Vitor
20135.0,20135,Arequipa,Arequipa,La Joya
20136.0,20136,Arequipa,Arequipa,La Joya
20137.0,20137,Arequipa,Arequipa,La Joya
20138.0,20138,Arequipa,Arequipa,La Joya
20139.0,20139,Arequipa,Islay,Mollendo
20140.0,20140,Arequipa,Islay,Cocachacra
20141.0,20141,Arequipa,Islay,Dean Valdivia
20142.0,20142,Arequipa,Islay,Dean Valdivia
20143.0,20143,Arequipa,Islay,Punta De Bombon
20144.0,20144,Arequipa,Islay,Punta De Bombon
20145.0,20145,Arequipa,Islay,Punta De Bombon
20146.0,20146,Arequipa,Islay,Punta De Bombon
20147.0,20147,Arequipa,Islay,Punta De Bombon
20213.0,20213,Loreto,Mariscal Ramon Castilla,Pebas
20214.0,20214,Loreto,Mariscal Ramon Castilla,Pebas
20277.0,20277,Ucayali,Purús,Purús
20278.0,20278,Ucayali,Purús,Purús
20279.0,20279,Ucayali,Purús,Purús
20280.0,20280,Ucayali,Purús,Purús
20281.0,20281,Ucayali,Purús,Purús
20282.0,20282,Ucayali,Purús,Purús
20298.0,20298,Madre De Dios,Manu,Fitzcarrald
20299.0,20299,Madre De Dios,Manu,Fitzcarrald
20300.0,20300,Madre De Dios,Manu,Fitzcarrald
20301.0,20301,Madre De Dios,Manu,Manu
20302.0,20302,Madre De Dios,Manu,Manu
20303.0,20303,Madre De Dios,Manu,Manu
20304.0,20304,Madre De Dios,Manu,Manu
20305.0,20305,Madre De Dios,Manu,Manu
20306.0,20306,Madre De Dios,Manu,Manu
20307.0,20307,Madre De Dios,Manu,Manu
20308.0,20308,Madre De Dios,Manu,Manu
20309.0,20309,Cusco,Paucartambo,Kosñipata
20310.0,20310,Cusco,Paucartambo,Kosñipata
20311.0,20311,Cusco,Paucartambo,Challabamba
20312.0,20312,Cusco,Paucartambo,Challabamba
20313.0,20313,Cusco,Paucartambo,Challabamba
20314.0,20314,Cusco,Paucartambo,Colquepata
20315.0,20315,Cusco,Calca,San Salvador
20316.0,20316,Cusco,Calca,San Salvador
20317.0,20317,Cusco,Quispicanchi,Lucre
20318.0,20318,Cusco,Acomayo,Rondocan
20319.0,20319,Cusco,Acomayo,Rondocan
20320.0,20320,Cusco,Acomayo,Acos
20321.0,20321,Cusco,Paruro,Omacha
20322.0,20322,Cusco,Paruro,Omacha
20323.0,20323,Cusco,Chumbivilcas,Chamaca
20324.0,20324,Cusco,Chumbivilcas,Livitaca
20325.0,20325,Cusco,Chumbivilcas,Velille
20326.0,20326,Cusco,Chumbivilcas,Velille
20327.0,20327,Cusco,Chumbivilcas,Velille
20328.0,20328,Cusco,Espinar,Coporaque
20329.0,20329,Cusco,Espinar,Coporaque
20330.0,20330,Arequipa,Caylloma,Caylloma
20331.0,20331,Cusco,Espinar,Suyckutambo
20332.0,20332,Arequipa,Caylloma,Caylloma
20333.0,20333,Arequipa,Caylloma,Caylloma
20334.0,20334,Arequipa,Caylloma,Caylloma
20335.0,20335,Arequipa,Caylloma,Lari
20336.0,20336,Arequipa,Caylloma,Lari
20337.0,20337,Arequipa,Caylloma,Maca
20338.0,20338,Arequipa,Caylloma,Achoma
20339.0,20339,Arequipa,Caylloma,Achoma
20340.0,20340,Arequipa,Caylloma,Huanca
20341.0,20341,Arequipa,Arequipa,Yura
20342.0,20342,Arequipa,Arequipa,Yura
20343.0,20343,Arequipa,Arequipa,Yura
20344.0,20344,Arequipa,Arequipa,Yura
20345.0,20345,Arequipa,Arequipa,La Joya
20346.0,20346,Arequipa,Arequipa,La Joya
20347.0,20347,Arequipa,Arequipa,La Joya
20348.0,20348,Arequipa,Islay,Mollendo
20349.0,20349,Arequipa,Islay,Mollendo
20350.0,20350,Arequipa,Islay,Cocachacra
20351.0,20351,Arequipa,Islay,Cocachacra
20352.0,20352,Arequipa,Islay,Punta De Bombon
20353.0,20353,Arequipa,Islay,Punta De Bombon
20354.0,20354,Arequipa,Islay,Punta De Bombon
20355.0,20355,Arequipa,Islay,Punta De Bombon
20356.0,20356,Arequipa,Islay,Punta De Bombon
20357.0,20357,Moquegua,Ilo,Ilo
20358.0,20358,Moquegua,Ilo,Ilo
20423.0,20423,Loreto,Mariscal Ramon Castilla,Pebas
20424.0,20424,Loreto,Mariscal Ramon Castilla,Pebas
20486.0,20486,Ucayali,Purús,Purús
20487.0,20487,Ucayali,Purús,Purús
20488.0,20488,Ucayali,Purús,Purús
20489.0,20489,Ucayali,Purús,Purús
20490.0,20490,Ucayali,Purús,Purús
20491.0,20491,Ucayali,Purús,Purús
20492.0,20492,Ucayali,Purús,Purús
20508.0,20508,Madre De Dios,Manu,Fitzcarrald
20509.0,20509,Madre De Dios,Manu,Fitzcarrald
20510.0,20510,Madre De Dios,Manu,Fitzcarrald
20511.0,20511,Madre De Dios,Manu,Manu
20512.0,20512,Madre De Dios,Manu,Manu
20513.0,20513,Madre De Dios,Manu,Manu
20514.0,20514,Madre De Dios,Manu,Manu
20515.0,20515,Madre De Dios,Manu,Manu
20516.0,20516,Madre De Dios,Manu,Manu
20517.0,20517,Madre De Dios,Manu,Manu
20518.0,20518,Cusco,Paucartambo,Kosñipata
20519.0,20519,Cusco,Paucartambo,Kosñipata
20520.0,20520,Cusco,Paucartambo,Kosñipata
20521.0,20521,Cusco,Paucartambo,Kosñipata
20522.0,20522,Cusco,Paucartambo,Challabamba
20523.0,20523,Cusco,Paucartambo,Challabamba
20524.0,20524,Cusco,Paucartambo,Colquepata
20525.0,20525,Cusco,Paucartambo,Colquepata
20526.0,20526,Cusco,Paucartambo,Caicay
20527.0,20527,Cusco,Quispicanchi,Andahuaylillas
20528.0,20528,Cusco,Quispicanchi,Urcos
20529.0,20529,Cusco,Acomayo,Acomayo
20530.0,20530,Cusco,Acomayo,Acomayo
20531.0,20531,Cusco,Acomayo,Pomacanchi
20532.0,20532,Cusco,Chumbivilcas,Livitaca
20533.0,20533,Cusco,Chumbivilcas,Livitaca
20534.0,20534,Cusco,Chumbivilcas,Livitaca
20535.0,20535,Cusco,Chumbivilcas,Livitaca
20536.0,20536,Cusco,Chumbivilcas,Livitaca
20537.0,20537,Cusco,Espinar,Coporaque
20538.0,20538,Cusco,Espinar,Coporaque
20539.0,20539,Cusco,Espinar,Coporaque
20540.0,20540,Cusco,Espinar,Suyckutambo
20541.0,20541,Cusco,Espinar,Suyckutambo
20542.0,20542,Arequipa,Caylloma,Caylloma
20543.0,20543,Arequipa,Caylloma,Caylloma
20544.0,20544,Arequipa,Caylloma,Caylloma
20545.0,20545,Arequipa,Caylloma,Tuti
20546.0,20546,Arequipa,Caylloma,Coporaque
20547.0,20547,Arequipa,Caylloma,Yanque
20548.0,20548,Arequipa,Caylloma,Yanque
20549.0,20549,Arequipa,Caylloma,Yanque
20550.0,20550,Arequipa,Caylloma,Achoma
20551.0,20551,Arequipa,Arequipa,Yura
20552.0,20552,Arequipa,Arequipa,Yura
20553.0,20553,Arequipa,Arequipa,Yura
20554.0,20554,Arequipa,Arequipa,Yura
20555.0,20555,Arequipa,Arequipa,Uchumayo
20556.0,20556,Arequipa,Arequipa,Uchumayo
20557.0,20557,Arequipa,Arequipa,Yarabamba
20558.0,20558,Arequipa,Islay,Cocachacra
20559.0,20559,Arequipa,Islay,Cocachacra
20560.0,20560,Arequipa,Islay,Cocachacra
20561.0,20561,Arequipa,Islay,Cocachacra
20562.0,20562,Arequipa,Islay,Punta De Bombon
20563.0,20563,Arequipa,Islay,Punta De Bombon
20564.0,20564,Arequipa,Islay,Punta De Bombon
20565.0,20565,Arequipa,Islay,Punta De Bombon
20566.0,20566,Moquegua,Ilo,Pacocha
20567.0,20567,Moquegua,Ilo,Ilo
20568.0,20568,Moquegua,Ilo,Ilo
20569.0,20569,Moquegua,Ilo,Ilo
20696.0,20696,Ucayali,Purús,Purús
20697.0,20697,Ucayali,Purús,Purús
20698.0,20698,Ucayali,Purús,Purús
20699.0,20699,Ucayali,Purús,Purús
20700.0,20700,Ucayali,Purús,Purús
20701.0,20701,Ucayali,Purús,Purús
20702.0,20702,Ucayali,Purús,Purús
20717.0,20717,Madre De Dios,Manu,Fitzcarrald
20718.0,20718,Madre De Dios,Manu,Fitzcarrald
20719.0,20719,Madre De Dios,Manu,Manu
20720.0,20720,Madre De Dios,Manu,Manu
20721.0,20721,Madre De Dios,Manu,Manu
20722.0,20722,Madre De Dios,Manu,Manu
20723.0,20723,Madre De Dios,Manu,Manu
20724.0,20724,Madre De Dios,Manu,Manu
20725.0,20725,Madre De Dios,Manu,Manu
20726.0,20726,Madre De Dios,Manu,Manu
20727.0,20727,Madre De Dios,Manu,Manu
20728.0,20728,Cusco,Paucartambo,Kosñipata
20729.0,20729,Cusco,Paucartambo,Kosñipata
20730.0,20730,Cusco,Paucartambo,Kosñipata
20731.0,20731,Cusco,Paucartambo,Kosñipata
20732.0,20732,Cusco,Paucartambo,Kosñipata
20733.0,20733,Cusco,Paucartambo,Paucartambo
20734.0,20734,Cusco,Paucartambo,Paucartambo
20735.0,20735,Cusco,Paucartambo,Colquepata
20736.0,20736,Cusco,Paucartambo,Huancarani
20737.0,20737,Cusco,Quispicanchi,Ccatca
20738.0,20738,Cusco,Quispicanchi,Quiquijana
20739.0,20739,Cusco,Quispicanchi,Quiquijana
20740.0,20740,Cusco,Acomayo,Sangarara
20741.0,20741,Cusco,Acomayo,Pomacanchi
20742.0,20742,Cusco,Canas,Túpac Amaru
20743.0,20743,Cusco,Chumbivilcas,Livitaca
20744.0,20744,Cusco,Canas,Quehue
20745.0,20745,Cusco,Canas,Checca
20746.0,20746,Cusco,Espinar,Coporaque
20747.0,20747,Cusco,Espinar,Coporaque
20748.0,20748,Cusco,Espinar,Coporaque
20749.0,20749,Cusco,Espinar,Coporaque
20750.0,20750,Cusco,Espinar,Coporaque
20751.0,20751,Cusco,Espinar,Suyckutambo
20752.0,20752,Arequipa,Caylloma,Tisco
20753.0,20753,Arequipa,Caylloma,Tisco
20754.0,20754,Arequipa,Caylloma,Sibayo
20755.0,20755,Arequipa,Caylloma,Tuti
20756.0,20756,Arequipa,Caylloma,Chivay
20757.0,20757,Arequipa,Caylloma,Chivay
20758.0,20758,Arequipa,Caylloma,Chivay
20759.0,20759,Arequipa,Caylloma,Yanque
20760.0,20760,Arequipa,Caylloma,Yanque
20761.0,20761,Arequipa,Arequipa,Yura
20762.0,20762,Arequipa,Arequipa,Yura
20763.0,20763,Arequipa,Arequipa,Cerro Colorado
20764.0,20764,Arequipa,Arequipa,Cayma
20765.0,20765,Arequipa,Arequipa,Jacobo Hunter
20766.0,20766,Arequipa,Arequipa,Yarabamba
20767.0,20767,Arequipa,Arequipa,Yarabamba
20768.0,20768,Arequipa,Islay,Cocachacra
20769.0,20769,Arequipa,Islay,Cocachacra
20770.0,20770,Arequipa,Islay,Cocachacra
20771.0,20771,Arequipa,Islay,Cocachacra
20772.0,20772,Arequipa,Islay,Punta De Bombon
20773.0,20773,Arequipa,Islay,Punta De Bombon
20774.0,20774,Moquegua,Ilo,Pacocha
20775.0,20775,Moquegua,Ilo,Pacocha
20776.0,20776,Moquegua,Ilo,Pacocha
20777.0,20777,Moquegua,Ilo,Ilo
20778.0,20778,Moquegua,Ilo,Ilo
20779.0,20779,Moquegua,Ilo,Ilo
20780.0,20780,Moquegua,Ilo,Ilo
20906.0,20906,Ucayali,Purús,Purús
20907.0,20907,Ucayali,Purús,Purús
20908.0,20908,Ucayali,Purús,Purús
20909.0,20909,Ucayali,Purús,Purús
20910.0,20910,Ucayali,Purús,Purús
20911.0,20911,Ucayali,Purús,Purús
20912.0,20912,Ucayali,Purús,Purús
20926.0,20926,Madre De Dios,Manu,Fitzcarrald
20927.0,20927,Madre De Dios,Manu,Fitzcarrald
20928.0,20928,Madre De Dios,Manu,Fitzcarrald
20929.0,20929,Madre De Dios,Manu,Manu
20930.0,20930,Madre De Dios,Manu,Manu
20931.0,20931,Madre De Dios,Manu,Manu
20932.0,20932,Madre De Dios,Manu,Manu
20933.0,20933,Madre De Dios,Manu,Manu
20934.0,20934,Madre De Dios,Manu,Manu
20935.0,20935,Madre De Dios,Manu,Manu
20936.0,20936,Madre De Dios,Manu,Manu
20937.0,20937,Madre De Dios,Manu,Manu
20938.0,20938,Madre De Dios,Manu,Manu
20939.0,20939,Cusco,Paucartambo,Kosñipata
20940.0,20940,Cusco,Paucartambo,Kosñipata
20941.0,20941,Cusco,Paucartambo,Kosñipata
20942.0,20942,Cusco,Paucartambo,Paucartambo
20943.0,20943,Cusco,Paucartambo,Paucartambo
20944.0,20944,Cusco,Paucartambo,Paucartambo
20945.0,20945,Cusco,Paucartambo,Paucartambo
20946.0,20946,Cusco,Quispicanchi,Ccarhuayo
20947.0,20947,Cusco,Quispicanchi,Ccatca
20948.0,20948,Cusco,Quispicanchi,Ocongate
20949.0,20949,Cusco,Quispicanchi,Quiquijana
20950.0,20950,Cusco,Canchis,Checacupe
20951.0,20951,Cusco,Canchis,Checacupe
20952.0,20952,Cusco,Canas,Pampamarca
20953.0,20953,Cusco,Canas,Yanaoca
20954.0,20954,Cusco,Canas,Quehue
20955.0,20955,Cusco,Canas,Checca
20956.0,20956,Cusco,Canas,Checca
20957.0,20957,Cusco,Espinar,Coporaque
20958.0,20958,Cusco,Espinar,Espinar
20959.0,20959,Cusco,Espinar,Coporaque
20960.0,20960,Cusco,Espinar,Coporaque
20961.0,20961,Arequipa,Caylloma,Tisco
20962.0,20962,Arequipa,Caylloma,Tisco
20963.0,20963,Arequipa,Caylloma,Tisco
20964.0,20964,Arequipa,Caylloma,Tisco
20965.0,20965,Arequipa,Caylloma,Sibayo
20966.0,20966,Arequipa,Caylloma,Callalli
20967.0,20967,Arequipa,Caylloma,Callalli
20968.0,20968,Arequipa,Caylloma,Yanque
20969.0,20969,Arequipa,Caylloma,Yanque
20970.0,20970,Arequipa,Arequipa,Yura
20971.0,20971,Arequipa,Arequipa,Yura
20972.0,20972,Arequipa,Arequipa,Yura
20973.0,20973,Arequipa,Arequipa,Cayma
20974.0,20974,Arequipa,Arequipa,Mariano Melgar
20975.0,20975,Arequipa,Arequipa,Sabandia
20976.0,20976,Arequipa,Arequipa,Quequeña
20977.0,20977,Arequipa,Arequipa,Polobaya
20978.0,20978,Arequipa,Islay,Cocachacra
20979.0,20979,Arequipa,Islay,Cocachacra
20980.0,20980,Moquegua,General Sanchez Cerro,La Capilla
20981.0,20981,Arequipa,Islay,Cocachacra
20982.0,20982,Arequipa,Islay,Punta De Bombon
20983.0,20983,Arequipa,Islay,Punta De Bombon
20984.0,20984,Moquegua,Ilo,Pacocha
20985.0,20985,Moquegua,Ilo,Pacocha
20986.0,20986,Moquegua,Ilo,Pacocha
20987.0,20987,Moquegua,Ilo,Ilo
20988.0,20988,Moquegua,Ilo,Ilo
20989.0,20989,Moquegua,Ilo,Ilo
20990.0,20990,Moquegua,Ilo,Ilo
21116.0,21116,Ucayali,Purús,Purús
21117.0,21117,Ucayali,Purús,Purús
21118.0,21118,Ucayali,Purús,Purús
21119.0,21119,Ucayali,Purús,Purús
21120.0,21120,Ucayali,Purús,Purús
21121.0,21121,Ucayali,Purús,Purús
21122.0,21122,Ucayali,Purús,Purús
21135.0,21135,Madre De Dios,Tambopata,Tambopata
21136.0,21136,Madre De Dios,Tambopata,Tambopata
21137.0,21137,Madre De Dios,Manu,Fitzcarrald
21138.0,21138,Madre De Dios,Manu,Fitzcarrald
21139.0,21139,Madre De Dios,Manu,Fitzcarrald
21140.0,21140,Madre De Dios,Manu,Manu
21141.0,21141,Madre De Dios,Manu,Manu
21142.0,21142,Madre De Dios,Manu,Manu
21143.0,21143,Madre De Dios,Manu,Manu
21144.0,21144,Madre De Dios,Manu,Manu
21145.0,21145,Madre De Dios,Manu,Manu
21146.0,21146,Madre De Dios,Manu,Manu
21147.0,21147,Madre De Dios,Manu,Manu
21148.0,21148,Madre De Dios,Manu,Manu
21149.0,21149,Madre De Dios,Manu,Manu
21150.0,21150,Cusco,Paucartambo,Kosñipata
21151.0,21151,Cusco,Paucartambo,Kosñipata
21152.0,21152,Cusco,Paucartambo,Kosñipata
21153.0,21153,Cusco,Paucartambo,Paucartambo
21154.0,21154,Cusco,Paucartambo,Paucartambo
21155.0,21155,Cusco,Paucartambo,Paucartambo
21156.0,21156,Cusco,Quispicanchi,Ccarhuayo
21157.0,21157,Cusco,Quispicanchi,Ocongate
21158.0,21158,Cusco,Quispicanchi,Ocongate
21159.0,21159,Cusco,Quispicanchi,Cusipata
21160.0,21160,Cusco,Canchis,Pitumarca
21161.0,21161,Cusco,Canchis,Checacupe
21162.0,21162,Cusco,Canchis,San Pedro
21163.0,21163,Cusco,Canchis,San Pablo
21164.0,21164,Cusco,Canas,Langui
21165.0,21165,Cusco,Canas,Kunturkanki
21166.0,21166,Cusco,Canas,Kunturkanki
21167.0,21167,Cusco,Espinar,Pichigua
21168.0,21168,Cusco,Espinar,Pichigua
21169.0,21169,Cusco,Espinar,Espinar
21170.0,21170,Cusco,Espinar,Espinar
21171.0,21171,Cusco,Espinar,Espinar
21172.0,21172,Arequipa,Caylloma,Tisco
21173.0,21173,Arequipa,Caylloma,Tisco
21174.0,21174,Arequipa,Caylloma,Tisco
21175.0,21175,Arequipa,Caylloma,Callalli
21176.0,21176,Arequipa,Caylloma,Callalli
21177.0,21177,Arequipa,Caylloma,Yanque
21178.0,21178,Arequipa,Caylloma,Yanque
21179.0,21179,Arequipa,Caylloma,Yanque
21180.0,21180,Arequipa,Arequipa,Yura
21181.0,21181,Arequipa,Arequipa,San Juan De Tarucani
21182.0,21182,Arequipa,Arequipa,Yura
21183.0,21183,Arequipa,Arequipa,San Juan De Tarucani
21184.0,21184,Arequipa,Arequipa,Chiguata
21185.0,21185,Arequipa,Arequipa,Characato
21186.0,21186,Arequipa,Arequipa,Pocsi
21187.0,21187,Arequipa,Arequipa,Polobaya
21188.0,21188,Moquegua,General Sanchez Cerro,La Capilla
21189.0,21189,Moquegua,General Sanchez Cerro,La Capilla
21190.0,21190,Moquegua,General Sanchez Cerro,La Capilla
21191.0,21191,Arequipa,Islay,Cocachacra
21192.0,21192,Moquegua,Mariscal Nieto,Moquegua
21193.0,21193,Moquegua,Mariscal Nieto,Moquegua
21194.0,21194,Moquegua,Mariscal Nieto,Moquegua
21195.0,21195,Moquegua,Ilo,Pacocha
21196.0,21196,Moquegua,Ilo,Pacocha
21197.0,21197,Moquegua,Ilo,Ilo
21198.0,21198,Moquegua,Ilo,Ilo
21199.0,21199,Moquegua,Ilo,Ilo
21200.0,21200,Moquegua,Ilo,Ilo
21201.0,21201,Moquegua,Ilo,Ilo
21326.0,21326,Ucayali,Purús,Purús
21327.0,21327,Ucayali,Purús,Purús
21328.0,21328,Ucayali,Purús,Purús
21329.0,21329,Ucayali,Purús,Purús
21330.0,21330,Ucayali,Purús,Purús
21331.0,21331,Ucayali,Purús,Purús
21332.0,21332,Ucayali,Purús,Purús
21333.0,21333,Ucayali,Purús,Purús
21344.0,21344,Madre De Dios,Tambopata,Tambopata
21345.0,21345,Madre De Dios,Tambopata,Tambopata
21346.0,21346,Madre De Dios,Tambopata,Tambopata
21347.0,21347,Madre De Dios,Tambopata,Tambopata
21348.0,21348,Madre De Dios,Manu,Fitzcarrald
21349.0,21349,Madre De Dios,Manu,Fitzcarrald
21350.0,21350,Madre De Dios,Manu,Fitzcarrald
21351.0,21351,Madre De Dios,Manu,Manu
21352.0,21352,Madre De Dios,Manu,Manu
21353.0,21353,Madre De Dios,Manu,Manu
21354.0,21354,Madre De Dios,Manu,Manu
21355.0,21355,Madre De Dios,Manu,Manu
21356.0,21356,Madre De Dios,Manu,Manu
21357.0,21357,Madre De Dios,Manu,Manu
21358.0,21358,Madre De Dios,Manu,Manu
21359.0,21359,Madre De Dios,Manu,Madre De Dios
21360.0,21360,Madre De Dios,Manu,Madre De Dios
21361.0,21361,Cusco,Paucartambo,Kosñipata
21362.0,21362,Cusco,Paucartambo,Kosñipata
21363.0,21363,Cusco,Paucartambo,Kosñipata
21364.0,21364,Cusco,Paucartambo,Kosñipata
21365.0,21365,Cusco,Paucartambo,Kosñipata
21366.0,21366,Cusco,Quispicanchi,Ocongate
21367.0,21367,Cusco,Quispicanchi,Ocongate
21368.0,21368,Cusco,Quispicanchi,Ocongate
21369.0,21369,Cusco,Canchis,Pitumarca
21370.0,21370,Cusco,Canchis,Pitumarca
21371.0,21371,Cusco,Canchis,Checacupe
21372.0,21372,Cusco,Canchis,San Pablo
21373.0,21373,Cusco,Canchis,Sicuani
21374.0,21374,Cusco,Canas,Langui
21375.0,21375,Cusco,Canas,Langui
21376.0,21376,Cusco,Canas,Kunturkanki
21377.0,21377,Cusco,Espinar,Pichigua
21378.0,21378,Cusco,Espinar,Alto Pichigua
21379.0,21379,Cusco,Espinar,Pallpata
21380.0,21380,Cusco,Espinar,Espinar
21381.0,21381,Cusco,Espinar,Espinar
21382.0,21382,Arequipa,Caylloma,Tisco
21383.0,21383,Arequipa,Caylloma,Tisco
21384.0,21384,Arequipa,Caylloma,Callalli
21385.0,21385,Arequipa,Caylloma,Callalli
21386.0,21386,Arequipa,Caylloma,Callalli
21387.0,21387,Arequipa,Caylloma,Callalli
21388.0,21388,Arequipa,Caylloma,Yanque
21389.0,21389,Arequipa,Caylloma,San Antonio De Chuca
21390.0,21390,Arequipa,Caylloma,San Antonio De Chuca
21391.0,21391,Arequipa,Arequipa,San Juan De Tarucani
21392.0,21392,Arequipa,Arequipa,San Juan De Tarucani
21393.0,21393,Arequipa,Arequipa,San Juan De Tarucani
21394.0,21394,Arequipa,Arequipa,Chiguata
21395.0,21395,Arequipa,Arequipa,Pocsi
21396.0,21396,Arequipa,Arequipa,Polobaya
21397.0,21397,Moquegua,General Sanchez Cerro,Puquina
21398.0,21398,Moquegua,General Sanchez Cerro,La Capilla
21399.0,21399,Moquegua,General Sanchez Cerro,La Capilla
21400.0,21400,Moquegua,Mariscal Nieto,Moquegua
21401.0,21401,Moquegua,Mariscal Nieto,Moquegua
21402.0,21402,Moquegua,Mariscal Nieto,Moquegua
21403.0,21403,Moquegua,Mariscal Nieto,Moquegua
21404.0,21404,Moquegua,Mariscal Nieto,Moquegua
21405.0,21405,Moquegua,Ilo,El Algarrobal
21406.0,21406,Moquegua,Ilo,El Algarrobal
21407.0,21407,Moquegua,Ilo,El Algarrobal
21408.0,21408,Moquegua,Ilo,Ilo
21409.0,21409,Moquegua,Ilo,Ilo
21410.0,21410,Moquegua,Ilo,Ilo
21411.0,21411,Tacna,Jorge Basadre,Ite
21536.0,21536,Ucayali,Purús,Purús
21537.0,21537,Ucayali,Purús,Purús
21538.0,21538,Ucayali,Purús,Purús
21539.0,21539,Ucayali,Purús,Purús
21540.0,21540,Ucayali,Purús,Purús
21541.0,21541,Ucayali,Purús,Purús
21542.0,21542,Ucayali,Purús,Purús
21543.0,21543,Ucayali,Purús,Purús
21544.0,21544,Ucayali,Purús,Purús
21553.0,21553,Madre De Dios,Tambopata,Tambopata
21554.0,21554,Madre De Dios,Tambopata,Tambopata
21555.0,21555,Madre De Dios,Tambopata,Tambopata
21556.0,21556,Madre De Dios,Tambopata,Tambopata
21557.0,21557,Madre De Dios,Tambopata,Tambopata
21558.0,21558,Madre De Dios,Tambopata,Tambopata
21559.0,21559,Madre De Dios,Manu,Fitzcarrald
21560.0,21560,Madre De Dios,Manu,Fitzcarrald
21561.0,21561,Madre De Dios,Manu,Fitzcarrald
21562.0,21562,Madre De Dios,Manu,Manu
21563.0,21563,Madre De Dios,Manu,Manu
21564.0,21564,Madre De Dios,Manu,Manu
21565.0,21565,Madre De Dios,Manu,Manu
21566.0,21566,Madre De Dios,Manu,Fitzcarrald
21567.0,21567,Madre De Dios,Manu,Fitzcarrald
21568.0,21568,Madre De Dios,Manu,Madre De Dios
21569.0,21569,Madre De Dios,Manu,Madre De Dios
21570.0,21570,Madre De Dios,Manu,Madre De Dios
21571.0,21571,Madre De Dios,Manu,Madre De Dios
21572.0,21572,Cusco,Paucartambo,Kosñipata
21573.0,21573,Cusco,Paucartambo,Kosñipata
21574.0,21574,Cusco,Paucartambo,Kosñipata
21575.0,21575,Cusco,Paucartambo,Kosñipata
21576.0,21576,Cusco,Quispicanchi,Ocongate
21577.0,21577,Cusco,Quispicanchi,Ocongate
21578.0,21578,Cusco,Canchis,Pitumarca
21579.0,21579,Cusco,Canchis,Pitumarca
21580.0,21580,Cusco,Canchis,Pitumarca
21581.0,21581,Cusco,Canchis,Checacupe
21582.0,21582,Cusco,Canchis,San Pablo
21583.0,21583,Cusco,Canchis,Sicuani
21584.0,21584,Cusco,Canchis,Marangani
21585.0,21585,Cusco,Canas,Layo
21586.0,21586,Cusco,Canas,Layo
21587.0,21587,Cusco,Espinar,Alto Pichigua
21588.0,21588,Cusco,Espinar,Alto Pichigua
21589.0,21589,Cusco,Espinar,Pallpata
21590.0,21590,Cusco,Espinar,Pallpata
21591.0,21591,Cusco,Espinar,Ocoruro
21592.0,21592,Cusco,Espinar,Ocoruro
21593.0,21593,Cusco,Espinar,Condoroma
21594.0,21594,Cusco,Espinar,Condoroma
21595.0,21595,Arequipa,Caylloma,Callalli
21596.0,21596,Arequipa,Caylloma,Callalli
21597.0,21597,Arequipa,Caylloma,Callalli
21598.0,21598,Arequipa,Caylloma,San Antonio De Chuca
21599.0,21599,Arequipa,Caylloma,San Antonio De Chuca
21600.0,21600,Arequipa,Caylloma,San Antonio De Chuca
21601.0,21601,Arequipa,Arequipa,San Juan De Tarucani
21602.0,21602,Arequipa,Arequipa,San Juan De Tarucani
21603.0,21603,Arequipa,Arequipa,San Juan De Tarucani
21604.0,21604,Arequipa,Arequipa,Chiguata
21605.0,21605,Arequipa,Arequipa,San Juan De Tarucani
21606.0,21606,Moquegua,General Sanchez Cerro,Puquina
21607.0,21607,Moquegua,General Sanchez Cerro,Puquina
21608.0,21608,Moquegua,General Sanchez Cerro,La Capilla
21609.0,21609,Moquegua,General Sanchez Cerro,Puquina
21610.0,21610,Moquegua,Mariscal Nieto,Moquegua
21611.0,21611,Moquegua,Mariscal Nieto,Moquegua
21612.0,21612,Moquegua,Mariscal Nieto,Moquegua
21613.0,21613,Moquegua,Mariscal Nieto,Moquegua
21614.0,21614,Moquegua,Mariscal Nieto,Moquegua
21615.0,21615,Moquegua,Ilo,El Algarrobal
21616.0,21616,Moquegua,Ilo,El Algarrobal
21617.0,21617,Moquegua,Ilo,El Algarrobal
21618.0,21618,Moquegua,Ilo,Ilo
21619.0,21619,Moquegua,Ilo,Ilo
21620.0,21620,Tacna,Jorge Basadre,Ite
21621.0,21621,Tacna,Jorge Basadre,Ite
21622.0,21622,Tacna,Jorge Basadre,Ite
21746.0,21746,Ucayali,Purús,Purús
21747.0,21747,Ucayali,Purús,Purús
21748.0,21748,Ucayali,Purús,Purús
21749.0,21749,Ucayali,Purús,Purús
21750.0,21750,Ucayali,Purús,Purús
21751.0,21751,Ucayali,Purús,Purús
21752.0,21752,Ucayali,Purús,Purús
21753.0,21753,Ucayali,Purús,Purús
21754.0,21754,Ucayali,Purús,Purús
21755.0,21755,Ucayali,Purús,Purús
21756.0,21756,Madre De Dios,Tahuamanu,Iñapari
21757.0,21757,Madre De Dios,Tahuamanu,Iñapari
21762.0,21762,Madre De Dios,Tahuamanu,Iñapari
21763.0,21763,Madre De Dios,Tambopata,Tambopata
21764.0,21764,Madre De Dios,Tambopata,Tambopata
21765.0,21765,Madre De Dios,Tambopata,Tambopata
21766.0,21766,Madre De Dios,Tambopata,Tambopata
21767.0,21767,Madre De Dios,Tambopata,Tambopata
21768.0,21768,Madre De Dios,Tambopata,Tambopata
21769.0,21769,Madre De Dios,Manu,Fitzcarrald
21770.0,21770,Madre De Dios,Manu,Fitzcarrald
21771.0,21771,Madre De Dios,Manu,Fitzcarrald
21772.0,21772,Madre De Dios,Manu,Fitzcarrald
21773.0,21773,Madre De Dios,Manu,Manu
21774.0,21774,Madre De Dios,Manu,Manu
21775.0,21775,Madre De Dios,Manu,Fitzcarrald
21776.0,21776,Madre De Dios,Manu,Fitzcarrald
21777.0,21777,Madre De Dios,Manu,Madre De Dios
21778.0,21778,Madre De Dios,Manu,Madre De Dios
21779.0,21779,Madre De Dios,Manu,Madre De Dios
21780.0,21780,Madre De Dios,Manu,Madre De Dios
21781.0,21781,Madre De Dios,Manu,Madre De Dios
21782.0,21782,Madre De Dios,Manu,Madre De Dios
21783.0,21783,Madre De Dios,Manu,Madre De Dios
21784.0,21784,Cusco,Quispicanchi,Camanti
21785.0,21785,Cusco,Quispicanchi,Camanti
21786.0,21786,Cusco,Quispicanchi,Marcapata
21787.0,21787,Cusco,Quispicanchi,Marcapata
21788.0,21788,Cusco,Canchis,Pitumarca
21789.0,21789,Cusco,Canchis,Pitumarca
21790.0,21790,Cusco,Canchis,Pitumarca
21791.0,21791,Cusco,Canchis,Checacupe
21792.0,21792,Cusco,Canchis,San Pablo
21793.0,21793,Cusco,Canchis,Sicuani
21794.0,21794,Cusco,Canchis,Marangani
21795.0,21795,Cusco,Canchis,Marangani
21796.0,21796,Cusco,Canas,Layo
21797.0,21797,Puno,Melgar,Macari
21798.0,21798,Puno,Melgar,Macari
21799.0,21799,Cusco,Espinar,Pallpata
21800.0,21800,Cusco,Espinar,Pallpata
21801.0,21801,Cusco,Espinar,Pallpata
21802.0,21802,Cusco,Espinar,Ocoruro
21803.0,21803,Cusco,Espinar,Condoroma
21804.0,21804,Arequipa,Caylloma,Callalli
21805.0,21805,Arequipa,Caylloma,Callalli
21806.0,21806,Arequipa,Caylloma,Callalli
21807.0,21807,Arequipa,Caylloma,San Antonio De Chuca
21808.0,21808,Arequipa,Caylloma,San Antonio De Chuca
21809.0,21809,Arequipa,Caylloma,San Antonio De Chuca
21810.0,21810,Arequipa,Caylloma,San Antonio De Chuca
21811.0,21811,Arequipa,Arequipa,San Juan De Tarucani
21812.0,21812,Arequipa,Arequipa,San Juan De Tarucani
21813.0,21813,Arequipa,Arequipa,San Juan De Tarucani
21814.0,21814,Arequipa,Arequipa,San Juan De Tarucani
21815.0,21815,Arequipa,Arequipa,San Juan De Tarucani
21816.0,21816,Moquegua,General Sanchez Cerro,Coalaque
21817.0,21817,Moquegua,General Sanchez Cerro,Coalaque
21818.0,21818,Moquegua,General Sanchez Cerro,Puquina
21819.0,21819,Moquegua,Mariscal Nieto,Moquegua
21820.0,21820,Moquegua,Mariscal Nieto,Moquegua
21821.0,21821,Moquegua,Mariscal Nieto,Moquegua
21822.0,21822,Moquegua,Mariscal Nieto,Moquegua
21823.0,21823,Moquegua,Mariscal Nieto,Moquegua
21824.0,21824,Moquegua,Mariscal Nieto,Moquegua
21825.0,21825,Moquegua,Mariscal Nieto,Moquegua
21826.0,21826,Moquegua,Ilo,El Algarrobal
21827.0,21827,Moquegua,Ilo,El Algarrobal
21828.0,21828,Tacna,Jorge Basadre,Ite
21829.0,21829,Tacna,Jorge Basadre,Ite
21830.0,21830,Tacna,Jorge Basadre,Ite
21831.0,21831,Tacna,Jorge Basadre,Ite
21832.0,21832,Tacna,Tacna,Sama
21956.0,21956,Ucayali,Purús,Purús
21957.0,21957,Ucayali,Purús,Purús
21958.0,21958,Ucayali,Purús,Purús
21959.0,21959,Ucayali,Purús,Purús
21960.0,21960,Ucayali,Purús,Purús
21961.0,21961,Ucayali,Purús,Purús
21962.0,21962,Ucayali,Purús,Purús
21963.0,21963,Ucayali,Purús,Purús
21964.0,21964,Madre De Dios,Tahuamanu,Iñapari
21965.0,21965,Madre De Dios,Tahuamanu,Iñapari
21966.0,21966,Madre De Dios,Tahuamanu,Iñapari
21967.0,21967,Madre De Dios,Tahuamanu,Iñapari
21968.0,21968,Madre De Dios,Tahuamanu,Iñapari
21969.0,21969,Madre De Dios,Tahuamanu,Iñapari
21970.0,21970,Madre De Dios,Tahuamanu,Iñapari
21971.0,21971,Madre De Dios,Tahuamanu,Iñapari
21972.0,21972,Madre De Dios,Tahuamanu,Iñapari
21973.0,21973,Madre De Dios,Tahuamanu,Iñapari
21974.0,21974,Madre De Dios,Tambopata,Tambopata
21975.0,21975,Madre De Dios,Tambopata,Tambopata
21976.0,21976,Madre De Dios,Tambopata,Tambopata
21977.0,21977,Madre De Dios,Tambopata,Tambopata
21978.0,21978,Madre De Dios,Tambopata,Tambopata
21979.0,21979,Madre De Dios,Tambopata,Tambopata
21980.0,21980,Madre De Dios,Manu,Fitzcarrald
21981.0,21981,Madre De Dios,Manu,Fitzcarrald
21982.0,21982,Madre De Dios,Manu,Fitzcarrald
21983.0,21983,Madre De Dios,Manu,Manu
21984.0,21984,Madre De Dios,Manu,Fitzcarrald
21985.0,21985,Madre De Dios,Manu,Fitzcarrald
21986.0,21986,Madre De Dios,Manu,Madre De Dios
21987.0,21987,Madre De Dios,Manu,Madre De Dios
21988.0,21988,Madre De Dios,Manu,Madre De Dios
21989.0,21989,Madre De Dios,Manu,Madre De Dios
21990.0,21990,Madre De Dios,Manu,Huepetuhe
21991.0,21991,Madre De Dios,Manu,Huepetuhe
21992.0,21992,Madre De Dios,Manu,Madre De Dios
21993.0,21993,Cusco,Quispicanchi,Camanti
21994.0,21994,Cusco,Quispicanchi,Camanti
21995.0,21995,Cusco,Quispicanchi,Camanti
21996.0,21996,Cusco,Quispicanchi,Marcapata
21997.0,21997,Cusco,Quispicanchi,Marcapata
21998.0,21998,Cusco,Quispicanchi,Marcapata
21999.0,21999,Cusco,Canchis,Pitumarca
22000.0,22000,Cusco,Canchis,Checacupe
22001.0,22001,Cusco,Canchis,Checacupe
22002.0,22002,Cusco,Canchis,San Pablo
22003.0,22003,Cusco,Canchis,Sicuani
22004.0,22004,Cusco,Canchis,Marangani
22005.0,22005,Puno,Melgar,Santa Rosa
22006.0,22006,Puno,Melgar,Santa Rosa
22007.0,22007,Puno,Melgar,Macari
22008.0,22008,Puno,Melgar,Macari
22009.0,22009,Puno,Melgar,Cupi
22010.0,22010,Puno,Melgar,Llalli
22011.0,22011,Puno,Melgar,Llalli
22012.0,22012,Puno,Lampa,Ocuviri
22013.0,22013,Puno,Lampa,Ocuviri
22014.0,22014,Puno,Lampa,Santa Lucia
22015.0,22015,Puno,Lampa,Santa Lucia
22016.0,22016,Puno,Lampa,Santa Lucia
22017.0,22017,Arequipa,Caylloma,San Antonio De Chuca
22018.0,22018,Arequipa,Caylloma,San Antonio De Chuca
22019.0,22019,Arequipa,Caylloma,San Antonio De Chuca
22020.0,22020,Arequipa,Caylloma,San Antonio De Chuca
22021.0,22021,Arequipa,Arequipa,San Juan De Tarucani
22022.0,22022,Arequipa,Arequipa,San Juan De Tarucani
22023.0,22023,Arequipa,Arequipa,San Juan De Tarucani
22024.0,22024,Arequipa,Arequipa,San Juan De Tarucani
22025.0,22025,Moquegua,General Sanchez Cerro,Matalaque
22026.0,22026,Moquegua,General Sanchez Cerro,Omate
22027.0,22027,Moquegua,General Sanchez Cerro,Omate
22028.0,22028,Moquegua,General Sanchez Cerro,Quinistaquillas
22029.0,22029,Moquegua,Mariscal Nieto,Torata
22030.0,22030,Moquegua,Mariscal Nieto,Torata
22031.0,22031,Moquegua,Mariscal Nieto,Torata
22032.0,22032,Moquegua,Mariscal Nieto,Moquegua
22033.0,22033,Moquegua,Mariscal Nieto,Moquegua
22034.0,22034,Moquegua,Mariscal Nieto,Moquegua
22035.0,22035,Moquegua,Mariscal Nieto,Moquegua
22036.0,22036,Moquegua,Mariscal Nieto,Moquegua
22037.0,22037,Moquegua,Ilo,El Algarrobal
22038.0,22038,Tacna,Jorge Basadre,Ite
22039.0,22039,Tacna,Jorge Basadre,Ite
22040.0,22040,Tacna,Jorge Basadre,Ite
22041.0,22041,Tacna,Tacna,Sama
22042.0,22042,Tacna,Tacna,Sama
22043.0,22043,Tacna,Tacna,Sama
22166.0,22166,Ucayali,Purús,Purús
22167.0,22167,Ucayali,Purús,Purús
22168.0,22168,Ucayali,Purús,Purús
22169.0,22169,Ucayali,Purús,Purús
22170.0,22170,Ucayali,Purús,Purús
22171.0,22171,Ucayali,Purús,Purús
22172.0,22172,Ucayali,Purús,Purús
22173.0,22173,Ucayali,Purús,Purús
22174.0,22174,Madre De Dios,Tahuamanu,Iñapari
22175.0,22175,Madre De Dios,Tahuamanu,Iñapari
22176.0,22176,Madre De Dios,Tahuamanu,Iñapari
22177.0,22177,Madre De Dios,Tahuamanu,Iñapari
22178.0,22178,Madre De Dios,Tahuamanu,Iñapari
22179.0,22179,Madre De Dios,Tahuamanu,Iñapari
22180.0,22180,Madre De Dios,Tahuamanu,Iñapari
22181.0,22181,Madre De Dios,Tahuamanu,Iñapari
22182.0,22182,Madre De Dios,Tahuamanu,Iñapari
22183.0,22183,Madre De Dios,Tahuamanu,Iñapari
22184.0,22184,Madre De Dios,Tambopata,Tambopata
22185.0,22185,Madre De Dios,Tambopata,Tambopata
22186.0,22186,Madre De Dios,Tambopata,Tambopata
22187.0,22187,Madre De Dios,Tambopata,Tambopata
22188.0,22188,Madre De Dios,Tambopata,Tambopata
22189.0,22189,Madre De Dios,Tambopata,Tambopata
22190.0,22190,Madre De Dios,Tambopata,Tambopata
22191.0,22191,Madre De Dios,Manu,Fitzcarrald
22192.0,22192,Madre De Dios,Manu,Fitzcarrald
22193.0,22193,Madre De Dios,Manu,Fitzcarrald
22194.0,22194,Madre De Dios,Manu,Fitzcarrald
22195.0,22195,Madre De Dios,Manu,Fitzcarrald
22196.0,22196,Madre De Dios,Manu,Madre De Dios
22197.0,22197,Madre De Dios,Manu,Madre De Dios
22198.0,22198,Madre De Dios,Manu,Madre De Dios
22199.0,22199,Madre De Dios,Manu,Huepetuhe
22200.0,22200,Madre De Dios,Manu,Huepetuhe
22201.0,22201,Madre De Dios,Manu,Huepetuhe
22202.0,22202,Cusco,Quispicanchi,Camanti
22203.0,22203,Cusco,Quispicanchi,Camanti
22204.0,22204,Cusco,Quispicanchi,Camanti
22205.0,22205,Cusco,Quispicanchi,Marcapata
22206.0,22206,Cusco,Quispicanchi,Marcapata
22207.0,22207,Cusco,Quispicanchi,Marcapata
22208.0,22208,Cusco,Quispicanchi,Marcapata
22209.0,22209,Puno,Carabaya,Corani
22210.0,22210,Cusco,Canchis,Checacupe
22211.0,22211,Puno,Carabaya,Corani
22212.0,22212,Cusco,Canchis,San Pablo
22213.0,22213,Puno,Melgar,Nuñoa
22214.0,22214,Puno,Melgar,Nuñoa
22215.0,22215,Puno,Melgar,Santa Rosa
22216.0,22216,Puno,Melgar,Santa Rosa
22217.0,22217,Puno,Melgar,Macari
22218.0,22218,Puno,Melgar,Macari
22219.0,22219,Puno,Melgar,Cupi
22220.0,22220,Puno,Melgar,Cupi
22221.0,22221,Puno,Lampa,Ocuviri
22222.0,22222,Puno,Lampa,Ocuviri
22223.0,22223,Puno,Lampa,Ocuviri
22224.0,22224,Puno,Lampa,Ocuviri
22225.0,22225,Puno,Lampa,Santa Lucia
22226.0,22226,Puno,Lampa,Santa Lucia
22227.0,22227,Puno,Lampa,Santa Lucia
22228.0,22228,Puno,Lampa,Santa Lucia
22229.0,22229,Puno,San Roman,Cabanillas
22230.0,22230,Arequipa,Arequipa,San Juan De Tarucani
22231.0,22231,Arequipa,Arequipa,San Juan De Tarucani
22232.0,22232,Moquegua,General Sanchez Cerro,Ubinas
22233.0,22233,Moquegua,General Sanchez Cerro,Ubinas
22234.0,22234,Moquegua,General Sanchez Cerro,Ubinas
22235.0,22235,Moquegua,General Sanchez Cerro,Matalaque
22236.0,22236,Moquegua,General Sanchez Cerro,Matalaque
22237.0,22237,Moquegua,General Sanchez Cerro,Quinistaquillas
22238.0,22238,Moquegua,General Sanchez Cerro,Quinistaquillas
22239.0,22239,Moquegua,Mariscal Nieto,Torata
22240.0,22240,Moquegua,Mariscal Nieto,Torata
22241.0,22241,Moquegua,Mariscal Nieto,Torata
22242.0,22242,Moquegua,Mariscal Nieto,Samegua
22243.0,22243,Moquegua,Mariscal Nieto,Moquegua
22244.0,22244,Moquegua,Mariscal Nieto,Moquegua
22245.0,22245,Moquegua,Mariscal Nieto,Moquegua
22246.0,22246,Tacna,Jorge Basadre,Locumba
22247.0,22247,Tacna,Jorge Basadre,Locumba
22248.0,22248,Tacna,Jorge Basadre,Ite
22249.0,22249,Tacna,Jorge Basadre,Ite
22250.0,22250,Tacna,Tacna,Sama
22251.0,22251,Tacna,Tacna,Sama
22252.0,22252,Tacna,Tacna,Sama
22253.0,22253,Tacna,Tacna,Sama
22376.0,22376,Ucayali,Purús,Purús
22377.0,22377,Ucayali,Purús,Purús
22378.0,22378,Ucayali,Purús,Purús
22379.0,22379,Ucayali,Purús,Purús
22380.0,22380,Ucayali,Purús,Purús
22381.0,22381,Ucayali,Purús,Purús
22382.0,22382,Ucayali,Purús,Purús
22383.0,22383,Madre De Dios,Tahuamanu,Iñapari
22384.0,22384,Madre De Dios,Tahuamanu,Iñapari
22385.0,22385,Madre De Dios,Tahuamanu,Iñapari
22386.0,22386,Madre De Dios,Tahuamanu,Iñapari
22387.0,22387,Madre De Dios,Tahuamanu,Iñapari
22388.0,22388,Madre De Dios,Tahuamanu,Iñapari
22389.0,22389,Madre De Dios,Tahuamanu,Iñapari
22390.0,22390,Madre De Dios,Tahuamanu,Iñapari
22391.0,22391,Madre De Dios,Tahuamanu,Iñapari
22392.0,22392,Madre De Dios,Tahuamanu,Iñapari
22393.0,22393,Madre De Dios,Tahuamanu,Iñapari
22394.0,22394,Madre De Dios,Tahuamanu,Iñapari
22395.0,22395,Madre De Dios,Tambopata,Tambopata
22396.0,22396,Madre De Dios,Tambopata,Tambopata
22397.0,22397,Madre De Dios,Tambopata,Tambopata
22398.0,22398,Madre De Dios,Tambopata,Tambopata
22399.0,22399,Madre De Dios,Tambopata,Tambopata
22400.0,22400,Madre De Dios,Tambopata,Tambopata
22401.0,22401,Madre De Dios,Manu,Fitzcarrald
22402.0,22402,Madre De Dios,Manu,Madre De Dios
22403.0,22403,Madre De Dios,Manu,Fitzcarrald
22404.0,22404,Madre De Dios,Manu,Fitzcarrald
22405.0,22405,Madre De Dios,Manu,Madre De Dios
22406.0,22406,Madre De Dios,Manu,Madre De Dios
22407.0,22407,Madre De Dios,Manu,Madre De Dios
22408.0,22408,Madre De Dios,Manu,Madre De Dios
22409.0,22409,Madre De Dios,Manu,Madre De Dios
22410.0,22410,Madre De Dios,Manu,Huepetuhe
22411.0,22411,Madre De Dios,Manu,Huepetuhe
22412.0,22412,Cusco,Quispicanchi,Camanti
22413.0,22413,Cusco,Quispicanchi,Camanti
22414.0,22414,Cusco,Quispicanchi,Camanti
22415.0,22415,Cusco,Quispicanchi,Camanti
22416.0,22416,Cusco,Quispicanchi,Camanti
22417.0,22417,Cusco,Quispicanchi,Marcapata
22418.0,22418,Puno,Carabaya,Corani
22419.0,22419,Puno,Carabaya,Corani
22420.0,22420,Puno,Carabaya,Corani
22421.0,22421,Puno,Carabaya,Corani
22422.0,22422,Puno,Melgar,Nuñoa
22423.0,22423,Puno,Melgar,Nuñoa
22424.0,22424,Puno,Melgar,Nuñoa
22425.0,22425,Puno,Melgar,Nuñoa
22426.0,22426,Puno,Melgar,Santa Rosa
22427.0,22427,Puno,Melgar,Santa Rosa
22428.0,22428,Puno,Melgar,Santa Rosa
22429.0,22429,Puno,Melgar,Umachiri
22430.0,22430,Puno,Melgar,Umachiri
22431.0,22431,Puno,Lampa,Ocuviri
22432.0,22432,Puno,Lampa,Ocuviri
22433.0,22433,Puno,Lampa,Palca
22434.0,22434,Puno,Lampa,Paratia
22435.0,22435,Puno,Lampa,Paratia
22436.0,22436,Puno,Lampa,Paratia
22437.0,22437,Puno,Lampa,Santa Lucia
22438.0,22438,Puno,Lampa,Santa Lucia
22439.0,22439,Puno,San Roman,Cabanillas
22440.0,22440,Puno,San Roman,Cabanillas
22441.0,22441,Moquegua,General Sanchez Cerro,Ubinas
22442.0,22442,Moquegua,General Sanchez Cerro,Ubinas
22443.0,22443,Moquegua,General Sanchez Cerro,Ubinas
22444.0,22444,Moquegua,General Sanchez Cerro,Ubinas
22445.0,22445,Moquegua,General Sanchez Cerro,Chojata
22446.0,22446,Moquegua,General Sanchez Cerro,Matalaque
22447.0,22447,Moquegua,General Sanchez Cerro,Chojata
22448.0,22448,Moquegua,Mariscal Nieto,San Cristobal
22449.0,22449,Moquegua,Mariscal Nieto,Carumas
22450.0,22450,Moquegua,Mariscal Nieto,Torata
22451.0,22451,Moquegua,Mariscal Nieto,Torata
22452.0,22452,Moquegua,Mariscal Nieto,Torata
22453.0,22453,Moquegua,Mariscal Nieto,Moquegua
22454.0,22454,Moquegua,Mariscal Nieto,Moquegua
22455.0,22455,Tacna,Jorge Basadre,Ilabaya
22456.0,22456,Tacna,Jorge Basadre,Locumba
22457.0,22457,Tacna,Jorge Basadre,Locumba
22458.0,22458,Tacna,Jorge Basadre,Locumba
22459.0,22459,Tacna,Tacna,Sama
22460.0,22460,Tacna,Tacna,Sama
22461.0,22461,Tacna,Tacna,Sama
22462.0,22462,Tacna,Tacna,Sama
22463.0,22463,Tacna,Tacna,Sama
22464.0,22464,Tacna,Tacna,Sama
22586.0,22586,Ucayali,Purús,Purús
22587.0,22587,Ucayali,Purús,Purús
22588.0,22588,Ucayali,Purús,Purús
22589.0,22589,Ucayali,Purús,Purús
22590.0,22590,Ucayali,Purús,Purús
22591.0,22591,Madre De Dios,Tahuamanu,Iñapari
22592.0,22592,Madre De Dios,Tahuamanu,Iñapari
22593.0,22593,Madre De Dios,Tahuamanu,Iñapari
22594.0,22594,Madre De Dios,Tahuamanu,Iñapari
22595.0,22595,Madre De Dios,Tahuamanu,Iñapari
22596.0,22596,Madre De Dios,Tahuamanu,Iñapari
22597.0,22597,Madre De Dios,Tahuamanu,Iñapari
22598.0,22598,Madre De Dios,Tahuamanu,Iñapari
22599.0,22599,Madre De Dios,Tahuamanu,Iñapari
22600.0,22600,Madre De Dios,Tahuamanu,Iñapari
22601.0,22601,Madre De Dios,Tahuamanu,Iñapari
22602.0,22602,Madre De Dios,Tahuamanu,Iñapari
22603.0,22603,Madre De Dios,Tahuamanu,Iñapari
22604.0,22604,Madre De Dios,Tahuamanu,Iñapari
22605.0,22605,Madre De Dios,Tambopata,Las Piedras
22606.0,22606,Madre De Dios,Tambopata,Tambopata
22607.0,22607,Madre De Dios,Tambopata,Tambopata
22608.0,22608,Madre De Dios,Tambopata,Tambopata
22609.0,22609,Madre De Dios,Tambopata,Tambopata
22610.0,22610,Madre De Dios,Tambopata,Laberinto
22611.0,22611,Madre De Dios,Manu,Fitzcarrald
22612.0,22612,Madre De Dios,Manu,Madre De Dios
22613.0,22613,Madre De Dios,Manu,Madre De Dios
22614.0,22614,Madre De Dios,Manu,Madre De Dios
22615.0,22615,Madre De Dios,Manu,Madre De Dios
22616.0,22616,Madre De Dios,Manu,Madre De Dios
22617.0,22617,Madre De Dios,Manu,Madre De Dios
22618.0,22618,Madre De Dios,Manu,Madre De Dios
22619.0,22619,Madre De Dios,Manu,Madre De Dios
22620.0,22620,Madre De Dios,Manu,Madre De Dios
22621.0,22621,Madre De Dios,Manu,Huepetuhe
22622.0,22622,Cusco,Quispicanchi,Camanti
22623.0,22623,Cusco,Quispicanchi,Camanti
22624.0,22624,Cusco,Quispicanchi,Camanti
22625.0,22625,Cusco,Quispicanchi,Camanti
22626.0,22626,Cusco,Quispicanchi,Camanti
22627.0,22627,Cusco,Quispicanchi,Camanti
22628.0,22628,Puno,Carabaya,Ollachea
22629.0,22629,Puno,Carabaya,Corani
22630.0,22630,Puno,Carabaya,Corani
22631.0,22631,Puno,Carabaya,Corani
22632.0,22632,Puno,Melgar,Nuñoa
22633.0,22633,Puno,Melgar,Nuñoa
22634.0,22634,Puno,Melgar,Nuñoa
22635.0,22635,Puno,Melgar,Nuñoa
22636.0,22636,Puno,Melgar,Nuñoa
22637.0,22637,Puno,Melgar,Nuñoa
22638.0,22638,Puno,Melgar,Ayaviri
22639.0,22639,Puno,Melgar,Ayaviri
22640.0,22640,Puno,Melgar,Ayaviri
22641.0,22641,Puno,Melgar,Ayaviri
22642.0,22642,Puno,Lampa,Vilavila
22643.0,22643,Puno,Lampa,Palca
22644.0,22644,Puno,Lampa,Palca
22645.0,22645,Puno,Lampa,Paratia
22646.0,22646,Puno,Lampa,Paratia
22647.0,22647,Puno,Lampa,Santa Lucia
22648.0,22648,Puno,Lampa,Santa Lucia
22649.0,22649,Puno,San Roman,Cabanillas
22650.0,22650,Puno,San Roman,Cabanillas
22651.0,22651,Moquegua,General Sanchez Cerro,Ichuña
22652.0,22652,Moquegua,General Sanchez Cerro,Ichuña
22653.0,22653,Moquegua,General Sanchez Cerro,Yunga
22654.0,22654,Moquegua,General Sanchez Cerro,Chojata
22655.0,22655,Moquegua,General Sanchez Cerro,Chojata
22656.0,22656,Moquegua,General Sanchez Cerro,Chojata
22657.0,22657,Moquegua,Mariscal Nieto,San Cristobal
22658.0,22658,Moquegua,Mariscal Nieto,Cuchumbaya
22659.0,22659,Moquegua,Mariscal Nieto,Carumas
22660.0,22660,Moquegua,Mariscal Nieto,Torata
22661.0,22661,Moquegua,Mariscal Nieto,Torata
22662.0,22662,Moquegua,Mariscal Nieto,Torata
22663.0,22663,Tacna,Jorge Basadre,Ilabaya
22664.0,22664,Tacna,Jorge Basadre,Ilabaya
22665.0,22665,Tacna,Jorge Basadre,Ilabaya
22666.0,22666,Tacna,Jorge Basadre,Locumba
22667.0,22667,Tacna,Jorge Basadre,Locumba
22668.0,22668,Tacna,Tacna,Inclan
22669.0,22669,Tacna,Tacna,Sama
22670.0,22670,Tacna,Tacna,Sama
22671.0,22671,Tacna,Tacna,Sama
22672.0,22672,Tacna,Tacna,Sama
22673.0,22673,Tacna,Tacna,Sama
22674.0,22674,Tacna,Tacna,Tacna
22796.0,22796,Ucayali,Purús,Purús
22797.0,22797,Ucayali,Purús,Purús
22798.0,22798,Ucayali,Purús,Purús
22799.0,22799,Ucayali,Purús,Purús
22800.0,22800,Madre De Dios,Tahuamanu,Iñapari
22801.0,22801,Madre De Dios,Tahuamanu,Iñapari
22802.0,22802,Madre De Dios,Tahuamanu,Iñapari
22803.0,22803,Madre De Dios,Tahuamanu,Iñapari
22804.0,22804,Madre De Dios,Tahuamanu,Iñapari
22805.0,22805,Madre De Dios,Tahuamanu,Iñapari
22806.0,22806,Madre De Dios,Tahuamanu,Iñapari
22807.0,22807,Madre De Dios,Tahuamanu,Iñapari
22808.0,22808,Madre De Dios,Tahuamanu,Iñapari
22809.0,22809,Madre De Dios,Tahuamanu,Iñapari
22810.0,22810,Madre De Dios,Tahuamanu,Iñapari
22811.0,22811,Madre De Dios,Tahuamanu,Iñapari
22812.0,22812,Madre De Dios,Tahuamanu,Iñapari
22813.0,22813,Madre De Dios,Tahuamanu,Iñapari
22814.0,22814,Madre De Dios,Tahuamanu,Iñapari
22815.0,22815,Madre De Dios,Tambopata,Las Piedras
22816.0,22816,Madre De Dios,Tambopata,Tambopata
22817.0,22817,Madre De Dios,Tambopata,Tambopata
22818.0,22818,Madre De Dios,Tambopata,Tambopata
22819.0,22819,Madre De Dios,Tambopata,Tambopata
22820.0,22820,Madre De Dios,Tambopata,Tambopata
22821.0,22821,Madre De Dios,Tambopata,Laberinto
22822.0,22822,Madre De Dios,Manu,Madre De Dios
22823.0,22823,Madre De Dios,Manu,Madre De Dios
22824.0,22824,Madre De Dios,Manu,Madre De Dios
22825.0,22825,Madre De Dios,Manu,Madre De Dios
22826.0,22826,Madre De Dios,Manu,Madre De Dios
22827.0,22827,Madre De Dios,Manu,Madre De Dios
22828.0,22828,Madre De Dios,Manu,Madre De Dios
22829.0,22829,Madre De Dios,Manu,Madre De Dios
22830.0,22830,Madre De Dios,Manu,Huepetuhe
22831.0,22831,Madre De Dios,Manu,Huepetuhe
22832.0,22832,Madre De Dios,Manu,Huepetuhe
22833.0,22833,Cusco,Quispicanchi,Camanti
22834.0,22834,Cusco,Quispicanchi,Camanti
22835.0,22835,Cusco,Quispicanchi,Camanti
22836.0,22836,Cusco,Quispicanchi,Camanti
22837.0,22837,Puno,Carabaya,Ollachea
22838.0,22838,Puno,Carabaya,Ollachea
22839.0,22839,Puno,Carabaya,Ollachea
22840.0,22840,Puno,Carabaya,Macusani
22841.0,22841,Puno,Carabaya,Macusani
22842.0,22842,Puno,Carabaya,Macusani
22843.0,22843,Puno,Melgar,Nuñoa
22844.0,22844,Puno,Melgar,Nuñoa
22845.0,22845,Puno,Melgar,Nuñoa
22846.0,22846,Puno,Melgar,Nuñoa
22847.0,22847,Puno,Melgar,Orurillo
22848.0,22848,Puno,Melgar,Ayaviri
22849.0,22849,Puno,Melgar,Ayaviri
22850.0,22850,Puno,Melgar,Ayaviri
22851.0,22851,Puno,Melgar,Ayaviri
22852.0,22852,Puno,Melgar,Ayaviri
22853.0,22853,Puno,Lampa,Palca
22854.0,22854,Puno,Lampa,Palca
22855.0,22855,Puno,Lampa,Paratia
22856.0,22856,Puno,Lampa,Santa Lucia
22857.0,22857,Puno,Lampa,Santa Lucia
22858.0,22858,Puno,San Roman,Cabanillas
22859.0,22859,Puno,San Roman,Cabanillas
22860.0,22860,Puno,San Roman,Cabanillas
22861.0,22861,Moquegua,General Sanchez Cerro,Ichuña
22862.0,22862,Moquegua,General Sanchez Cerro,Ichuña
22863.0,22863,Moquegua,General Sanchez Cerro,Lloque
22864.0,22864,Moquegua,General Sanchez Cerro,Lloque
22865.0,22865,Moquegua,General Sanchez Cerro,Chojata
22866.0,22866,Moquegua,General Sanchez Cerro,Chojata
22867.0,22867,Moquegua,Mariscal Nieto,Carumas
22868.0,22868,Moquegua,Mariscal Nieto,San Cristobal
22869.0,22869,Moquegua,Mariscal Nieto,Carumas
22870.0,22870,Moquegua,Mariscal Nieto,Torata
22871.0,22871,Moquegua,Mariscal Nieto,Torata
22872.0,22872,Moquegua,Mariscal Nieto,Torata
22873.0,22873,Tacna,Jorge Basadre,Ilabaya
22874.0,22874,Tacna,Jorge Basadre,Ilabaya
22875.0,22875,Tacna,Jorge Basadre,Ilabaya
22876.0,22876,Tacna,Jorge Basadre,Locumba
22877.0,22877,Tacna,Tacna,Inclan
22878.0,22878,Tacna,Tacna,Inclan
22879.0,22879,Tacna,Tacna,Sama
22880.0,22880,Tacna,Tacna,Sama
22881.0,22881,Tacna,Tacna,Tacna
22882.0,22882,Tacna,Tacna,La Yarada Los Palos
22883.0,22883,Tacna,Tacna,La Yarada Los Palos
22884.0,22884,Tacna,Tacna,La Yarada Los Palos
23006.0,23006,Ucayali,Purús,Purús
23007.0,23007,Ucayali,Purús,Purús
23008.0,23008,Ucayali,Purús,Purús
23009.0,23009,Ucayali,Purús,Purús
23010.0,23010,Madre De Dios,Tahuamanu,Iñapari
23011.0,23011,Madre De Dios,Tahuamanu,Iñapari
23012.0,23012,Madre De Dios,Tahuamanu,Iñapari
23013.0,23013,Madre De Dios,Tahuamanu,Iñapari
23014.0,23014,Madre De Dios,Tahuamanu,Iñapari
23015.0,23015,Madre De Dios,Tahuamanu,Iñapari
23016.0,23016,Madre De Dios,Tahuamanu,Iñapari
23017.0,23017,Madre De Dios,Tahuamanu,Iñapari
23018.0,23018,Madre De Dios,Tahuamanu,Iñapari
23019.0,23019,Madre De Dios,Tahuamanu,Iñapari
23020.0,23020,Madre De Dios,Tahuamanu,Iñapari
23021.0,23021,Madre De Dios,Tahuamanu,Iñapari
23022.0,23022,Madre De Dios,Tahuamanu,Iñapari
23023.0,23023,Madre De Dios,Tahuamanu,Iñapari
23024.0,23024,Madre De Dios,Tahuamanu,Iñapari
23025.0,23025,Madre De Dios,Tambopata,Las Piedras
23026.0,23026,Madre De Dios,Tambopata,Las Piedras
23027.0,23027,Madre De Dios,Tambopata,Tambopata
23028.0,23028,Madre De Dios,Tambopata,Tambopata
23029.0,23029,Madre De Dios,Tambopata,Tambopata
23030.0,23030,Madre De Dios,Tambopata,Tambopata
23031.0,23031,Madre De Dios,Tambopata,Laberinto
23032.0,23032,Madre De Dios,Manu,Madre De Dios
23033.0,23033,Madre De Dios,Manu,Madre De Dios
23034.0,23034,Madre De Dios,Manu,Madre De Dios
23035.0,23035,Madre De Dios,Manu,Madre De Dios
23036.0,23036,Madre De Dios,Manu,Madre De Dios
23037.0,23037,Madre De Dios,Manu,Madre De Dios
23038.0,23038,Madre De Dios,Manu,Madre De Dios
23039.0,23039,Madre De Dios,Manu,Madre De Dios
23040.0,23040,Madre De Dios,Manu,Huepetuhe
23041.0,23041,Madre De Dios,Manu,Huepetuhe
23042.0,23042,Madre De Dios,Manu,Huepetuhe
23043.0,23043,Cusco,Quispicanchi,Camanti
23044.0,23044,Cusco,Quispicanchi,Camanti
23045.0,23045,Puno,Carabaya,San Gaban
23046.0,23046,Puno,Carabaya,San Gaban
23047.0,23047,Puno,Carabaya,San Gaban
23048.0,23048,Puno,Carabaya,Ollachea
23049.0,23049,Puno,Carabaya,Ollachea
23050.0,23050,Puno,Carabaya,Macusani
23051.0,23051,Puno,Carabaya,Macusani
23052.0,23052,Puno,Carabaya,Macusani
23053.0,23053,Puno,Melgar,Antauta
23054.0,23054,Puno,Melgar,Antauta
23055.0,23055,Puno,Melgar,Antauta
23056.0,23056,Puno,Melgar,Nuñoa
23057.0,23057,Puno,Melgar,Orurillo
23058.0,23058,Puno,Melgar,Orurillo
23059.0,23059,Puno,Melgar,Ayaviri
23060.0,23060,Puno,Melgar,Ayaviri
23061.0,23061,Puno,Lampa,Pucara
23062.0,23062,Puno,Lampa,Pucara
23063.0,23063,Puno,Lampa,Lampa
23064.0,23064,Puno,Lampa,Lampa
23065.0,23065,Puno,Lampa,Lampa
23066.0,23066,Puno,Lampa,Cabanilla
23067.0,23067,Puno,Lampa,Cabanilla
23068.0,23068,Puno,San Roman,Cabanillas
23069.0,23069,Puno,San Roman,Cabanillas
23070.0,23070,Puno,Puno,Mañazo
23071.0,23071,Moquegua,General Sanchez Cerro,Ichuña
23072.0,23072,Moquegua,General Sanchez Cerro,Ichuña
23073.0,23073,Moquegua,General Sanchez Cerro,Ichuña
23074.0,23074,Moquegua,General Sanchez Cerro,Ichuña
23075.0,23075,Moquegua,General Sanchez Cerro,Chojata
23076.0,23076,Moquegua,Mariscal Nieto,Carumas
23077.0,23077,Moquegua,Mariscal Nieto,Carumas
23078.0,23078,Moquegua,Mariscal Nieto,Carumas
23079.0,23079,Moquegua,Mariscal Nieto,Carumas
23080.0,23080,Tacna,Candarave,Candarave
23081.0,23081,Moquegua,Mariscal Nieto,Torata
23082.0,23082,Tacna,Candarave,Camilaca
23083.0,23083,Tacna,Candarave,Camilaca
23084.0,23084,Tacna,Jorge Basadre,Ilabaya
23085.0,23085,Tacna,Jorge Basadre,Ilabaya
23086.0,23086,Tacna,Tacna,Inclan
23087.0,23087,Tacna,Tacna,Inclan
23088.0,23088,Tacna,Tacna,Inclan
23089.0,23089,Tacna,Tacna,Inclan
23090.0,23090,Tacna,Tacna,Tacna
23091.0,23091,Tacna,Tacna,Tacna
23092.0,23092,Tacna,Tacna,La Yarada Los Palos
23093.0,23093,Tacna,Tacna,La Yarada Los Palos
23094.0,23094,Tacna,Tacna,La Yarada Los Palos
23216.0,23216,Ucayali,Purús,Purús
23217.0,23217,Ucayali,Purús,Purús
23218.0,23218,Ucayali,Purús,Purús
23219.0,23219,Ucayali,Purús,Purús
23220.0,23220,Ucayali,Purús,Purús
23221.0,23221,Madre De Dios,Tahuamanu,Iñapari
23222.0,23222,Madre De Dios,Tahuamanu,Iñapari
23223.0,23223,Madre De Dios,Tahuamanu,Iñapari
23224.0,23224,Madre De Dios,Tahuamanu,Iñapari
23225.0,23225,Madre De Dios,Tahuamanu,Iñapari
23226.0,23226,Madre De Dios,Tahuamanu,Iñapari
23227.0,23227,Madre De Dios,Tahuamanu,Iñapari
23228.0,23228,Madre De Dios,Tahuamanu,Iñapari
23229.0,23229,Madre De Dios,Tahuamanu,Iñapari
23230.0,23230,Madre De Dios,Tahuamanu,Iñapari
23231.0,23231,Madre De Dios,Tahuamanu,Iñapari
23232.0,23232,Madre De Dios,Tahuamanu,Iñapari
23233.0,23233,Madre De Dios,Tahuamanu,Iñapari
23234.0,23234,Madre De Dios,Tahuamanu,Iñapari
23235.0,23235,Madre De Dios,Tahuamanu,Tahuamanu
23236.0,23236,Madre De Dios,Tambopata,Las Piedras
23237.0,23237,Madre De Dios,Tambopata,Las Piedras
23238.0,23238,Madre De Dios,Tambopata,Tambopata
23239.0,23239,Madre De Dios,Tambopata,Tambopata
23240.0,23240,Madre De Dios,Tambopata,Tambopata
23241.0,23241,Madre De Dios,Tambopata,Tambopata
23242.0,23242,Madre De Dios,Tambopata,Laberinto
23243.0,23243,Madre De Dios,Manu,Madre De Dios
23244.0,23244,Madre De Dios,Manu,Madre De Dios
23245.0,23245,Madre De Dios,Manu,Madre De Dios
23246.0,23246,Madre De Dios,Manu,Madre De Dios
23247.0,23247,Madre De Dios,Manu,Madre De Dios
23248.0,23248,Madre De Dios,Manu,Madre De Dios
23249.0,23249,Madre De Dios,Manu,Madre De Dios
23250.0,23250,Madre De Dios,Tambopata,Inambari
23251.0,23251,Madre De Dios,Tambopata,Inambari
23252.0,23252,Madre De Dios,Tambopata,Inambari
23253.0,23253,Puno,Carabaya,Ayapata
23254.0,23254,Puno,Carabaya,Ayapata
23255.0,23255,Puno,Carabaya,San Gaban
23256.0,23256,Puno,Carabaya,San Gaban
23257.0,23257,Puno,Carabaya,Ayapata
23258.0,23258,Puno,Carabaya,Ayapata
23259.0,23259,Puno,Carabaya,Ayapata
23260.0,23260,Puno,Carabaya,Macusani
23261.0,23261,Puno,Carabaya,Macusani
23262.0,23262,Puno,Carabaya,Macusani
23263.0,23263,Puno,Melgar,Antauta
23264.0,23264,Puno,Melgar,Antauta
23265.0,23265,Puno,Melgar,Antauta
23266.0,23266,Puno,Azangaro,San Anton
23267.0,23267,Puno,Azangaro,Asillo
23268.0,23268,Puno,Azangaro,Asillo
23269.0,23269,Puno,Azangaro,Asillo
23270.0,23270,Puno,Azangaro,Tirapata
23271.0,23271,Puno,Azangaro,Jose Domingo Choquehuanca
23272.0,23272,Puno,Lampa,Pucara
23273.0,23273,Puno,Lampa,Lampa
23274.0,23274,Puno,Lampa,Lampa
23275.0,23275,Puno,Lampa,Lampa
23276.0,23276,Puno,Lampa,Cabanilla
23277.0,23277,Puno,San Roman,Cabanillas
23278.0,23278,Puno,Puno,Mañazo
23279.0,23279,Puno,Puno,Mañazo
23280.0,23280,Puno,Puno,Tiquillaca
23281.0,23281,Puno,Puno,San Antonio
23282.0,23282,Puno,Puno,San Antonio
23283.0,23283,Moquegua,General Sanchez Cerro,Ichuña
23284.0,23284,Moquegua,General Sanchez Cerro,Ichuña
23285.0,23285,Moquegua,General Sanchez Cerro,Chojata
23286.0,23286,Moquegua,Mariscal Nieto,Carumas
23287.0,23287,Moquegua,Mariscal Nieto,Carumas
23288.0,23288,Moquegua,Mariscal Nieto,Carumas
23289.0,23289,Tacna,Candarave,Candarave
23290.0,23290,Tacna,Candarave,Candarave
23291.0,23291,Tacna,Candarave,Cairani
23292.0,23292,Tacna,Candarave,Cairani
23293.0,23293,Tacna,Candarave,Cairani
23294.0,23294,Tacna,Candarave,Huanuara
23295.0,23295,Tacna,Candarave,Curibaya
23296.0,23296,Tacna,Tacna,Inclan
23297.0,23297,Tacna,Tacna,Inclan
23298.0,23298,Tacna,Tacna,Inclan
23299.0,23299,Tacna,Tacna,Alto De La Alianza
23300.0,23300,Tacna,Tacna,Tacna
23301.0,23301,Tacna,Tacna,Tacna
23302.0,23302,Tacna,Tacna,La Yarada Los Palos
23303.0,23303,Tacna,Tacna,La Yarada Los Palos
23304.0,23304,Tacna,Tacna,La Yarada Los Palos
23427.0,23427,Ucayali,Purús,Purús
23428.0,23428,Ucayali,Purús,Purús
23429.0,23429,Ucayali,Purús,Purús
23430.0,23430,Ucayali,Purús,Purús
23431.0,23431,Madre De Dios,Tahuamanu,Iñapari
23432.0,23432,Madre De Dios,Tahuamanu,Iñapari
23433.0,23433,Madre De Dios,Tahuamanu,Iñapari
23434.0,23434,Madre De Dios,Tahuamanu,Iñapari
23435.0,23435,Madre De Dios,Tahuamanu,Iñapari
23436.0,23436,Madre De Dios,Tahuamanu,Iñapari
23437.0,23437,Madre De Dios,Tahuamanu,Iñapari
23438.0,23438,Madre De Dios,Tahuamanu,Iñapari
23439.0,23439,Madre De Dios,Tahuamanu,Iñapari
23440.0,23440,Madre De Dios,Tahuamanu,Iñapari
23441.0,23441,Madre De Dios,Tahuamanu,Iñapari
23442.0,23442,Madre De Dios,Tahuamanu,Iñapari
23443.0,23443,Madre De Dios,Tahuamanu,Iñapari
23444.0,23444,Madre De Dios,Tahuamanu,Iñapari
23445.0,23445,Madre De Dios,Tahuamanu,Iñapari
23446.0,23446,Madre De Dios,Tambopata,Las Piedras
23447.0,23447,Madre De Dios,Tambopata,Las Piedras
23448.0,23448,Madre De Dios,Tambopata,Las Piedras
23449.0,23449,Madre De Dios,Tambopata,Tambopata
23450.0,23450,Madre De Dios,Tambopata,Tambopata
23451.0,23451,Madre De Dios,Tambopata,Tambopata
23452.0,23452,Madre De Dios,Tambopata,Tambopata
23453.0,23453,Madre De Dios,Tambopata,Tambopata
23454.0,23454,Madre De Dios,Tambopata,Laberinto
23455.0,23455,Madre De Dios,Manu,Madre De Dios
23456.0,23456,Madre De Dios,Manu,Madre De Dios
23457.0,23457,Madre De Dios,Manu,Madre De Dios
23458.0,23458,Madre De Dios,Tambopata,Inambari
23459.0,23459,Madre De Dios,Tambopata,Inambari
23460.0,23460,Madre De Dios,Tambopata,Inambari
23461.0,23461,Madre De Dios,Tambopata,Inambari
23462.0,23462,Madre De Dios,Tambopata,Inambari
23463.0,23463,Puno,Carabaya,Ayapata
23464.0,23464,Puno,Carabaya,Ayapata
23465.0,23465,Puno,Carabaya,San Gaban
23466.0,23466,Puno,Carabaya,Ayapata
23467.0,23467,Puno,Carabaya,Ayapata
23468.0,23468,Puno,Carabaya,Ayapata
23469.0,23469,Puno,Carabaya,Ituata
23470.0,23470,Puno,Carabaya,Ituata
23471.0,23471,Puno,Carabaya,Ituata
23472.0,23472,Puno,Carabaya,Ajoyani
23473.0,23473,Puno,Carabaya,Ajoyani
23474.0,23474,Puno,Azangaro,Potoni
23475.0,23475,Puno,Azangaro,San Anton
23476.0,23476,Puno,Azangaro,San Anton
23477.0,23477,Puno,Azangaro,San Anton
23478.0,23478,Puno,Azangaro,San Jose
23479.0,23479,Puno,Azangaro,Azangaro
23480.0,23480,Puno,Azangaro,Azangaro
23481.0,23481,Puno,Azangaro,Santiago De Pupuja
23482.0,23482,Puno,Azangaro,Santiago De Pupuja
23483.0,23483,Puno,Lampa,Nicasio
23484.0,23484,Puno,San Roman,Juliaca
23485.0,23485,Puno,San Roman,Juliaca
23486.0,23486,Puno,San Roman,Juliaca
23487.0,23487,Puno,San Roman,Cabana
23488.0,23488,Puno,Puno,Vilque
23489.0,23489,Puno,Puno,Vilque
23490.0,23490,Puno,Puno,Tiquillaca
23491.0,23491,Puno,Puno,San Antonio
23492.0,23492,Puno,Puno,Pichacani
23493.0,23493,Puno,Puno,Pichacani
23494.0,23494,Puno,Puno,Pichacani
23495.0,23495,Puno,Puno,Pichacani
23496.0,23496,Moquegua,Mariscal Nieto,Carumas
23497.0,23497,Moquegua,Mariscal Nieto,Carumas
23498.0,23498,Moquegua,Mariscal Nieto,Carumas
23499.0,23499,Tacna,Candarave,Candarave
23500.0,23500,Moquegua,Mariscal Nieto,Carumas
23501.0,23501,Tacna,Candarave,Candarave
23502.0,23502,Tacna,Candarave,Candarave
23503.0,23503,Tacna,Candarave,Candarave
23504.0,23504,Tacna,Candarave,Quilahuani
23505.0,23505,Tacna,Tarata,Heroes Albarracin
23506.0,23506,Tacna,Tarata,Heroes Albarracin
23507.0,23507,Tacna,Tacna,Inclan
23508.0,23508,Tacna,Tacna,Inclan
23509.0,23509,Tacna,Tacna,Alto De La Alianza
23510.0,23510,Tacna,Tacna,Ciudad Nueva
23511.0,23511,Tacna,Tacna,Coronel Gregorio Albarracin Lanchipa
23512.0,23512,Tacna,Tacna,Coronel Gregorio Albarracin Lanchipa
23513.0,23513,Tacna,Tacna,Tacna
23514.0,23514,Tacna,Tacna,Tacna
23637.0,23637,Ucayali,Purús,Purús
23638.0,23638,Ucayali,Purús,Purús
23639.0,23639,Ucayali,Purús,Purús
23640.0,23640,Ucayali,Purús,Purús
23641.0,23641,Madre De Dios,Tahuamanu,Iñapari
23642.0,23642,Madre De Dios,Tahuamanu,Iñapari
23643.0,23643,Madre De Dios,Tahuamanu,Iñapari
23644.0,23644,Madre De Dios,Tahuamanu,Iñapari
23645.0,23645,Madre De Dios,Tahuamanu,Iñapari
23646.0,23646,Madre De Dios,Tahuamanu,Iñapari
23647.0,23647,Madre De Dios,Tahuamanu,Iñapari
23648.0,23648,Madre De Dios,Tahuamanu,Iñapari
23649.0,23649,Madre De Dios,Tahuamanu,Iñapari
23650.0,23650,Madre De Dios,Tahuamanu,Iñapari
23651.0,23651,Madre De Dios,Tahuamanu,Iñapari
23652.0,23652,Madre De Dios,Tahuamanu,Iñapari
23653.0,23653,Madre De Dios,Tahuamanu,Iñapari
23654.0,23654,Madre De Dios,Tahuamanu,Iñapari
23655.0,23655,Madre De Dios,Tahuamanu,Iberia
23656.0,23656,Madre De Dios,Tahuamanu,Tahuamanu
23657.0,23657,Madre De Dios,Tambopata,Las Piedras
23658.0,23658,Madre De Dios,Tambopata,Las Piedras
23659.0,23659,Madre De Dios,Tambopata,Las Piedras
23660.0,23660,Madre De Dios,Tambopata,Tambopata
23661.0,23661,Madre De Dios,Tambopata,Tambopata
23662.0,23662,Madre De Dios,Tambopata,Tambopata
23663.0,23663,Madre De Dios,Tambopata,Tambopata
23664.0,23664,Madre De Dios,Tambopata,Tambopata
23665.0,23665,Madre De Dios,Tambopata,Laberinto
23666.0,23666,Madre De Dios,Manu,Madre De Dios
23667.0,23667,Madre De Dios,Manu,Madre De Dios
23668.0,23668,Madre De Dios,Tambopata,Inambari
23669.0,23669,Madre De Dios,Tambopata,Inambari
23670.0,23670,Madre De Dios,Tambopata,Inambari
23671.0,23671,Madre De Dios,Tambopata,Inambari
23672.0,23672,Madre De Dios,Tambopata,Inambari
23673.0,23673,Puno,Carabaya,Ayapata
23674.0,23674,Puno,Carabaya,Ayapata
23675.0,23675,Puno,Carabaya,Ayapata
23676.0,23676,Puno,Carabaya,Ayapata
23677.0,23677,Puno,Carabaya,Ayapata
23678.0,23678,Puno,Carabaya,Ituata
23679.0,23679,Puno,Carabaya,Ituata
23680.0,23680,Puno,Carabaya,Ituata
23681.0,23681,Puno,Carabaya,Coasa
23682.0,23682,Puno,Carabaya,Ajoyani
23683.0,23683,Puno,Carabaya,Crucero
23684.0,23684,Puno,Azangaro,Potoni
23685.0,23685,Puno,Azangaro,Potoni
23686.0,23686,Puno,Azangaro,San Jose
23687.0,23687,Puno,Azangaro,San Jose
23688.0,23688,Puno,Azangaro,San Jose
23689.0,23689,Puno,Azangaro,Azangaro
23690.0,23690,Puno,Azangaro,San Juan De Salinas
23691.0,23691,Puno,Azangaro,Arapa
23692.0,23692,Puno,Azangaro,Arapa
23693.0,23693,Puno,Azangaro,Achaya
23694.0,23694,Puno,San Roman,San Miguel
23695.0,23695,Puno,San Roman,Juliaca
23696.0,23696,Puno,San Roman,Caracoto
23697.0,23697,Puno,San Roman,Caracoto
23698.0,23698,Puno,Puno,Paucarcolla
23699.0,23699,Puno,Puno,Tiquillaca
23700.0,23700,Puno,Puno,Puno
23701.0,23701,Puno,Puno,Pichacani
23702.0,23702,Puno,Puno,Pichacani
23703.0,23703,Puno,Puno,Pichacani
23704.0,23704,Puno,Puno,Pichacani
23705.0,23705,Puno,Puno,Pichacani
23706.0,23706,Puno,Puno,Acora
23707.0,23707,Moquegua,Mariscal Nieto,Carumas
23708.0,23708,Moquegua,Mariscal Nieto,Carumas
23709.0,23709,Moquegua,Mariscal Nieto,Carumas
23710.0,23710,Tacna,Candarave,Candarave
23711.0,23711,Tacna,Candarave,Candarave
23712.0,23712,Tacna,Candarave,Candarave
23713.0,23713,Tacna,Candarave,Candarave
23714.0,23714,Tacna,Tarata,Sitajara
23715.0,23715,Tacna,Tarata,Sitajara
23716.0,23716,Tacna,Tarata,Heroes Albarracin
23717.0,23717,Tacna,Tacna,Alto De La Alianza
23718.0,23718,Tacna,Tarata,Estique
23719.0,23719,Tacna,Tacna,Pachia
23720.0,23720,Tacna,Tacna,Calana
23721.0,23721,Tacna,Tacna,Pocollay
23722.0,23722,Tacna,Tacna,Tacna
23723.0,23723,Tacna,Tacna,Tacna
23724.0,23724,Tacna,Tacna,Tacna
23848.0,23848,Ucayali,Purús,Purús
23849.0,23849,Ucayali,Purús,Purús
23850.0,23850,Ucayali,Purús,Purús
23851.0,23851,Madre De Dios,Tahuamanu,Iñapari
23852.0,23852,Madre De Dios,Tahuamanu,Iñapari
23853.0,23853,Madre De Dios,Tahuamanu,Iñapari
23854.0,23854,Madre De Dios,Tahuamanu,Iñapari
23855.0,23855,Madre De Dios,Tahuamanu,Iñapari
23856.0,23856,Madre De Dios,Tahuamanu,Iñapari
23857.0,23857,Madre De Dios,Tahuamanu,Iñapari
23858.0,23858,Madre De Dios,Tahuamanu,Iñapari
23859.0,23859,Madre De Dios,Tahuamanu,Iñapari
23860.0,23860,Madre De Dios,Tahuamanu,Iñapari
23861.0,23861,Madre De Dios,Tahuamanu,Iñapari
23862.0,23862,Madre De Dios,Tahuamanu,Iñapari
23863.0,23863,Madre De Dios,Tahuamanu,Iñapari
23864.0,23864,Madre De Dios,Tahuamanu,Iñapari
23865.0,23865,Madre De Dios,Tahuamanu,Iberia
23866.0,23866,Madre De Dios,Tahuamanu,Tahuamanu
23867.0,23867,Madre De Dios,Tahuamanu,Tahuamanu
23868.0,23868,Madre De Dios,Tambopata,Las Piedras
23869.0,23869,Madre De Dios,Tambopata,Las Piedras
23870.0,23870,Madre De Dios,Tambopata,Tambopata
23871.0,23871,Madre De Dios,Tambopata,Tambopata
23872.0,23872,Madre De Dios,Tambopata,Tambopata
23873.0,23873,Madre De Dios,Tambopata,Tambopata
23874.0,23874,Madre De Dios,Tambopata,Tambopata
23875.0,23875,Madre De Dios,Tambopata,Laberinto
23876.0,23876,Madre De Dios,Tambopata,Laberinto
23877.0,23877,Madre De Dios,Tambopata,Inambari
23878.0,23878,Madre De Dios,Tambopata,Inambari
23879.0,23879,Madre De Dios,Tambopata,Inambari
23880.0,23880,Madre De Dios,Tambopata,Inambari
23881.0,23881,Madre De Dios,Tambopata,Inambari
23882.0,23882,Madre De Dios,Tambopata,Inambari
23883.0,23883,Madre De Dios,Tambopata,Inambari
23884.0,23884,Puno,Carabaya,Coasa
23885.0,23885,Puno,Carabaya,Coasa
23886.0,23886,Puno,Carabaya,Ayapata
23887.0,23887,Puno,Carabaya,Ituata
23888.0,23888,Puno,Carabaya,Ituata
23889.0,23889,Puno,Carabaya,Ituata
23890.0,23890,Puno,Carabaya,Coasa
23891.0,23891,Puno,Carabaya,Coasa
23892.0,23892,Puno,Carabaya,Usicayos
23893.0,23893,Puno,Carabaya,Crucero
23894.0,23894,Puno,Carabaya,Crucero
23895.0,23895,Puno,Azangaro,Potoni
23896.0,23896,Puno,Azangaro,Muñani
23897.0,23897,Puno,Azangaro,Muñani
23898.0,23898,Puno,Azangaro,Muñani
23899.0,23899,Puno,Azangaro,Azangaro
23900.0,23900,Puno,Azangaro,Azangaro
23901.0,23901,Puno,Azangaro,Arapa
23902.0,23902,Puno,Azangaro,Arapa
23903.0,23903,Puno,Azangaro,Saman
23904.0,23904,Puno,Azangaro,Saman
23905.0,23905,Puno,San Roman,Caracoto
23906.0,23906,Puno,San Roman,Caracoto
23907.0,23907,Puno,Puno,Paucarcolla
23908.0,23908,Puno,Puno,Paucarcolla
23909.0,23909,Puno,Puno,Puno
23910.0,23910,Puno,Puno,Puno
23911.0,23911,Puno,Puno,Pichacani
23912.0,23912,Puno,Puno,Pichacani
23913.0,23913,Puno,Puno,Pichacani
23914.0,23914,Puno,Puno,Acora
23915.0,23915,Puno,Puno,Acora
23916.0,23916,Puno,Puno,Acora
23917.0,23917,Moquegua,Mariscal Nieto,Carumas
23918.0,23918,Moquegua,Mariscal Nieto,Carumas
23919.0,23919,Puno,El Collao,Santa Rosa
23920.0,23920,Puno,El Collao,Santa Rosa
23921.0,23921,Puno,El Collao,Santa Rosa
23922.0,23922,Tacna,Tarata,Susapaya
23923.0,23923,Tacna,Tarata,Susapaya
23924.0,23924,Tacna,Tarata,Sitajara
23925.0,23925,Tacna,Tarata,Ticaco
23926.0,23926,Tacna,Tarata,Estique Pampa
23927.0,23927,Tacna,Tarata,Estique
23928.0,23928,Tacna,Tacna,Pachia
23929.0,23929,Tacna,Tacna,Pachia
23930.0,23930,Tacna,Tacna,Pachia
23931.0,23931,Tacna,Tacna,Pocollay
23932.0,23932,Tacna,Tacna,Tacna
23933.0,23933,Tacna,Tacna,Tacna
24059.0,24059,Ucayali,Purús,Purús
24060.0,24060,Ucayali,Purús,Purús
24061.0,24061,Ucayali,Purús,Purús
24062.0,24062,Madre De Dios,Tahuamanu,Iñapari
24063.0,24063,Madre De Dios,Tahuamanu,Iñapari
24064.0,24064,Madre De Dios,Tahuamanu,Iñapari
24065.0,24065,Madre De Dios,Tahuamanu,Iñapari
24066.0,24066,Madre De Dios,Tahuamanu,Iñapari
24067.0,24067,Madre De Dios,Tahuamanu,Iñapari
24068.0,24068,Madre De Dios,Tahuamanu,Iñapari
24069.0,24069,Madre De Dios,Tahuamanu,Iñapari
24070.0,24070,Madre De Dios,Tahuamanu,Iñapari
24071.0,24071,Madre De Dios,Tahuamanu,Iñapari
24072.0,24072,Madre De Dios,Tahuamanu,Iñapari
24073.0,24073,Madre De Dios,Tahuamanu,Iñapari
24074.0,24074,Madre De Dios,Tahuamanu,Iñapari
24075.0,24075,Madre De Dios,Tahuamanu,Iberia
24076.0,24076,Madre De Dios,Tahuamanu,Tahuamanu
24077.0,24077,Madre De Dios,Tahuamanu,Tahuamanu
24078.0,24078,Madre De Dios,Tambopata,Las Piedras
24079.0,24079,Madre De Dios,Tambopata,Las Piedras
24080.0,24080,Madre De Dios,Tambopata,Las Piedras
24081.0,24081,Madre De Dios,Tambopata,Las Piedras
24082.0,24082,Madre De Dios,Tambopata,Tambopata
24083.0,24083,Madre De Dios,Tambopata,Tambopata
24084.0,24084,Madre De Dios,Tambopata,Tambopata
24085.0,24085,Madre De Dios,Tambopata,Laberinto
24086.0,24086,Madre De Dios,Tambopata,Laberinto
24087.0,24087,Madre De Dios,Tambopata,Laberinto
24088.0,24088,Madre De Dios,Tambopata,Inambari
24089.0,24089,Madre De Dios,Tambopata,Inambari
24090.0,24090,Madre De Dios,Tambopata,Inambari
24091.0,24091,Madre De Dios,Tambopata,Inambari
24092.0,24092,Madre De Dios,Tambopata,Inambari
24093.0,24093,Madre De Dios,Tambopata,Inambari
24094.0,24094,Puno,Carabaya,Coasa
24095.0,24095,Puno,Carabaya,Coasa
24096.0,24096,Puno,Carabaya,Coasa
24097.0,24097,Puno,Carabaya,Ituata
24098.0,24098,Puno,Carabaya,Ituata
24099.0,24099,Puno,Carabaya,Coasa
24100.0,24100,Puno,Carabaya,Coasa
24101.0,24101,Puno,Carabaya,Usicayos
24102.0,24102,Puno,Carabaya,Usicayos
24103.0,24103,Puno,Carabaya,Usicayos
24104.0,24104,Puno,Carabaya,Crucero
24105.0,24105,Puno,Azangaro,Potoni
24106.0,24106,Puno,San Antonio De Putina,Putina
24107.0,24107,Puno,Azangaro,Muñani
24108.0,24108,Puno,Azangaro,Muñani
24109.0,24109,Puno,Azangaro,Muñani
24110.0,24110,Puno,San Antonio De Putina,Pedro Vilca Apaza
24111.0,24111,Puno,San Antonio De Putina,Pedro Vilca Apaza
24112.0,24112,Puno,Azangaro,Chupa
24113.0,24113,Puno,Azangaro,Saman
24114.0,24114,Puno,Huancane,Taraco
24115.0,24115,Puno,Huancane,Pusi
24116.0,24116,Puno,Puno,Coata
24117.0,24117,Puno,Puno,Huata
24118.0,24118,Puno,Puno,Paucarcolla
24119.0,24119,Puno,Puno,Puno
24120.0,24120,Puno,Puno,Chucuito
24121.0,24121,Puno,Puno,Plateria
24122.0,24122,Puno,Puno,Acora
24123.0,24123,Puno,Puno,Acora
24124.0,24124,Puno,Puno,Acora
24125.0,24125,Puno,Puno,Acora
24126.0,24126,Puno,El Collao,Santa Rosa
24127.0,24127,Puno,El Collao,Santa Rosa
24128.0,24128,Puno,El Collao,Santa Rosa
24129.0,24129,Puno,El Collao,Santa Rosa
24130.0,24130,Puno,El Collao,Santa Rosa
24131.0,24131,Puno,El Collao,Santa Rosa
24132.0,24132,Puno,El Collao,Santa Rosa
24133.0,24133,Tacna,Tarata,Ticaco
24134.0,24134,Tacna,Tarata,Ticaco
24135.0,24135,Tacna,Tarata,Tarata
24136.0,24136,Tacna,Tarata,Estique
24137.0,24137,Tacna,Tacna,Pachia
24138.0,24138,Tacna,Tacna,Palca
24139.0,24139,Tacna,Tacna,Palca
24140.0,24140,Tacna,Tacna,Pocollay
24141.0,24141,Tacna,Tacna,Tacna
24142.0,24142,Tacna,Tacna,Tacna
24143.0,24143,Tacna,Tacna,Tacna
24270.0,24270,Ucayali,Purús,Purús
24271.0,24271,Ucayali,Purús,Purús
24272.0,24272,Madre De Dios,Tahuamanu,Iñapari
24273.0,24273,Madre De Dios,Tahuamanu,Iñapari
24274.0,24274,Madre De Dios,Tahuamanu,Iñapari
24275.0,24275,Madre De Dios,Tahuamanu,Iñapari
24276.0,24276,Madre De Dios,Tahuamanu,Iñapari
24277.0,24277,Madre De Dios,Tahuamanu,Iñapari
24278.0,24278,Madre De Dios,Tahuamanu,Iñapari
24279.0,24279,Madre De Dios,Tahuamanu,Iñapari
24280.0,24280,Madre De Dios,Tahuamanu,Iñapari
24281.0,24281,Madre De Dios,Tahuamanu,Iñapari
24282.0,24282,Madre De Dios,Tahuamanu,Iñapari
24283.0,24283,Madre De Dios,Tahuamanu,Iñapari
24284.0,24284,Madre De Dios,Tahuamanu,Iberia
24285.0,24285,Madre De Dios,Tahuamanu,Iberia
24286.0,24286,Madre De Dios,Tahuamanu,Iberia
24287.0,24287,Madre De Dios,Tahuamanu,Tahuamanu
24288.0,24288,Madre De Dios,Tahuamanu,Tahuamanu
24289.0,24289,Madre De Dios,Tambopata,Las Piedras
24290.0,24290,Madre De Dios,Tambopata,Las Piedras
24291.0,24291,Madre De Dios,Tambopata,Tambopata
24292.0,24292,Madre De Dios,Tambopata,Tambopata
24293.0,24293,Madre De Dios,Tambopata,Tambopata
24294.0,24294,Madre De Dios,Tambopata,Tambopata
24295.0,24295,Madre De Dios,Tambopata,Tambopata
24296.0,24296,Madre De Dios,Tambopata,Laberinto
24297.0,24297,Madre De Dios,Tambopata,Laberinto
24298.0,24298,Madre De Dios,Tambopata,Inambari
24299.0,24299,Madre De Dios,Tambopata,Inambari
24300.0,24300,Madre De Dios,Tambopata,Inambari
24301.0,24301,Madre De Dios,Tambopata,Inambari
24302.0,24302,Madre De Dios,Tambopata,Inambari
24303.0,24303,Madre De Dios,Tambopata,Inambari
24304.0,24304,Puno,Carabaya,Coasa
24305.0,24305,Puno,Carabaya,Coasa
24306.0,24306,Puno,Carabaya,Coasa
24307.0,24307,Puno,Carabaya,Coasa
24308.0,24308,Puno,Carabaya,Coasa
24309.0,24309,Puno,Carabaya,Coasa
24310.0,24310,Puno,Carabaya,Coasa
24311.0,24311,Puno,Carabaya,Usicayos
24312.0,24312,Puno,Carabaya,Usicayos
24313.0,24313,Puno,Carabaya,Usicayos
24314.0,24314,Puno,Carabaya,Crucero
24315.0,24315,Puno,San Antonio De Putina,Putina
24316.0,24316,Puno,San Antonio De Putina,Putina
24317.0,24317,Puno,San Antonio De Putina,Putina
24318.0,24318,Puno,Azangaro,Muñani
24319.0,24319,Puno,San Antonio De Putina,Putina
24320.0,24320,Puno,San Antonio De Putina,Putina
24321.0,24321,Puno,Huancane,Huatasani
24322.0,24322,Puno,Huancane,Huancane
24323.0,24323,Puno,Huancane,Huancane
24324.0,24324,Puno,Huancane,Taraco
24325.0,24325,Puno,Puno,Capachica
24326.0,24326,Puno,Puno,Capachica
24327.0,24327,Puno,Puno,Capachica
24328.0,24328,Puno,Puno,Chucuito
24329.0,24329,Puno,Puno,Chucuito
24330.0,24330,Puno,Puno,Plateria
24331.0,24331,Puno,Puno,Plateria
24332.0,24332,Puno,Puno,Acora
24333.0,24333,Puno,Puno,Acora
24334.0,24334,Puno,Puno,Acora
24335.0,24335,Puno,El Collao,Ilave
24336.0,24336,Puno,El Collao,Santa Rosa
24337.0,24337,Puno,El Collao,Santa Rosa
24338.0,24338,Puno,El Collao,Santa Rosa
24339.0,24339,Puno,El Collao,Santa Rosa
24340.0,24340,Puno,El Collao,Santa Rosa
24341.0,24341,Puno,El Collao,Santa Rosa
24342.0,24342,Puno,El Collao,Capazo
24343.0,24343,Tacna,Tarata,Ticaco
24344.0,24344,Tacna,Tarata,Tarata
24345.0,24345,Tacna,Tarata,Tarata
24346.0,24346,Tacna,Tacna,Palca
24347.0,24347,Tacna,Tacna,Palca
24348.0,24348,Tacna,Tacna,Palca
24349.0,24349,Tacna,Tacna,Palca
24350.0,24350,Tacna,Tacna,Palca
24351.0,24351,Tacna,Tacna,Tacna
24352.0,24352,Tacna,Tacna,Tacna
24481.0,24481,Ucayali,Purús,Purús
24482.0,24482,Madre De Dios,Tahuamanu,Iñapari
24483.0,24483,Madre De Dios,Tahuamanu,Iñapari
24484.0,24484,Madre De Dios,Tahuamanu,Iñapari
24485.0,24485,Madre De Dios,Tahuamanu,Iñapari
24486.0,24486,Madre De Dios,Tahuamanu,Iñapari
24487.0,24487,Madre De Dios,Tahuamanu,Iñapari
24488.0,24488,Madre De Dios,Tahuamanu,Iñapari
24489.0,24489,Madre De Dios,Tahuamanu,Iñapari
24490.0,24490,Madre De Dios,Tahuamanu,Iñapari
24491.0,24491,Madre De Dios,Tahuamanu,Iñapari
24492.0,24492,Madre De Dios,Tahuamanu,Iñapari
24493.0,24493,Madre De Dios,Tahuamanu,Iberia
24494.0,24494,Madre De Dios,Tahuamanu,Iberia
24495.0,24495,Madre De Dios,Tahuamanu,Iberia
24496.0,24496,Madre De Dios,Tahuamanu,Iberia
24497.0,24497,Madre De Dios,Tahuamanu,Tahuamanu
24498.0,24498,Madre De Dios,Tahuamanu,Tahuamanu
24499.0,24499,Madre De Dios,Tambopata,Las Piedras
24500.0,24500,Madre De Dios,Tambopata,Las Piedras
24501.0,24501,Madre De Dios,Tambopata,Las Piedras
24502.0,24502,Madre De Dios,Tambopata,Tambopata
24503.0,24503,Madre De Dios,Tambopata,Tambopata
24504.0,24504,Madre De Dios,Tambopata,Tambopata
24505.0,24505,Madre De Dios,Tambopata,Tambopata
24506.0,24506,Madre De Dios,Tambopata,Laberinto
24507.0,24507,Madre De Dios,Tambopata,Laberinto
24508.0,24508,Madre De Dios,Tambopata,Laberinto
24509.0,24509,Madre De Dios,Tambopata,Inambari
24510.0,24510,Madre De Dios,Tambopata,Inambari
24511.0,24511,Madre De Dios,Tambopata,Inambari
24512.0,24512,Madre De Dios,Tambopata,Inambari
24513.0,24513,Madre De Dios,Tambopata,Inambari
24514.0,24514,Madre De Dios,Tambopata,Inambari
24515.0,24515,Puno,Carabaya,Coasa
24516.0,24516,Puno,Carabaya,Coasa
24517.0,24517,Puno,Carabaya,Coasa
24518.0,24518,Puno,Sandia,Limbani
24519.0,24519,Puno,Carabaya,Coasa
24520.0,24520,Puno,Carabaya,Coasa
24521.0,24521,Puno,Carabaya,Usicayos
24522.0,24522,Puno,Carabaya,Usicayos
24523.0,24523,Puno,Sandia,Limbani
24524.0,24524,Puno,Carabaya,Crucero
24525.0,24525,Puno,Carabaya,Crucero
24526.0,24526,Puno,San Antonio De Putina,Putina
24527.0,24527,Puno,San Antonio De Putina,Ananea
24528.0,24528,Puno,San Antonio De Putina,Putina
24529.0,24529,Puno,San Antonio De Putina,Putina
24530.0,24530,Puno,San Antonio De Putina,Quilcapuncu
24531.0,24531,Puno,Huancane,Inchupalla
24532.0,24532,Puno,Huancane,Huancane
24533.0,24533,Puno,Huancane,Huancane
24534.0,24534,Puno,Huancane,Huancane
24535.0,24535,Puno,Huancane,Taraco
24536.0,24536,Puno,Puno,Capachica
24537.0,24537,Puno,Puno,Amantani
24538.0,24538,Puno,Puno,Capachica
24539.0,24539,Puno,Puno,Plateria
24540.0,24540,Puno,Puno,Plateria
24541.0,24541,Puno,Puno,Acora
24542.0,24542,Puno,Puno,Acora
24543.0,24543,Puno,El Collao,Ilave
24544.0,24544,Puno,El Collao,Ilave
24545.0,24545,Puno,El Collao,Ilave
24546.0,24546,Puno,El Collao,Conduriri
24547.0,24547,Puno,El Collao,Santa Rosa
24548.0,24548,Puno,El Collao,Santa Rosa
24549.0,24549,Puno,El Collao,Santa Rosa
24550.0,24550,Puno,El Collao,Santa Rosa
24551.0,24551,Puno,El Collao,Capazo
24552.0,24552,Puno,El Collao,Capazo
24553.0,24553,Puno,El Collao,Capazo
24554.0,24554,Tacna,Tarata,Tarata
24555.0,24555,Tacna,Tarata,Tarata
24556.0,24556,Tacna,Tacna,Palca
24557.0,24557,Tacna,Tacna,Palca
24558.0,24558,Tacna,Tacna,Palca
24559.0,24559,Tacna,Tacna,Palca
24560.0,24560,Tacna,Tacna,Palca
24561.0,24561,Tacna,Tacna,Tacna
24691.0,24691,Madre De Dios,Tahuamanu,Iñapari
24692.0,24692,Madre De Dios,Tahuamanu,Iñapari
24693.0,24693,Madre De Dios,Tahuamanu,Iñapari
24694.0,24694,Madre De Dios,Tahuamanu,Iñapari
24695.0,24695,Madre De Dios,Tahuamanu,Iñapari
24696.0,24696,Madre De Dios,Tahuamanu,Iñapari
24697.0,24697,Madre De Dios,Tahuamanu,Iñapari
24698.0,24698,Madre De Dios,Tahuamanu,Iñapari
24699.0,24699,Madre De Dios,Tahuamanu,Iñapari
24700.0,24700,Madre De Dios,Tahuamanu,Iñapari
24701.0,24701,Madre De Dios,Tahuamanu,Iñapari
24702.0,24702,Madre De Dios,Tahuamanu,Iñapari
24703.0,24703,Madre De Dios,Tahuamanu,Iberia
24704.0,24704,Madre De Dios,Tahuamanu,Iberia
24705.0,24705,Madre De Dios,Tahuamanu,Iberia
24706.0,24706,Madre De Dios,Tahuamanu,Iberia
24707.0,24707,Madre De Dios,Tahuamanu,Tahuamanu
24708.0,24708,Madre De Dios,Tahuamanu,Tahuamanu
24709.0,24709,Madre De Dios,Tambopata,Las Piedras
24710.0,24710,Madre De Dios,Tambopata,Las Piedras
24711.0,24711,Madre De Dios,Tambopata,Las Piedras
24712.0,24712,Madre De Dios,Tambopata,Tambopata
24713.0,24713,Madre De Dios,Tambopata,Tambopata
24714.0,24714,Madre De Dios,Tambopata,Tambopata
24715.0,24715,Madre De Dios,Tambopata,Tambopata
24716.0,24716,Madre De Dios,Tambopata,Laberinto
24717.0,24717,Madre De Dios,Tambopata,Laberinto
24718.0,24718,Madre De Dios,Tambopata,Laberinto
24719.0,24719,Madre De Dios,Tambopata,Laberinto
24720.0,24720,Madre De Dios,Tambopata,Inambari
24721.0,24721,Madre De Dios,Tambopata,Inambari
24722.0,24722,Madre De Dios,Tambopata,Inambari
24723.0,24723,Madre De Dios,Tambopata,Inambari
24724.0,24724,Puno,Sandia,Limbani
24725.0,24725,Puno,Sandia,Limbani
24726.0,24726,Puno,Sandia,Limbani
24727.0,24727,Puno,Sandia,Limbani
24728.0,24728,Puno,Sandia,Limbani
24729.0,24729,Puno,Sandia,Limbani
24730.0,24730,Puno,Sandia,Limbani
24731.0,24731,Puno,Sandia,Limbani
24732.0,24732,Puno,Sandia,Phara
24733.0,24733,Puno,Sandia,Patambuco
24734.0,24734,Puno,Sandia,Patambuco
24735.0,24735,Puno,Sandia,Cuyocuyo
24736.0,24736,Puno,Sandia,Cuyocuyo
24737.0,24737,Puno,San Antonio De Putina,Ananea
24738.0,24738,Puno,San Antonio De Putina,Quilcapuncu
24739.0,24739,Puno,San Antonio De Putina,Quilcapuncu
24740.0,24740,Puno,Huancane,Inchupalla
24741.0,24741,Puno,Huancane,Inchupalla
24742.0,24742,Puno,Huancane,Vilque Chico
24743.0,24743,Puno,Huancane,Vilque Chico
24744.0,24744,Puno,Moho,Moho
24745.0,24745,Puno,Moho,Moho
24746.0,24746,Puno,Puno,Amantani
24747.0,24747,Puno,Puno,Amantani
24748.0,24748,Puno,Puno,Amantani
24749.0,24749,Puno,Puno,Amantani
24750.0,24750,Puno,Puno,Acora
24751.0,24751,Puno,El Collao,Ilave
24752.0,24752,Puno,El Collao,Ilave
24753.0,24753,Puno,El Collao,Ilave
24754.0,24754,Puno,Chucuito,Juli
24755.0,24755,Puno,El Collao,Conduriri
24756.0,24756,Puno,El Collao,Conduriri
24757.0,24757,Puno,El Collao,Conduriri
24758.0,24758,Puno,El Collao,Santa Rosa
24759.0,24759,Puno,El Collao,Santa Rosa
24760.0,24760,Puno,El Collao,Capazo
24761.0,24761,Puno,El Collao,Capazo
24762.0,24762,Puno,El Collao,Capazo
24763.0,24763,Puno,El Collao,Capazo
24764.0,24764,Tacna,Tarata,Tarata
24765.0,24765,Tacna,Tacna,Palca
24766.0,24766,Tacna,Tacna,Palca
24767.0,24767,Tacna,Tacna,Palca
24768.0,24768,Tacna,Tacna,Palca
24769.0,24769,Tacna,Tacna,Palca
24770.0,24770,Tacna,Tacna,Palca
24902.0,24902,Madre De Dios,Tahuamanu,Iñapari
24903.0,24903,Madre De Dios,Tahuamanu,Iñapari
24904.0,24904,Madre De Dios,Tahuamanu,Iñapari
24905.0,24905,Madre De Dios,Tahuamanu,Iñapari
24906.0,24906,Madre De Dios,Tahuamanu,Iñapari
24907.0,24907,Madre De Dios,Tahuamanu,Iñapari
24908.0,24908,Madre De Dios,Tahuamanu,Iñapari
24909.0,24909,Madre De Dios,Tahuamanu,Iñapari
24910.0,24910,Madre De Dios,Tahuamanu,Iñapari
24911.0,24911,Madre De Dios,Tahuamanu,Iñapari
24912.0,24912,Madre De Dios,Tahuamanu,Iñapari
24913.0,24913,Madre De Dios,Tahuamanu,Iberia
24914.0,24914,Madre De Dios,Tahuamanu,Iberia
24915.0,24915,Madre De Dios,Tahuamanu,Iberia
24916.0,24916,Madre De Dios,Tahuamanu,Iberia
24917.0,24917,Madre De Dios,Tahuamanu,Iberia
24918.0,24918,Madre De Dios,Tahuamanu,Tahuamanu
24919.0,24919,Madre De Dios,Tambopata,Las Piedras
24920.0,24920,Madre De Dios,Tambopata,Las Piedras
24921.0,24921,Madre De Dios,Tambopata,Tambopata
24922.0,24922,Madre De Dios,Tambopata,Tambopata
24923.0,24923,Madre De Dios,Tambopata,Tambopata
24924.0,24924,Madre De Dios,Tambopata,Tambopata
24925.0,24925,Madre De Dios,Tambopata,Tambopata
24926.0,24926,Madre De Dios,Tambopata,Laberinto
24927.0,24927,Madre De Dios,Tambopata,Laberinto
24928.0,24928,Madre De Dios,Tambopata,Laberinto
24929.0,24929,Madre De Dios,Tambopata,Inambari
24930.0,24930,Madre De Dios,Tambopata,Inambari
24931.0,24931,Madre De Dios,Tambopata,Inambari
24932.0,24932,Madre De Dios,Tambopata,Tambopata
24933.0,24933,Madre De Dios,Tambopata,Tambopata
24934.0,24934,Puno,Sandia,San Pedro De Putina Punco
24935.0,24935,Puno,Sandia,Limbani
24936.0,24936,Puno,Sandia,Limbani
24937.0,24937,Puno,Sandia,Limbani
24938.0,24938,Puno,Sandia,Limbani
24939.0,24939,Puno,Sandia,Limbani
24940.0,24940,Puno,Sandia,Phara
24941.0,24941,Puno,Sandia,Phara
24942.0,24942,Puno,Sandia,Phara
24943.0,24943,Puno,Sandia,Patambuco
24944.0,24944,Puno,Sandia,Sandia
24945.0,24945,Puno,Sandia,Cuyocuyo
24946.0,24946,Puno,Sandia,Cuyocuyo
24947.0,24947,Puno,San Antonio De Putina,Ananea
24948.0,24948,Puno,San Antonio De Putina,Ananea
24949.0,24949,Puno,San Antonio De Putina,Quilcapuncu
24950.0,24950,Puno,Huancane,Inchupalla
24951.0,24951,Puno,Huancane,Vilque Chico
24952.0,24952,Puno,Huancane,Vilque Chico
24953.0,24953,Puno,Huancane,Rosaspata
24954.0,24954,Puno,Moho,Moho
24955.0,24955,Puno,Moho,Moho
24956.0,24956,Puno,Moho,Conima
24957.0,24957,Puno,Puno,Amantani
24958.0,24958,Puno,Puno,Amantani
24959.0,24959,Puno,Puno,Amantani
24960.0,24960,Puno,El Collao,Ilave
24961.0,24961,Puno,El Collao,Ilave
24962.0,24962,Puno,El Collao,Pilcuyo
24963.0,24963,Puno,Chucuito,Juli
24964.0,24964,Puno,Chucuito,Juli
24965.0,24965,Puno,El Collao,Conduriri
24966.0,24966,Puno,El Collao,Conduriri
24967.0,24967,Puno,El Collao,Conduriri
24968.0,24968,Puno,El Collao,Santa Rosa
24969.0,24969,Puno,Chucuito,Pisacoma
24970.0,24970,Puno,El Collao,Capazo
24971.0,24971,Puno,El Collao,Capazo
24972.0,24972,Puno,Chucuito,Pisacoma
24973.0,24973,Tacna,Tarata,Tarata
24974.0,24974,Tacna,Tarata,Tarata
24975.0,24975,Tacna,Tacna,Palca
24976.0,24976,Tacna,Tacna,Palca
24977.0,24977,Tacna,Tacna,Palca
24978.0,24978,Tacna,Tacna,Palca
24979.0,24979,Tacna,Tacna,Palca
25113.0,25113,Madre De Dios,Tahuamanu,Iñapari
25114.0,25114,Madre De Dios,Tahuamanu,Iñapari
25115.0,25115,Madre De Dios,Tahuamanu,Iñapari
25116.0,25116,Madre De Dios,Tahuamanu,Iñapari
25117.0,25117,Madre De Dios,Tahuamanu,Iñapari
25118.0,25118,Madre De Dios,Tahuamanu,Iñapari
25119.0,25119,Madre De Dios,Tahuamanu,Iñapari
25120.0,25120,Madre De Dios,Tahuamanu,Iñapari
25121.0,25121,Madre De Dios,Tahuamanu,Iñapari
25122.0,25122,Madre De Dios,Tahuamanu,Iñapari
25123.0,25123,Madre De Dios,Tahuamanu,Iñapari
25124.0,25124,Madre De Dios,Tahuamanu,Iberia
25125.0,25125,Madre De Dios,Tahuamanu,Iberia
25126.0,25126,Madre De Dios,Tahuamanu,Tahuamanu
25127.0,25127,Madre De Dios,Tahuamanu,Tahuamanu
25128.0,25128,Madre De Dios,Tahuamanu,Tahuamanu
25129.0,25129,Madre De Dios,Tahuamanu,Tahuamanu
25130.0,25130,Madre De Dios,Tambopata,Las Piedras
25131.0,25131,Madre De Dios,Tambopata,Las Piedras
25132.0,25132,Madre De Dios,Tambopata,Tambopata
25133.0,25133,Madre De Dios,Tambopata,Tambopata
25134.0,25134,Madre De Dios,Tambopata,Tambopata
25135.0,25135,Madre De Dios,Tambopata,Tambopata
25136.0,25136,Madre De Dios,Tambopata,Tambopata
25137.0,25137,Madre De Dios,Tambopata,Tambopata
25138.0,25138,Madre De Dios,Tambopata,Tambopata
25139.0,25139,Madre De Dios,Tambopata,Tambopata
25140.0,25140,Madre De Dios,Tambopata,Tambopata
25141.0,25141,Madre De Dios,Tambopata,Tambopata
25142.0,25142,Madre De Dios,Tambopata,Tambopata
25143.0,25143,Madre De Dios,Tambopata,Tambopata
25144.0,25144,Puno,Sandia,San Pedro De Putina Punco
25145.0,25145,Puno,Sandia,San Pedro De Putina Punco
25146.0,25146,Puno,Sandia,San Pedro De Putina Punco
25147.0,25147,Puno,Sandia,Limbani
25148.0,25148,Puno,Sandia,Limbani
25149.0,25149,Puno,Sandia,Alto Inambari
25150.0,25150,Puno,Sandia,Alto Inambari
25151.0,25151,Puno,Sandia,Alto Inambari
25152.0,25152,Puno,Sandia,Alto Inambari
25153.0,25153,Puno,Sandia,Sandia
25154.0,25154,Puno,Sandia,Sandia
25155.0,25155,Puno,Sandia,Sandia
25156.0,25156,Puno,Sandia,Cuyocuyo
25157.0,25157,Puno,San Antonio De Putina,Ananea
25158.0,25158,Puno,San Antonio De Putina,Ananea
25159.0,25159,Puno,Huancane,Cojata
25160.0,25160,Puno,Huancane,Cojata
25161.0,25161,Puno,Huancane,Cojata
25162.0,25162,Puno,Huancane,Rosaspata
25163.0,25163,Puno,Moho,Moho
25164.0,25164,Puno,Moho,Moho
25165.0,25165,Puno,Moho,Conima
25166.0,25166,Puno,Moho,Conima
25167.0,25167,Puno,Moho,Conima
25168.0,25168,Puno,Puno,Amantani
25169.0,25169,Puno,El Collao,Ilave
25170.0,25170,Puno,El Collao,Ilave
25171.0,25171,Puno,El Collao,Pilcuyo
25172.0,25172,Puno,Chucuito,Juli
25173.0,25173,Puno,Chucuito,Juli
25174.0,25174,Puno,Chucuito,Juli
25175.0,25175,Puno,Chucuito,Juli
25176.0,25176,Puno,Chucuito,Huacullani
25177.0,25177,Puno,Chucuito,Huacullani
25178.0,25178,Puno,Chucuito,Pisacoma
25179.0,25179,Puno,Chucuito,Pisacoma
25180.0,25180,Puno,Chucuito,Pisacoma
25181.0,25181,Puno,Chucuito,Pisacoma
25182.0,25182,Puno,Chucuito,Pisacoma
25183.0,25183,Tacna,Tarata,Tarata
25184.0,25184,Tacna,Tarata,Tarata
25185.0,25185,Tacna,Tarata,Tarata
25186.0,25186,Tacna,Tacna,Palca
25187.0,25187,Tacna,Tacna,Palca
25188.0,25188,Tacna,Tacna,Palca
25324.0,25324,Madre De Dios,Tahuamanu,Iñapari
25325.0,25325,Madre De Dios,Tahuamanu,Iñapari
25326.0,25326,Madre De Dios,Tahuamanu,Iñapari
25327.0,25327,Madre De Dios,Tahuamanu,Iñapari
25328.0,25328,Madre De Dios,Tahuamanu,Iñapari
25329.0,25329,Madre De Dios,Tahuamanu,Iñapari
25330.0,25330,Madre De Dios,Tahuamanu,Iñapari
25331.0,25331,Madre De Dios,Tahuamanu,Iñapari
25332.0,25332,Madre De Dios,Tahuamanu,Iñapari
25333.0,25333,Madre De Dios,Tahuamanu,Iñapari
25334.0,25334,Madre De Dios,Tahuamanu,Iberia
25335.0,25335,Madre De Dios,Tahuamanu,Tahuamanu
25336.0,25336,Madre De Dios,Tahuamanu,Tahuamanu
25337.0,25337,Madre De Dios,Tahuamanu,Tahuamanu
25338.0,25338,Madre De Dios,Tahuamanu,Tahuamanu
25339.0,25339,Madre De Dios,Tahuamanu,Tahuamanu
25340.0,25340,Madre De Dios,Tambopata,Las Piedras
25341.0,25341,Madre De Dios,Tambopata,Las Piedras
25342.0,25342,Madre De Dios,Tambopata,Las Piedras
25343.0,25343,Madre De Dios,Tambopata,Tambopata
25344.0,25344,Madre De Dios,Tambopata,Tambopata
25345.0,25345,Madre De Dios,Tambopata,Tambopata
25346.0,25346,Madre De Dios,Tambopata,Tambopata
25347.0,25347,Madre De Dios,Tambopata,Tambopata
25348.0,25348,Madre De Dios,Tambopata,Tambopata
25349.0,25349,Madre De Dios,Tambopata,Tambopata
25350.0,25350,Madre De Dios,Tambopata,Tambopata
25351.0,25351,Madre De Dios,Tambopata,Tambopata
25352.0,25352,Madre De Dios,Tambopata,Tambopata
25353.0,25353,Puno,Sandia,San Pedro De Putina Punco
25354.0,25354,Puno,Sandia,San Pedro De Putina Punco
25355.0,25355,Puno,Sandia,San Pedro De Putina Punco
25356.0,25356,Puno,Sandia,San Pedro De Putina Punco
25357.0,25357,Puno,Sandia,San Pedro De Putina Punco
25358.0,25358,Puno,Sandia,Limbani
25359.0,25359,Puno,Sandia,San Pedro De Putina Punco
25360.0,25360,Puno,Sandia,Alto Inambari
25361.0,25361,Puno,Sandia,Alto Inambari
25362.0,25362,Puno,Sandia,Alto Inambari
25363.0,25363,Puno,Sandia,Sandia
25364.0,25364,Puno,Sandia,Quiaca
25365.0,25365,Puno,Sandia,Quiaca
25366.0,25366,Puno,Sandia,Quiaca
25367.0,25367,Puno,San Antonio De Putina,Ananea
25368.0,25368,Puno,San Antonio De Putina,Ananea
25369.0,25369,Puno,Huancane,Cojata
25370.0,25370,Puno,Huancane,Cojata
25371.0,25371,Puno,Huancane,Cojata
25372.0,25372,Puno,Huancane,Cojata
25373.0,25373,Puno,Moho,Huayrapata
25374.0,25374,Puno,Moho,Moho
25375.0,25375,Puno,Moho,Tilali
25376.0,25376,Puno,Moho,Tilali
25377.0,25377,Puno,Moho,Tilali
25378.0,25378,Puno,Moho,Tilali
25379.0,25379,Puno,El Collao,Ilave
25380.0,25380,Puno,El Collao,Pilcuyo
25381.0,25381,Puno,El Collao,Pilcuyo
25382.0,25382,Puno,Chucuito,Juli
25383.0,25383,Puno,Chucuito,Juli
25384.0,25384,Puno,Chucuito,Pomata
25385.0,25385,Puno,Chucuito,Huacullani
25386.0,25386,Puno,Chucuito,Huacullani
25387.0,25387,Puno,Chucuito,Huacullani
25388.0,25388,Puno,Chucuito,Kelluyo
25389.0,25389,Puno,Chucuito,Pisacoma
25390.0,25390,Puno,Chucuito,Pisacoma
25391.0,25391,Puno,Chucuito,Pisacoma
25392.0,25392,Puno,Chucuito,Pisacoma
25393.0,25393,Puno,Chucuito,Pisacoma
25394.0,25394,Tacna,Tarata,Tarata
25395.0,25395,Tacna,Tarata,Tarata
25396.0,25396,Tacna,Tacna,Palca
25397.0,25397,Tacna,Tacna,Palca
25535.0,25535,Madre De Dios,Tahuamanu,Iñapari
25536.0,25536,Madre De Dios,Tahuamanu,Iñapari
25537.0,25537,Madre De Dios,Tahuamanu,Iñapari
25538.0,25538,Madre De Dios,Tahuamanu,Iñapari
25539.0,25539,Madre De Dios,Tahuamanu,Iñapari
25540.0,25540,Madre De Dios,Tahuamanu,Iñapari
25541.0,25541,Madre De Dios,Tahuamanu,Iñapari
25542.0,25542,Madre De Dios,Tahuamanu,Iñapari
25543.0,25543,Madre De Dios,Tahuamanu,Iñapari
25544.0,25544,Madre De Dios,Tahuamanu,Tahuamanu
25545.0,25545,Madre De Dios,Tahuamanu,Tahuamanu
25546.0,25546,Madre De Dios,Tahuamanu,Tahuamanu
25547.0,25547,Madre De Dios,Tahuamanu,Tahuamanu
25548.0,25548,Madre De Dios,Tahuamanu,Tahuamanu
25549.0,25549,Madre De Dios,Tahuamanu,Tahuamanu
25550.0,25550,Madre De Dios,Tambopata,Las Piedras
25551.0,25551,Madre De Dios,Tambopata,Las Piedras
25552.0,25552,Madre De Dios,Tambopata,Las Piedras
25553.0,25553,Madre De Dios,Tambopata,Las Piedras
25554.0,25554,Madre De Dios,Tambopata,Tambopata
25555.0,25555,Madre De Dios,Tambopata,Tambopata
25556.0,25556,Madre De Dios,Tambopata,Tambopata
25557.0,25557,Madre De Dios,Tambopata,Tambopata
25558.0,25558,Madre De Dios,Tambopata,Tambopata
25559.0,25559,Madre De Dios,Tambopata,Tambopata
25560.0,25560,Madre De Dios,Tambopata,Tambopata
25561.0,25561,Madre De Dios,Tambopata,Tambopata
25562.0,25562,Madre De Dios,Tambopata,Tambopata
25563.0,25563,Puno,Sandia,San Pedro De Putina Punco
25564.0,25564,Puno,Sandia,San Pedro De Putina Punco
25565.0,25565,Puno,Sandia,San Pedro De Putina Punco
25566.0,25566,Puno,Sandia,San Pedro De Putina Punco
25567.0,25567,Puno,Sandia,San Pedro De Putina Punco
25568.0,25568,Puno,Sandia,San Pedro De Putina Punco
25569.0,25569,Puno,Sandia,San Pedro De Putina Punco
25570.0,25570,Puno,Sandia,Alto Inambari
25571.0,25571,Puno,Sandia,Alto Inambari
25572.0,25572,Puno,Sandia,Alto Inambari
25573.0,25573,Puno,Sandia,Alto Inambari
25574.0,25574,Puno,San Antonio De Putina,Sina
25575.0,25575,Puno,San Antonio De Putina,Sina
25576.0,25576,Puno,San Antonio De Putina,Sina
25577.0,25577,Puno,San Antonio De Putina,Sina
25578.0,25578,Puno,San Antonio De Putina,Ananea
25579.0,25579,Puno,San Antonio De Putina,Ananea
25580.0,25580,Puno,Huancane,Cojata
25581.0,25581,Puno,Huancane,Cojata
25582.0,25582,Puno,Huancane,Cojata
25583.0,25583,Puno,Moho,Huayrapata
25584.0,25584,Puno,Moho,Huayrapata
25585.0,25585,Puno,Moho,Moho
25586.0,25586,Puno,Moho,Tilali
25587.0,25587,Puno,Moho,Tilali
25588.0,25588,Puno,Moho,Tilali
25589.0,25589,Puno,El Collao,Ilave
25590.0,25590,Puno,El Collao,Pilcuyo
25591.0,25591,Puno,El Collao,Pilcuyo
25592.0,25592,Puno,Chucuito,Pomata
25593.0,25593,Puno,Chucuito,Pomata
25594.0,25594,Puno,Chucuito,Pomata
25595.0,25595,Puno,Chucuito,Zepita
25596.0,25596,Puno,Chucuito,Zepita
25597.0,25597,Puno,Chucuito,Kelluyo
25598.0,25598,Puno,Chucuito,Kelluyo
25599.0,25599,Puno,Chucuito,Kelluyo
25600.0,25600,Puno,Chucuito,Pisacoma
25601.0,25601,Puno,Chucuito,Pisacoma
25602.0,25602,Puno,Chucuito,Pisacoma
25603.0,25603,Puno,Chucuito,Pisacoma
25604.0,25604,Tacna,Tarata,Tarata
25605.0,25605,Tacna,Tarata,Tarata
25606.0,25606,Tacna,Tacna,Palca
25747.0,25747,Madre De Dios,Tahuamanu,Iñapari
25748.0,25748,Madre De Dios,Tahuamanu,Iñapari
25749.0,25749,Madre De Dios,Tahuamanu,Iñapari
25750.0,25750,Madre De Dios,Tahuamanu,Iñapari
25751.0,25751,Madre De Dios,Tahuamanu,Iñapari
25752.0,25752,Madre De Dios,Tahuamanu,Iñapari
25753.0,25753,Madre De Dios,Tahuamanu,Tahuamanu
25754.0,25754,Madre De Dios,Tahuamanu,Tahuamanu
25755.0,25755,Madre De Dios,Tahuamanu,Tahuamanu
25756.0,25756,Madre De Dios,Tahuamanu,Tahuamanu
25757.0,25757,Madre De Dios,Tahuamanu,Tahuamanu
25758.0,25758,Madre De Dios,Tahuamanu,Tahuamanu
25759.0,25759,Madre De Dios,Tahuamanu,Tahuamanu
25760.0,25760,Madre De Dios,Tambopata,Las Piedras
25761.0,25761,Madre De Dios,Tambopata,Las Piedras
25762.0,25762,Madre De Dios,Tambopata,Las Piedras
25763.0,25763,Madre De Dios,Tambopata,Las Piedras
25764.0,25764,Madre De Dios,Tambopata,Las Piedras
25765.0,25765,Madre De Dios,Tambopata,Las Piedras
25766.0,25766,Madre De Dios,Tambopata,Las Piedras
25767.0,25767,Madre De Dios,Tambopata,Tambopata
25768.0,25768,Madre De Dios,Tambopata,Tambopata
25769.0,25769,Madre De Dios,Tambopata,Tambopata
25770.0,25770,Madre De Dios,Tambopata,Tambopata
25771.0,25771,Madre De Dios,Tambopata,Tambopata
25772.0,25772,Puno,Sandia,San Pedro De Putina Punco
25773.0,25773,Puno,Sandia,San Pedro De Putina Punco
25774.0,25774,Puno,Sandia,San Pedro De Putina Punco
25775.0,25775,Puno,Sandia,San Pedro De Putina Punco
25776.0,25776,Puno,Sandia,San Pedro De Putina Punco
25777.0,25777,Puno,Sandia,San Pedro De Putina Punco
25778.0,25778,Puno,Sandia,San Pedro De Putina Punco
25779.0,25779,Puno,Sandia,San Pedro De Putina Punco
25780.0,25780,Puno,Sandia,San Pedro De Putina Punco
25781.0,25781,Puno,Sandia,Alto Inambari
25782.0,25782,Puno,Sandia,San Juan Del Oro
25783.0,25783,Puno,Sandia,Yanahuaya
25784.0,25784,Puno,Sandia,Yanahuaya
25785.0,25785,Puno,Sandia,Yanahuaya
25786.0,25786,Puno,San Antonio De Putina,Sina
25787.0,25787,Puno,San Antonio De Putina,Sina
25788.0,25788,Puno,San Antonio De Putina,Ananea
25789.0,25789,Puno,San Antonio De Putina,Ananea
25790.0,25790,Puno,Huancane,Cojata
25791.0,25791,Puno,Huancane,Cojata
25792.0,25792,Puno,Huancane,Cojata
25793.0,25793,Puno,Huancane,Cojata
25794.0,25794,Puno,Moho,Huayrapata
25795.0,25795,Puno,Moho,Moho
25796.0,25796,Puno,Moho,Moho
25797.0,25797,Puno,Moho,Moho
25798.0,25798,Puno,Moho,Tilali
25799.0,25799,Puno,El Collao,Pilcuyo
25800.0,25800,Puno,Yunguyo,Yunguyo
25801.0,25801,Puno,Yunguyo,Yunguyo
25802.0,25802,Puno,Yunguyo,Yunguyo
25803.0,25803,Puno,Yunguyo,Yunguyo
25804.0,25804,Puno,Chucuito,Pomata
25805.0,25805,Puno,Chucuito,Zepita
25806.0,25806,Puno,Chucuito,Zepita
25807.0,25807,Puno,Chucuito,Desaguadero
25808.0,25808,Puno,Chucuito,Kelluyo
25809.0,25809,Puno,Chucuito,Kelluyo
25810.0,25810,Puno,Chucuito,Kelluyo
25811.0,25811,Puno,Chucuito,Pisacoma
25812.0,25812,Puno,Chucuito,Pisacoma
25813.0,25813,Puno,Chucuito,Pisacoma
25814.0,25814,Tacna,Tarata,Tarata
25958.0,25958,Madre De Dios,Tahuamanu,Iñapari
25959.0,25959,Madre De Dios,Tahuamanu,Iñapari
25960.0,25960,Madre De Dios,Tahuamanu,Iñapari
25961.0,25961,Madre De Dios,Tahuamanu,Iñapari
25962.0,25962,Madre De Dios,Tahuamanu,Tahuamanu
25963.0,25963,Madre De Dios,Tahuamanu,Tahuamanu
25964.0,25964,Madre De Dios,Tahuamanu,Tahuamanu
25965.0,25965,Madre De Dios,Tahuamanu,Tahuamanu
25966.0,25966,Madre De Dios,Tahuamanu,Tahuamanu
25967.0,25967,Madre De Dios,Tahuamanu,Tahuamanu
25968.0,25968,Madre De Dios,Tahuamanu,Tahuamanu
25969.0,25969,Madre De Dios,Tahuamanu,Tahuamanu
25970.0,25970,Madre De Dios,Tambopata,Las Piedras
25971.0,25971,Madre De Dios,Tambopata,Las Piedras
25972.0,25972,Madre De Dios,Tambopata,Las Piedras
25973.0,25973,Madre De Dios,Tambopata,Las Piedras
25974.0,25974,Madre De Dios,Tambopata,Las Piedras
25975.0,25975,Madre De Dios,Tambopata,Las Piedras
25976.0,25976,Madre De Dios,Tambopata,Tambopata
25977.0,25977,Madre De Dios,Tambopata,Tambopata
25978.0,25978,Madre De Dios,Tambopata,Tambopata
25979.0,25979,Madre De Dios,Tambopata,Tambopata
25980.0,25980,Madre De Dios,Tambopata,Tambopata
25981.0,25981,Madre De Dios,Tambopata,Tambopata
25982.0,25982,Puno,Sandia,San Pedro De Putina Punco
25983.0,25983,Puno,Sandia,San Pedro De Putina Punco
25984.0,25984,Puno,Sandia,San Pedro De Putina Punco
25985.0,25985,Puno,Sandia,San Pedro De Putina Punco
25986.0,25986,Puno,Sandia,San Pedro De Putina Punco
25987.0,25987,Puno,Sandia,San Pedro De Putina Punco
25988.0,25988,Puno,Sandia,San Pedro De Putina Punco
25989.0,25989,Puno,Sandia,San Pedro De Putina Punco
25990.0,25990,Puno,Sandia,San Pedro De Putina Punco
25991.0,25991,Puno,Sandia,San Pedro De Putina Punco
25992.0,25992,Puno,Sandia,San Pedro De Putina Punco
25993.0,25993,Puno,Sandia,Yanahuaya
25994.0,25994,Puno,Sandia,Yanahuaya
25995.0,25995,Puno,Sandia,Yanahuaya
25996.0,25996,Puno,San Antonio De Putina,Sina
25997.0,25997,Puno,San Antonio De Putina,Sina
25998.0,25998,Puno,San Antonio De Putina,Ananea
25999.0,25999,Puno,San Antonio De Putina,Ananea
26000.0,26000,Puno,Huancane,Cojata
26001.0,26001,Puno,Huancane,Cojata
26002.0,26002,Puno,Huancane,Cojata
26003.0,26003,Puno,Huancane,Cojata
26004.0,26004,Puno,Huancane,Cojata
26005.0,26005,Puno,Moho,Moho
26006.0,26006,Puno,Moho,Moho
26007.0,26007,Puno,Moho,Moho
26008.0,26008,Puno,Moho,Moho
26009.0,26009,Puno,Yunguyo,Tinicachi
26010.0,26010,Puno,Yunguyo,Yunguyo
26011.0,26011,Puno,Yunguyo,Yunguyo
26012.0,26012,Puno,Yunguyo,Yunguyo
26013.0,26013,Puno,Yunguyo,Yunguyo
26014.0,26014,Puno,Yunguyo,Copani
26015.0,26015,Puno,Chucuito,Zepita
26016.0,26016,Puno,Chucuito,Desaguadero
26017.0,26017,Puno,Chucuito,Desaguadero
26018.0,26018,Puno,Chucuito,Kelluyo
26019.0,26019,Puno,Chucuito,Kelluyo
26020.0,26020,Puno,Chucuito,Kelluyo
26021.0,26021,Puno,Chucuito,Kelluyo
26022.0,26022,Puno,Chucuito,Pisacoma
26023.0,26023,Puno,Chucuito,Pisacoma
26170.0,26170,Madre De Dios,Tahuamanu,Iñapari
26171.0,26171,Madre De Dios,Tahuamanu,Iñapari
26172.0,26172,Madre De Dios,Tahuamanu,Tahuamanu
26173.0,26173,Madre De Dios,Tahuamanu,Tahuamanu
26174.0,26174,Madre De Dios,Tahuamanu,Tahuamanu
26175.0,26175,Madre De Dios,Tahuamanu,Tahuamanu
26176.0,26176,Madre De Dios,Tahuamanu,Tahuamanu
26177.0,26177,Madre De Dios,Tahuamanu,Tahuamanu
26178.0,26178,Madre De Dios,Tahuamanu,Tahuamanu
26179.0,26179,Madre De Dios,Tahuamanu,Tahuamanu
26180.0,26180,Madre De Dios,Tambopata,Las Piedras
26181.0,26181,Madre De Dios,Tambopata,Las Piedras
26182.0,26182,Madre De Dios,Tambopata,Las Piedras
26183.0,26183,Madre De Dios,Tambopata,Las Piedras
26184.0,26184,Madre De Dios,Tambopata,Las Piedras
26185.0,26185,Madre De Dios,Tambopata,Las Piedras
26186.0,26186,Madre De Dios,Tambopata,Tambopata
26187.0,26187,Madre De Dios,Tambopata,Tambopata
26188.0,26188,Madre De Dios,Tambopata,Tambopata
26189.0,26189,Madre De Dios,Tambopata,Tambopata
26190.0,26190,Madre De Dios,Tambopata,Tambopata
26191.0,26191,Puno,Sandia,San Pedro De Putina Punco
26192.0,26192,Puno,Sandia,San Pedro De Putina Punco
26193.0,26193,Puno,Sandia,San Pedro De Putina Punco
26194.0,26194,Puno,Sandia,San Pedro De Putina Punco
26195.0,26195,Puno,Sandia,San Pedro De Putina Punco
26196.0,26196,Puno,Sandia,San Pedro De Putina Punco
26197.0,26197,Puno,Sandia,San Pedro De Putina Punco
26198.0,26198,Puno,Sandia,San Pedro De Putina Punco
26199.0,26199,Puno,Sandia,San Pedro De Putina Punco
26200.0,26200,Puno,Sandia,San Pedro De Putina Punco
26201.0,26201,Puno,Sandia,San Pedro De Putina Punco
26202.0,26202,Puno,Sandia,San Pedro De Putina Punco
26203.0,26203,Puno,Sandia,San Juan Del Oro
26204.0,26204,Puno,Sandia,Yanahuaya
26205.0,26205,Puno,Sandia,Yanahuaya
26206.0,26206,Puno,Sandia,Yanahuaya
26207.0,26207,Puno,San Antonio De Putina,Sina
26208.0,26208,Puno,San Antonio De Putina,Sina
26209.0,26209,Puno,San Antonio De Putina,Ananea
26210.0,26210,Puno,Huancane,Cojata
26211.0,26211,Puno,Huancane,Cojata
26212.0,26212,Puno,Huancane,Cojata
26213.0,26213,Puno,Huancane,Cojata
26214.0,26214,Puno,Huancane,Cojata
26215.0,26215,Puno,Huancane,Cojata
26216.0,26216,Puno,Moho,Moho
26217.0,26217,Puno,Moho,Moho
26218.0,26218,Puno,Moho,Moho
26219.0,26219,Puno,Yunguyo,Tinicachi
26220.0,26220,Puno,Yunguyo,Tinicachi
26221.0,26221,Puno,Yunguyo,Tinicachi
26222.0,26222,Puno,Yunguyo,Tinicachi
26223.0,26223,Puno,Yunguyo,Unicachi
26224.0,26224,Puno,Yunguyo,Anapia
26225.0,26225,Puno,Yunguyo,Anapia
26226.0,26226,Puno,Chucuito,Desaguadero
26227.0,26227,Puno,Chucuito,Desaguadero
26228.0,26228,Puno,Chucuito,Desaguadero
26229.0,26229,Puno,Chucuito,Desaguadero
26230.0,26230,Puno,Chucuito,Desaguadero
26231.0,26231,Puno,Chucuito,Kelluyo
26382.0,26382,Madre De Dios,Tahuamanu,Tahuamanu
26383.0,26383,Madre De Dios,Tahuamanu,Tahuamanu
26384.0,26384,Madre De Dios,Tahuamanu,Tahuamanu
26385.0,26385,Madre De Dios,Tahuamanu,Tahuamanu
26386.0,26386,Madre De Dios,Tahuamanu,Tahuamanu
26387.0,26387,Madre De Dios,Tahuamanu,Tahuamanu
26388.0,26388,Madre De Dios,Tahuamanu,Tahuamanu
26389.0,26389,Madre De Dios,Tambopata,Las Piedras
26390.0,26390,Madre De Dios,Tambopata,Las Piedras
26391.0,26391,Madre De Dios,Tambopata,Las Piedras
26392.0,26392,Madre De Dios,Tambopata,Las Piedras
26393.0,26393,Madre De Dios,Tambopata,Las Piedras
26394.0,26394,Madre De Dios,Tambopata,Las Piedras
26395.0,26395,Madre De Dios,Tambopata,Las Piedras
26396.0,26396,Madre De Dios,Tambopata,Tambopata
26397.0,26397,Madre De Dios,Tambopata,Tambopata
26398.0,26398,Madre De Dios,Tambopata,Tambopata
26399.0,26399,Madre De Dios,Tambopata,Tambopata
26400.0,26400,Madre De Dios,Tambopata,Tambopata
26401.0,26401,Puno,Sandia,San Pedro De Putina Punco
26402.0,26402,Puno,Sandia,San Pedro De Putina Punco
26403.0,26403,Puno,Sandia,San Pedro De Putina Punco
26404.0,26404,Puno,Sandia,San Pedro De Putina Punco
26405.0,26405,Puno,Sandia,San Pedro De Putina Punco
26406.0,26406,Puno,Sandia,San Pedro De Putina Punco
26407.0,26407,Puno,Sandia,San Pedro De Putina Punco
26408.0,26408,Puno,Sandia,San Pedro De Putina Punco
26409.0,26409,Puno,Sandia,San Pedro De Putina Punco
26410.0,26410,Puno,Sandia,San Pedro De Putina Punco
26411.0,26411,Puno,Sandia,San Pedro De Putina Punco
26412.0,26412,Puno,Sandia,San Pedro De Putina Punco
26413.0,26413,Puno,Sandia,San Pedro De Putina Punco
26414.0,26414,Puno,Sandia,San Pedro De Putina Punco
26415.0,26415,Puno,Sandia,Yanahuaya
26416.0,26416,Puno,Sandia,Yanahuaya
26417.0,26417,Puno,Sandia,Yanahuaya
26418.0,26418,Puno,San Antonio De Putina,Sina
26419.0,26419,Puno,San Antonio De Putina,Ananea
26420.0,26420,Puno,Huancane,Cojata
26421.0,26421,Puno,Huancane,Cojata
26422.0,26422,Puno,Huancane,Cojata
26423.0,26423,Puno,Huancane,Cojata
26424.0,26424,Puno,Huancane,Cojata
26425.0,26425,Puno,Huancane,Cojata
26426.0,26426,Puno,Huancane,Cojata
26427.0,26427,Puno,Moho,Moho
26428.0,26428,Puno,Yunguyo,Tinicachi
26429.0,26429,Puno,Yunguyo,Tinicachi
26430.0,26430,Puno,Yunguyo,Tinicachi
26431.0,26431,Puno,Yunguyo,Tinicachi
26432.0,26432,Puno,Yunguyo,Anapia
26433.0,26433,Puno,Yunguyo,Anapia
26434.0,26434,Puno,Yunguyo,Anapia
26435.0,26435,Puno,Yunguyo,Anapia
26436.0,26436,Puno,Yunguyo,Anapia
26437.0,26437,Puno,Chucuito,Desaguadero
26438.0,26438,Puno,Chucuito,Desaguadero
26439.0,26439,Puno,Chucuito,Desaguadero
26594.0,26594,Madre De Dios,Tahuamanu,Tahuamanu
26595.0,26595,Madre De Dios,Tahuamanu,Tahuamanu
26596.0,26596,Madre De Dios,Tahuamanu,Tahuamanu
26597.0,26597,Madre De Dios,Tahuamanu,Tahuamanu
26636.0,26636,Puno,Huancane,Cojata
26637.0,26637,Puno,Moho,Moho
26638.0,26638,Puno,Yunguyo,Tinicachi
26639.0,26639,Puno,Yunguyo,Tinicachi
26640.0,26640,Puno,Yunguyo,Tinicachi
26641.0,26641,Puno,Yunguyo,Anapia
26642.0,26642,Puno,Yunguyo,Anapia
26643.0,26643,Puno,Yunguyo,Anapia
26644.0,26644,Puno,Yunguyo,Anapia
26645.0,26645,Puno,Yunguyo,Anapia
26646.0,26646,Puno,Yunguyo,Anapia
26647.0,26647,Puno,Chucuito,Desaguadero
