{
"type": "FeatureCollection",
"name": "departamentos",
"crs": { "type": "name", "properties": { "name": "urn:ogc:def:crs:OGC:1.3:CRS84" } },
"features": [
{ "type": "Feature", "properties": { "NOMBDEP": "AMAZONAS", "COUNT": 84, "FIRST_IDDP": "01", "HECTARES": 3930646.567 }, "geometry": { "type": "Polygon", "coordinates": [ [ [ -77.598251986785129, -6.031279349249355 ], [ -77.586199486774191, -6.03691659925459 ], [ -77.56680323675657, -6.02812197424641 ], [ -77.554735361745614, -6.050728724267465 ], [ -77.533808861726556, -6.063371349279257 ], [ -77.517921861712068, -6.05485334927133 ], [ -77.509751861704629, -6.032496099250523 ], [ -77.489020736685674, -6.028510974246818 ], [ -77.487075361683907, -6.010248849229813 ], [ -77.474138986672102, -5.999784099220061 ], [ -77.467508361666034, -6.019614974238532 ], [ -77.432115736633705, -6.061916349277936 ], [ -77.419304736621953, -6.032380849250442 ], [ -77.395497611600149, -6.039376724256964 ], [ -77.380500111586386, -6.079985974294786 ], [ -77.358679361566345, -6.072820224288123 ], [ -77.346427986555113, -6.114341099326779 ], [ -77.332410736542258, -6.112181599324788 ], [ -77.280478486494488, -6.142209099352756 ], [ -77.257955611473733, -6.138015724348878 ], [ -77.2406541114578, -6.149761724359812 ], [ -77.224366361442776, -6.145546849355881 ], [ -77.202056736422222, -6.179714849387716 ], [ -77.219190736438023, -6.194313099401294 ], [ -77.211626736431043, -6.215840349421335 ], [ -77.174070236396361, -6.246529349449922 ], [ -77.170790736393371, -6.265198974467316 ], [ -77.138898861363899, -6.291730349492037 ], [ -77.133116736358588, -6.324977349523017 ], [ -77.150309611374468, -6.360530974556098 ], [ -77.171732486394234, -6.381169974575326 ], [ -77.208964986428626, -6.375043349569631 ], [ -77.221456361440133, -6.381132724575305 ], [ -77.243653111460588, -6.33812047453522 ], [ -77.261690361477221, -6.327144849525 ], [ -77.286659986500197, -6.331023474528595 ], [ -77.273158611487773, -6.40653084959892 ], [ -77.297670736510341, -6.42473997461588 ], [ -77.305914736517963, -6.45372372464289 ], [ -77.326356611536752, -6.468027349656184 ], [ -77.344846736553777, -6.547229099729943 ], [ -77.359290986567046, -6.564445349745981 ], [ -77.380511736586541, -6.569227974750428 ], [ -77.393869861598802, -6.6026882247816 ], [ -77.43788086163913, -6.602527349781432 ], [ -77.43565436163712, -6.618070349795921 ], [ -77.423692611626151, -6.638061974814519 ], [ -77.407656236611473, -6.646331974822236 ], [ -77.404986111609006, -6.663054349837818 ], [ -77.381732986587693, -6.697589099869973 ], [ -77.400135361604569, -6.708452849880089 ], [ -77.405557236609553, -6.726214224896618 ], [ -77.45646748665618, -6.680522349854066 ], [ -77.475481986673572, -6.683628474856943 ], [ -77.510655861705715, -6.672339349846429 ], [ -77.521197611715337, -6.679679099853239 ], [ -77.544074236736179, -6.676996099850744 ], [ -77.568764736758638, -6.638217724814621 ], [ -77.612336736798227, -6.612261224790426 ], [ -77.642869111825931, -6.621863224799344 ], [ -77.660517611841911, -6.641505849817617 ], [ -77.662661861843873, -6.659899849834752 ], [ -77.688372986867122, -6.677365099851012 ], [ -77.701933611879355, -6.676761724850438 ], [ -77.715935486891965, -6.659123099834009 ], [ -77.739892611913547, -6.64691797482262 ], [ -77.746365861919372, -6.668985099843174 ], [ -77.739500486913244, -6.711099724882402 ], [ -77.74810936192101, -6.744924974913904 ], [ -77.731897861906461, -6.783467349949807 ], [ -77.764748986936013, -6.799758474964938 ], [ -77.723324861898803, -6.893455975052241 ], [ -77.707308736884372, -6.908847475066589 ], [ -77.733816361908296, -6.928577350084926 ], [ -77.738384486912423, -6.948343350103347 ], [ -77.758933611930914, -6.964507850118376 ], [ -77.779299861949212, -6.941452725096879 ], [ -77.801931986969507, -6.966144475119869 ], [ -77.833434611997717, -6.956782725111136 ], [ -77.843262112006499, -6.976978475129914 ], [ -77.880341737039529, -6.962503850116408 ], [ -77.898665362055837, -6.980124225132798 ], [ -77.928650237082408, -6.986759350138936 ], [ -77.939822237092301, -6.976136725129031 ], [ -77.961855487111734, -6.976642600129482 ], [ -77.983579987130867, -6.963089975116842 ], [ -78.001749862146838, -6.969338975122612 ], [ -78.000845612145994, -6.940244850095528 ], [ -78.01414336215764, -6.931602725087464 ], [ -78.000673112145805, -6.912483475069673 ], [ -78.007138987151436, -6.87723272503683 ], [ -78.001449737146416, -6.865782725026176 ], [ -78.031219737172449, -6.847048225008688 ], [ -78.0140638621574, -6.821706724985104 ], [ -78.021010112163481, -6.818256349981888 ], [ -78.022322237164545, -6.770309474937219 ], [ -78.038146487178338, -6.745757849914346 ], [ -78.045985362185093, -6.691590849863903 ], [ -78.057322987194922, -6.676702724850021 ], [ -78.078299112213131, -6.66873522484256 ], [ -78.080003987214596, -6.655737349830463 ], [ -78.094845112227446, -6.657121099831717 ], [ -78.107599112238447, -6.642332224817922 ], [ -78.104725112235954, -6.62382359980068 ], [ -78.121565362250408, -6.594503474773346 ], [ -78.117052612246511, -6.577369349757405 ], [ -78.13755848726413, -6.562729099743741 ], [ -78.135737987262473, -6.527062724710533 ], [ -78.151166987275673, -6.511597349696109 ], [ -78.152181112276537, -6.499826349685131 ], [ -78.164365362286958, -6.49080084967671 ], [ -78.173839862295054, -6.493705474679386 ], [ -78.176725237297461, -6.474639849661641 ], [ -78.187134737306323, -6.469351599656673 ], [ -78.190029487308777, -6.457016099645181 ], [ -78.209985862325723, -6.458030224646089 ], [ -78.24345173735388, -6.401710474593591 ], [ -78.268287112374736, -6.391109349583647 ], [ -78.277511737382468, -6.398929724590912 ], [ -78.291260237393885, -6.372518349566289 ], [ -78.303248612403863, -6.374111849567723 ], [ -78.33264261242816, -6.352304724547341 ], [ -78.335386112430328, -6.31867947451603 ], [ -78.36934348745811, -6.273293224473669 ], [ -78.370089112458615, -6.2390839744418 ], [ -78.399933737482883, -6.228421599431786 ], [ -78.415417237495362, -6.21260647441703 ], [ -78.417789487497217, -6.190516349396447 ], [ -78.466654612536189, -6.134718724344343 ], [ -78.475842237543489, -6.132626224342346 ], [ -78.477282737544556, -6.114830349325775 ], [ -78.498443862561246, -6.102500849314206 ], [ -78.49888261256153, -6.088653224301317 ], [ -78.517506862576084, -6.071517349285291 ], [ -78.58235161262634, -6.078621849291644 ], [ -78.601903487641181, -6.065527224279361 ], [ -78.610548862647676, -6.053394474268042 ], [ -78.613041862649382, -6.016520349233682 ], [ -78.624879487658248, -6.007358349225099 ], [ -78.641517487670527, -5.969847599190099 ], [ -78.660320362684445, -5.95555859917669 ], [ -78.673150362693704, -5.916445349140209 ], [ -78.695933612710263, -5.888527349114107 ], [ -78.691136987706656, -5.874303724100885 ], [ -78.699147987712308, -5.840760849069625 ], [ -78.712120737721634, -5.829907099059441 ], [ -78.691291862706066, -5.749693473984885 ], [ -78.653459362678177, -5.734963473971351 ], [ -78.654182862678624, -5.718734598956226 ], [ -78.683797862700359, -5.707054098945227 ], [ -78.685244987701338, -5.696665598935544 ], [ -78.651081862676108, -5.675630098916137 ], [ -78.639033237666993, -5.645114848887763 ], [ -78.624770987656333, -5.639364723882504 ], [ -78.582990487624357, -5.550738598800151 ], [ -78.55023461259924, -5.533094723783845 ], [ -78.558249987605237, -5.496361348749626 ], [ -78.543077112593494, -5.48176709873607 ], [ -78.54213761259274, -5.470386848725478 ], [ -78.511320987568737, -5.446797223703632 ], [ -78.513757112570559, -5.426090348684353 ], [ -78.522770612577546, -5.416873848675737 ], [ -78.518580112574185, -5.398476598658617 ], [ -78.539871612590559, -5.365686473628012 ], [ -78.605240237640118, -5.30944134857538 ], [ -78.641570487667181, -5.303751973569947 ], [ -78.654425862676533, -5.274300723542485 ], [ -78.684244112698309, -5.267490223536011 ], [ -78.68408623769804, -5.239026723509479 ], [ -78.702988237711537, -5.207726598480263 ], [ -78.710894987716927, -5.156772223432778 ], [ -78.695501737705555, -5.093470098373932 ], [ -78.684208862697375, -5.088161223369035 ], [ -78.680199237694396, -5.072124973354126 ], [ -78.657714112677951, -5.067422973349835 ], [ -78.640694487665243, -5.024041723309535 ], [ -78.61940186264934, -4.999347598286631 ], [ -78.62291786265186, -4.977337723266125 ], [ -78.646271487669068, -4.964164098253777 ], [ -78.637496112662518, -4.940179723231473 ], [ -78.639099612663586, -4.916634723209564 ], [ -78.611076112642451, -4.83898434813737 ], [ -78.610251987641732, -4.819800723119513 ], [ -78.621978487650367, -4.795113223096492 ], [ -78.600081987633942, -4.770451223073602 ], [ -78.624137987651764, -4.741726848046759 ], [ -78.644661362666866, -4.736452348041773 ], [ -78.639999987663316, -4.705228473012729 ], [ -78.63171023765716, -4.698434598006422 ], [ -78.635783612660106, -4.685378972994251 ], [ -78.644486362666527, -4.683220722992206 ], [ -78.637872487661554, -4.656415222967293 ], [ -78.651722612671648, -4.646183597957699 ], [ -78.667704487683309, -4.654522097965391 ], [ -78.70599823771073, -4.622928222935831 ], [ -78.680547487692351, -4.59503134790997 ], [ -78.65581886267438, -4.584882597900608 ], [ -78.662860237679439, -4.570089597886814 ], [ -78.656571487674839, -4.562093847879392 ], [ -78.661123362678026, -4.530080972849578 ], [ -78.635750237659323, -4.500882472822482 ], [ -78.634481237658221, -4.464015222788166 ], [ -78.623228112649869, -4.441739347767482 ], [ -78.600361612632824, -4.42753184775431 ], [ -78.602745487634522, -4.411041347738971 ], [ -78.63409373765775, -4.41516409774268 ], [ -78.652615862670984, -4.334840222667824 ], [ -78.640625987662133, -4.306101097641124 ], [ -78.618244112645613, -4.29422172263015 ], [ -78.610861487640022, -4.267262347605064 ], [ -78.598543987630819, -4.257924097596429 ], [ -78.608954737638442, -4.226094222566753 ], [ -78.599982237631721, -4.209218847551057 ], [ -78.577281237614713, -4.19554897253842 ], [ -78.581154362617397, -4.13486522248188 ], [ -78.567742362607191, -4.101176597450564 ], [ -78.537225362583953, -4.061587972413799 ], [ -78.567688612606986, -4.045099972398368 ], [ -78.565712862605324, -3.991962847348901 ], [ -78.542670112587814, -3.974473472332686 ], [ -78.524504862573849, -3.937263972298081 ], [ -78.488826112546334, -3.93382122229496 ], [ -78.475547612535962, -3.906055597269151 ], [ -78.486798612544675, -3.893720472257625 ], [ -78.477835987537659, -3.883162097247833 ], [ -78.476249987536377, -3.857714847224114 ], [ -78.459960987523601, -3.836992097204889 ], [ -78.465872987528201, -3.827533222196065 ], [ -78.436000237504715, -3.819118347188278 ], [ -78.409366862483552, -3.782391097154143 ], [ -78.416138237488894, -3.765425472138337 ], [ -78.402476487477969, -3.735387597110371 ], [ -78.421798487493277, -3.72406434709982 ], [ -78.423436612494527, -3.693202347071071 ], [ -78.415751237488422, -3.685974722064338 ], [ -78.40023586247608, -3.68973297206787 ], [ -78.393217487470451, -3.677179972056207 ], [ -78.400817612476445, -3.650409847031257 ], [ -78.38630973746487, -3.640098722021699 ], [ -78.399776612475534, -3.606203721990095 ], [ -78.392861362470015, -3.60367559698776 ], [ -78.394752237471479, -3.587757971972927 ], [ -78.386206362464648, -3.573709221959869 ], [ -78.391188237468583, -3.560101596947202 ], [ -78.369072237450837, -3.539244096927802 ], [ -78.355375737439729, -3.494353971886027 ], [ -78.359183112442764, -3.469521971862902 ], [ -78.341384737428314, -3.427103471823436 ], [ -78.356231112440241, -3.403558096801491 ], [ -78.344258112430566, -3.39181872179057 ], [ -78.346370362432268, -3.382405221781795 ], [ -78.302648362396738, -3.399751096798019 ], [ -78.246210987350281, -3.402326221800504 ], [ -78.244263487348704, -3.437759971833488 ], [ -78.22616986233372, -3.491545221883608 ], [ -78.231402112338117, -3.498810846890366 ], [ -78.217292362326361, -3.508856596899726 ], [ -78.20048886231227, -3.495478846887306 ], [ -78.192322862305431, -3.50033872189183 ], [ -78.160393737278525, -3.480071471873 ], [ -78.148394112268406, -3.480374846873299 ], [ -78.14463573726519, -3.461161971855396 ], [ -78.154913487273831, -3.411561721809204 ], [ -78.177742737293087, -3.410091096807798 ], [ -78.19573986230813, -3.360758721761839 ], [ -78.170308612286775, -3.350638846752446 ], [ -78.151738862271046, -3.3285352217319 ], [ -78.137478112258975, -3.327316721730782 ], [ -78.141411362262303, -3.320159596724102 ], [ -78.107254737233234, -3.277150346684073 ], [ -78.090711737219067, -3.234310596644186 ], [ -78.064771112196823, -3.224447971635038 ], [ -78.036219862172217, -3.189635721602649 ], [ -78.012693987151863, -3.178848471592602 ], [ -78.009134362148785, -3.158069096573263 ], [ -77.984957987127785, -3.133603596550498 ], [ -77.982446362125572, -3.11965434653749 ], [ -77.970755737115397, -3.117413721535408 ], [ -77.962684487108376, -3.095395596514914 ], [ -77.950022737097314, -3.089062096509022 ], [ -77.941391487089746, -3.063617471485346 ], [ -77.944939487092839, -3.050841846473452 ], [ -77.934562112083768, -3.036754096460328 ], [ -77.907251487059796, -3.027424346451651 ], [ -77.890089987044689, -3.008249346433788 ], [ -77.860900362018953, -3.008876971434388 ], [ -77.80861598697264, -2.986125096413226 ], [ -77.817250986980326, -3.000792096426907 ], [ -77.790670611956727, -3.054439346476853 ], [ -77.787664111954058, -3.074775346495807 ], [ -77.794452111960084, -3.089258846509282 ], [ -77.785827861952441, -3.106282721525154 ], [ -77.79093648695698, -3.117630346535706 ], [ -77.777855361945356, -3.191860721604841 ], [ -77.772543236940734, -3.428809471825533 ], [ -77.745642236916751, -3.482228971875299 ], [ -77.71513123688942, -3.514853596905708 ], [ -77.716459611890656, -3.542305096931264 ], [ -77.66667298684591, -3.571871971958791 ], [ -77.643009611824596, -3.619346347003041 ], [ -77.619966736803775, -3.622408222005893 ], [ -77.615622986799892, -3.707718722085328 ], [ -77.651914111832681, -3.780562347153185 ], [ -77.628220861811315, -3.817050722187165 ], [ -77.60923636179416, -3.825242222194788 ], [ -77.581915986769431, -3.862816347229805 ], [ -77.561493611750933, -3.876165847242232 ], [ -77.56901861175777, -3.893073972257988 ], [ -77.537877361729528, -3.961899472322097 ], [ -77.548405361739114, -4.105404847455755 ], [ -77.585550736772859, -4.251333972591633 ], [ -77.56585923675506, -4.365535722698011 ], [ -77.568275361757259, -4.420919972749591 ], [ -77.58908786177615, -4.480464847805037 ], [ -77.611020486796022, -4.494265722817896 ], [ -77.6406308618228, -4.496515597819978 ], [ -77.641352611823436, -4.510060722832575 ], [ -77.655456986836185, -4.518544972840477 ], [ -77.649015611830379, -4.546415972866432 ], [ -77.65965336184, -4.557974222877189 ], [ -77.652613236833631, -4.574570347892658 ], [ -77.672571736851665, -4.630480347944726 ], [ -77.694512361871446, -4.658673097970959 ], [ -77.715969736890713, -4.665087972976951 ], [ -77.731394111904606, -4.688440222998663 ], [ -77.771878861940849, -4.717558598025748 ], [ -77.789725236956812, -4.744543848050897 ], [ -77.794685361961257, -4.760216848065495 ], [ -77.78926711195642, -4.785106473088674 ], [ -77.799113486965254, -4.82459284812544 ], [ -77.791842361958771, -4.832951223133232 ], [ -77.793574861960337, -4.849963473149055 ], [ -77.760151736930496, -4.90934509820439 ], [ -77.76693161193657, -4.921218723215442 ], [ -77.758445486928977, -4.950052723242298 ], [ -77.825957986989309, -5.035050473321421 ], [ -77.813874736978576, -5.039809473325861 ], [ -77.811931611976831, -5.054714848339744 ], [ -77.820254736984253, -5.089396223372021 ], [ -77.808783486974065, -5.092501973374924 ], [ -77.80132223696738, -5.085971848368841 ], [ -77.774286736943267, -5.097177973379314 ], [ -77.745285111917326, -5.133017598412705 ], [ -77.719996361894644, -5.140624348419795 ], [ -77.695280986872419, -5.16474034844229 ], [ -77.708242611884074, -5.190907348466648 ], [ -77.739707861912336, -5.211856598486136 ], [ -77.699090486875875, -5.253975973525367 ], [ -77.684148236862455, -5.295881223564418 ], [ -77.6823891118609, -5.340105098605602 ], [ -77.703010111879493, -5.382112473644724 ], [ -77.696015486873208, -5.411624098672212 ], [ -77.712702611888233, -5.416411223676639 ], [ -77.744827736917088, -5.406899098667763 ], [ -77.768451236938276, -5.438048723696784 ], [ -77.748831986920692, -5.459859348717098 ], [ -77.770637486940259, -5.478153098734129 ], [ -77.771570361941102, -5.493920598748804 ], [ -77.757037361928113, -5.513941598767465 ], [ -77.765761736935929, -5.538982473790782 ], [ -77.736383986909644, -5.609290098856272 ], [ -77.752606236924208, -5.637577598882618 ], [ -77.754365236925793, -5.658997723902555 ], [ -77.775090861944406, -5.689679348931106 ], [ -77.775147986944489, -5.710751973950737 ], [ -77.759358611930338, -5.729847973968521 ], [ -77.772418611942058, -5.753351348990423 ], [ -77.76056011193144, -5.770454474006345 ], [ -77.770355486940247, -5.788142599022804 ], [ -77.763929111934502, -5.819708724052206 ], [ -77.726415986900832, -5.843981974074842 ], [ -77.694813361872363, -5.84023284907139 ], [ -77.681526736860391, -5.849487099080009 ], [ -77.683080486861826, -5.877575599106172 ], [ -77.665512361845956, -5.892204724119794 ], [ -77.663293861843997, -5.917670224143527 ], [ -77.651890611833693, -5.935331974159959 ], [ -77.672008611851865, -5.964744599187333 ], [ -77.669892361849989, -5.979357224200974 ], [ -77.639139861822159, -6.001079474221198 ], [ -77.596465611783501, -6.00528022422514 ], [ -77.598251986785129, -6.031279349249355 ] ] ] } },
{ "type": "Feature", "properties": { "NOMBDEP": "ANCASH", "COUNT": 166, "FIRST_IDDP": "02", "HECTARES": 3596224.6 }, "geometry": { "type": "Polygon", "coordinates": [ [ [ -78.17245361229871, -8.501610476549239 ], [ -78.139273487269762, -8.427152226479983 ], [ -78.137497987268077, -8.368667976425519 ], [ -78.108394487242691, -8.338109351397108 ], [ -78.119431612252257, -8.313652351374296 ], [ -78.102229987237251, -8.305379976366646 ], [ -78.081980487219496, -8.281085851344052 ], [ -78.03679886217985, -8.255951226320734 ], [ -78.018634737163794, -8.224316476291319 ], [ -77.933212862088169, -8.197009726266012 ], [ -77.895625612054516, -8.061949101140266 ], [ -77.86791086202976, -8.055890351134682 ], [ -77.852208112015745, -8.074779476152276 ], [ -77.810441361978292, -8.067734976145758 ], [ -77.785784861956117, -8.079198851156463 ], [ -77.75127173692502, -8.077438851154856 ], [ -77.743388111917923, -8.070184726148092 ], [ -77.718279236895214, -8.073435601151148 ], [ -77.647367236830931, -8.049708976129091 ], [ -77.643861361827788, -8.066623101144875 ], [ -77.618751986804952, -8.079831976157173 ], [ -77.636663361821249, -8.108586101183942 ], [ -77.616589861802993, -8.131244101205068 ], [ -77.60213786178987, -8.13593897620944 ], [ -77.605390611792856, -8.155208976227376 ], [ -77.57567186176577, -8.167996101239323 ], [ -77.556921861748677, -8.194249976263784 ], [ -77.572755861763127, -8.210876976279241 ], [ -77.574908236765097, -8.230941351297943 ], [ -77.531091736725116, -8.243337851309493 ], [ -77.527615236721957, -8.267081976331616 ], [ -77.491368486688799, -8.282553101346053 ], [ -77.487630111685391, -8.303545976365591 ], [ -77.47363836167257, -8.32050110138138 ], [ -77.478284736676827, -8.32606510138657 ], [ -77.458896361659072, -8.335655976395529 ], [ -77.459332361659463, -8.355560476414059 ], [ -77.446956111648134, -8.369374226426919 ], [ -77.437537861639512, -8.401149226456528 ], [ -77.438355486640276, -8.422328101476232 ], [ -77.405460611610067, -8.441483351494098 ], [ -77.399534361604623, -8.483406726533138 ], [ -77.368232236575864, -8.500306476548877 ], [ -77.334942736545244, -8.532973226579308 ], [ -77.311683611523819, -8.531425726577886 ], [ -77.315162111527016, -8.545519476591013 ], [ -77.288455111502401, -8.591285101633654 ], [ -77.293642611507195, -8.637025351676241 ], [ -77.260595736476731, -8.648521476686943 ], [ -77.26115236147723, -8.66719722670434 ], [ -77.246189486463436, -8.702732476737429 ], [ -77.248167986465276, -8.727308601760329 ], [ -77.227490236446172, -8.742826226774769 ], [ -77.225812486444624, -8.766937476797233 ], [ -77.206537111426812, -8.781624976810908 ], [ -77.195734361416839, -8.814992226841994 ], [ -77.174263611396995, -8.834494101860178 ], [ -77.172662111395525, -8.876025351898848 ], [ -77.164835986388297, -8.889097601911036 ], [ -77.155160111379331, -8.900378851921523 ], [ -77.14741798637219, -8.895753851917224 ], [ -77.131023486357009, -8.916284976936334 ], [ -77.122628861349256, -8.946257851964248 ], [ -77.105728486333589, -8.949191351966984 ], [ -77.102490236330596, -8.960947226977938 ], [ -77.110037111337618, -8.969966851986339 ], [ -77.09209761132098, -8.971566351987835 ], [ -77.066019486296824, -8.990915977005846 ], [ -77.035708986268759, -8.999958977014284 ], [ -77.032628861265906, -9.014234352027577 ], [ -77.002787111238234, -9.032619102044704 ], [ -76.980101611217165, -9.062918102072921 ], [ -76.96645311120453, -9.060412102070568 ], [ -76.944964736184559, -9.074415977083644 ], [ -76.927896486168748, -9.071078102080511 ], [ -76.87074411111567, -9.113316352119876 ], [ -76.788580111039337, -9.136238227141206 ], [ -76.733734360988365, -9.208966852208961 ], [ -76.725744110980926, -9.256634727253353 ], [ -76.739742235993944, -9.274499977269993 ], [ -76.740333985994496, -9.330802727322402 ], [ -76.757488236010445, -9.362197227351656 ], [ -76.765040986017453, -9.367005852356135 ], [ -76.793839736044234, -9.332927727324405 ], [ -76.814062486063037, -9.326505852318395 ], [ -76.833964861081526, -9.266007852262073 ], [ -76.845945361092646, -9.26347460225972 ], [ -76.854556736100676, -9.288521477283034 ], [ -76.868726611113814, -9.292749977286963 ], [ -76.870263611115249, -9.314427727307159 ], [ -76.892915986136273, -9.33196097732348 ], [ -76.900603361143411, -9.359066352348743 ], [ -76.917900361159496, -9.369507852358435 ], [ -76.924132861165276, -9.391531227378961 ], [ -76.93523623617557, -9.398548852385508 ], [ -76.93030473617101, -9.433185602417764 ], [ -76.953294861192362, -9.467478477449694 ], [ -76.938619111178724, -9.491699227472237 ], [ -76.937550736177741, -9.525367227503597 ], [ -76.955095736194011, -9.542689477519739 ], [ -76.955111361194042, -9.560298852536143 ], [ -76.980244111217374, -9.564031227539605 ], [ -76.995160111231186, -9.603331977576218 ], [ -77.01529686124988, -9.614269477586401 ], [ -77.029236361262804, -9.612996102585216 ], [ -77.047150361279421, -9.632531227603408 ], [ -77.047306611279552, -9.653937477623343 ], [ -77.020611361254808, -9.711314477676785 ], [ -76.974277361211847, -9.760236352722341 ], [ -76.969482361207398, -9.757808602720086 ], [ -76.981042986218114, -9.724568352689118 ], [ -76.971839861209588, -9.711812477677242 ], [ -76.941365236181312, -9.705912102671737 ], [ -76.934249986174692, -9.729474602693687 ], [ -76.90158398614436, -9.769701227731153 ], [ -76.897757861140803, -9.809289102768028 ], [ -76.841988236088994, -9.910892602862654 ], [ -76.841861486088902, -9.930621102881036 ], [ -76.813757861062797, -9.960146477908539 ], [ -76.825615111073802, -9.989292977935673 ], [ -76.825027361073253, -10.00923247795423 ], [ -76.814964861063913, -10.02343160296747 ], [ -76.8071894860567, -10.084478478024305 ], [ -76.843238236090173, -10.08678510302644 ], [ -76.853580111099788, -10.101779353040442 ], [ -76.871337861116302, -10.094300728033469 ], [ -76.879886736124249, -10.116552728054188 ], [ -76.901943361144717, -10.113341853051196 ], [ -76.915697236157484, -10.120427728057798 ], [ -76.908535111150854, -10.176783228110287 ], [ -76.91609961115789, -10.224587853154782 ], [ -76.904841736147418, -10.237697228167011 ], [ -76.906246111148747, -10.274185603200973 ], [ -76.936009236176375, -10.278506103205016 ], [ -76.965451486203705, -10.305378603230018 ], [ -76.998154236234058, -10.291392603217011 ], [ -77.003625236239131, -10.282123103208361 ], [ -77.009100861244235, -10.307766853232259 ], [ -77.024711611258695, -10.327526728250646 ], [ -77.051715611283754, -10.339940478262218 ], [ -77.071611611302203, -10.338103978260488 ], [ -77.090200111319433, -10.372630228292651 ], [ -77.110884736338605, -10.39208985331075 ], [ -77.112134111339799, -10.404844728322653 ], [ -77.138244986363958, -10.426469353342783 ], [ -77.150017736374878, -10.451093728365704 ], [ -77.174624861397646, -10.464601728378273 ], [ -77.167308736390893, -10.508142603418817 ], [ -77.190988236412849, -10.552132853459812 ], [ -77.209298861429787, -10.55539447846283 ], [ -77.225773486445036, -10.546005853454096 ], [ -77.252236361469485, -10.545267603453389 ], [ -77.267263611483372, -10.550537103458311 ], [ -77.269425736485388, -10.56022847846733 ], [ -77.291023486505338, -10.556113228463468 ], [ -77.31062886152344, -10.567691353474268 ], [ -77.32050786153259, -10.587917978493099 ], [ -77.33834573654903, -10.596054728500652 ], [ -77.36730473657579, -10.638301353540001 ], [ -77.380112486587592, -10.639444228541041 ], [ -77.395309986601603, -10.661539978561624 ], [ -77.403793986609443, -10.690967728589008 ], [ -77.385570361592642, -10.707593728604518 ], [ -77.395251611601594, -10.717806603614042 ], [ -77.415429986620197, -10.729979978625343 ], [ -77.436139236639249, -10.723640103619434 ], [ -77.491475486690177, -10.746037978640279 ], [ -77.50679686170426, -10.734619228629638 ], [ -77.523947111719991, -10.734982103629953 ], [ -77.591400736781907, -10.787257103678597 ], [ -77.610308361799198, -10.765366728658185 ], [ -77.588180486778924, -10.757151353650563 ], [ -77.577174486768811, -10.728570228623955 ], [ -77.574119986765979, -10.662659978562569 ], [ -77.586372236777166, -10.646944853547934 ], [ -77.582664361773766, -10.621851603524556 ], [ -77.574115236765948, -10.614662103517871 ], [ -77.575112111766842, -10.586162478491326 ], [ -77.595992236785932, -10.585414103490631 ], [ -77.617206236805373, -10.599904478504097 ], [ -77.637201111823671, -10.601634978505716 ], [ -77.646406236832021, -10.523167978432612 ], [ -77.670171361853704, -10.540980228449186 ], [ -77.694000611875424, -10.539501728447778 ], [ -77.708820861888967, -10.54806372845573 ], [ -77.710302736890313, -10.560185603467044 ], [ -77.735086736912876, -10.568682228474936 ], [ -77.744919486921788, -10.535646978444133 ], [ -77.720635861899652, -10.50302822841379 ], [ -77.706328236886634, -10.49879497840986 ], [ -77.708396486888518, -10.484914103396944 ], [ -77.687393611869339, -10.451966978366281 ], [ -77.686736111868711, -10.434020728349569 ], [ -77.665776736849608, -10.427118853343154 ], [ -77.64529936183088, -10.408660353325962 ], [ -77.634555861821084, -10.412265603329349 ], [ -77.597757736787415, -10.3810492283003 ], [ -77.598808611788357, -10.363134728283624 ], [ -77.619427236807198, -10.327825353250727 ], [ -77.63165573681836, -10.32220522824548 ], [ -77.651253611836268, -10.344611228266334 ], [ -77.692390611873776, -10.320902478244227 ], [ -77.752921861928797, -10.322154353245313 ], [ -77.757195361932716, -10.345363228266933 ], [ -77.749871611926125, -10.406796103324158 ], [ -77.760022361935384, -10.430079978345841 ], [ -77.767861986942521, -10.428790478344627 ], [ -77.764603111939564, -10.439481103354565 ], [ -77.787566361960401, -10.457097603370949 ], [ -77.798840861970646, -10.477335353389776 ], [ -77.770669861945137, -10.515671853425518 ], [ -77.771376486945854, -10.571614603477633 ], [ -77.784996111958222, -10.572039103477994 ], [ -77.79968336197156, -10.585323228490356 ], [ -77.83979536200782, -10.568312853474463 ], [ -77.853547487020265, -10.575843103481454 ], [ -77.876496112041025, -10.605308603508863 ], [ -77.883369112047234, -10.610992353514153 ], [ -77.886271487049839, -10.611919978514999 ], [ -77.908681612069969, -10.569593728475553 ], [ -77.900779362062849, -10.56419910347055 ], [ -77.908160112069439, -10.544287103452005 ], [ -77.939402362097454, -10.509013603419087 ], [ -77.96560736212092, -10.492970728404103 ], [ -77.96332036211885, -10.471113228383743 ], [ -77.980406237134062, -10.439374978354179 ], [ -78.014415987164355, -10.411244103327915 ], [ -78.0007069871521, -10.397468728315109 ], [ -78.010603487160907, -10.374699103293894 ], [ -78.055226612200542, -10.345365228266473 ], [ -78.056830112201865, -10.303456978227441 ], [ -78.087074237228592, -10.277117228202842 ], [ -78.08100786222316, -10.24831835317605 ], [ -78.09195511223281, -10.241976603170112 ], [ -78.08729486222866, -10.230119103159081 ], [ -78.101583862241213, -10.201105478132018 ], [ -78.163570362295559, -10.147191353081675 ], [ -78.173443362304127, -10.115214853051839 ], [ -78.185017612314212, -10.109388728046392 ], [ -78.165742237297323, -10.09194922803022 ], [ -78.175763612306014, -10.069703103009472 ], [ -78.175767612305918, -10.043955102985491 ], [ -78.196099612323621, -10.020115227963247 ], [ -78.193062487320901, -10.001353477945758 ], [ -78.208076112333885, -9.966769477913525 ], [ -78.23356048735593, -9.95130660289904 ], [ -78.224244112347819, -9.939845727888406 ], [ -78.230222612352918, -9.912544977862956 ], [ -78.224509737347972, -9.907222602858031 ], [ -78.24378511236452, -9.868488227821894 ], [ -78.234285112356247, -9.854027352808457 ], [ -78.237802737359232, -9.834187477789975 ], [ -78.229986362352449, -9.829851602785947 ], [ -78.225128862348143, -9.798361352756645 ], [ -78.295894487408859, -9.726290977689311 ], [ -78.29434173740745, -9.705425727669889 ], [ -78.30651561241784, -9.69523047766034 ], [ -78.307609362418731, -9.68393560264983 ], [ -78.319292987428739, -9.681498102647499 ], [ -78.318835987428258, -9.666658227633675 ], [ -78.33578511244265, -9.65475385262253 ], [ -78.343369112449025, -9.632910102602164 ], [ -78.358589737461898, -9.623976602593789 ], [ -78.366867237468924, -9.629685602599064 ], [ -78.361328112464165, -9.610070352580836 ], [ -78.372273487473308, -9.586238227558583 ], [ -78.365318362467406, -9.581277352554014 ], [ -78.366384737468209, -9.558914102533164 ], [ -78.391267612489045, -9.531017727507113 ], [ -78.38449023748332, -9.52096485249778 ], [ -78.396662112493431, -9.498968727477216 ], [ -78.394586112491609, -9.47765822745739 ], [ -78.404714987500085, -9.475085977454944 ], [ -78.391947237489276, -9.457939477439044 ], [ -78.38088086247997, -9.455716852437007 ], [ -78.380111362479298, -9.445490227427491 ], [ -78.391992237489205, -9.429124977412195 ], [ -78.407638612502353, -9.435845727418421 ], [ -78.406675737501487, -9.424824227408136 ], [ -78.417757862510769, -9.426154352409343 ], [ -78.416011737509294, -9.418748102402441 ], [ -78.427941362519206, -9.411289102395454 ], [ -78.426792987518184, -9.392035102377534 ], [ -78.433728487523922, -9.390374977375934 ], [ -78.428281237519315, -9.37156835235845 ], [ -78.409499862503566, -9.363119102350687 ], [ -78.427617362518674, -9.360322227347986 ], [ -78.42539648751675, -9.341298852330276 ], [ -78.437679737526963, -9.341753852330664 ], [ -78.442937487531267, -9.32702735231693 ], [ -78.456699237542665, -9.327431602317233 ], [ -78.46085548754607, -9.316185602306724 ], [ -78.474607362557421, -9.317935602308296 ], [ -78.472201112555496, -9.32881635231843 ], [ -78.481330112563043, -9.333337852322602 ], [ -78.479482362561455, -9.32190222731197 ], [ -78.498341737576908, -9.311970727302606 ], [ -78.498865112577192, -9.286921852279296 ], [ -78.525523487598889, -9.274564477267656 ], [ -78.491796862571206, -9.250869227245783 ], [ -78.484970737565362, -9.207906227205781 ], [ -78.496277362574517, -9.189505852188598 ], [ -78.533242237604568, -9.174615227174534 ], [ -78.562185487628, -9.181742227181024 ], [ -78.566361362631454, -9.193564477191986 ], [ -78.556761737623773, -9.203484352201293 ], [ -78.553878862621659, -9.23512310223075 ], [ -78.583812487645517, -9.203359352201018 ], [ -78.577040987640046, -9.194738227193032 ], [ -78.590003862650406, -9.195675727193823 ], [ -78.603081987660701, -9.175437477174899 ], [ -78.610025362666235, -9.176441352175793 ], [ -78.609933612666055, -9.160109352160594 ], [ -78.569687487633971, -9.169999977170029 ], [ -78.558736362624998, -9.147451227149094 ], [ -78.559585987625539, -9.121402352124841 ], [ -78.587046862647298, -9.081097602087164 ], [ -78.605290987661789, -9.076120977082395 ], [ -78.613103487668027, -9.081531227087387 ], [ -78.612550737667533, -9.072941227079387 ], [ -78.622605487675528, -9.08124022708707 ], [ -78.629912112681254, -9.073570352079855 ], [ -78.63774023768724, -9.047718727055729 ], [ -78.621507862674193, -9.015955102026266 ], [ -78.657937487702668, -8.995935602007391 ], [ -78.658330112702913, -8.986068351998194 ], [ -78.650505862696832, -8.990953102002809 ], [ -78.644064487691736, -8.983265601995676 ], [ -78.644923862692309, -8.96922847698262 ], [ -78.619511362672299, -8.966529976980279 ], [ -78.589943612648682, -8.942622351958203 ], [ -78.576484737637614, -8.889046601908378 ], [ -78.588281112646811, -8.858677476880056 ], [ -78.565343112628099, -8.79259897681866 ], [ -78.551573487616963, -8.775022726802387 ], [ -78.518138737589879, -8.752980601782031 ], [ -78.487242487564757, -8.751163226780486 ], [ -78.438414362524611, -8.732746601763562 ], [ -78.354810487454742, -8.673279351708526 ], [ -78.337683612440372, -8.675861351710996 ], [ -78.334249987437431, -8.666451226702247 ], [ -78.310947237417778, -8.667206976703021 ], [ -78.296261737405288, -8.658718726695176 ], [ -78.246134862362567, -8.658363226695005 ], [ -78.20715236232904, -8.632699226671214 ], [ -78.193525362317189, -8.600111351640901 ], [ -78.201654237324135, -8.574178101616711 ], [ -78.216878737337169, -8.556917976600612 ], [ -78.202597612324794, -8.526066351571917 ], [ -78.17245361229871, -8.501610476549239 ] ] ] } },
{ "type": "Feature", "properties": { "NOMBDEP": "APURIMAC", "COUNT": 80, "FIRST_IDDP": "03", "HECTARES": 2111415.17 }, "geometry": { "type": "Polygon", "coordinates": [ [ [ -72.399822231956023, -13.641849606336979 ], [ -72.402482481958444, -13.659091731353032 ], [ -72.369437481927989, -13.665660106359146 ], [ -72.354644606914349, -13.681632856374 ], [ -72.314996106877857, -13.69832423138951 ], [ -72.312339731875397, -13.708490231398965 ], [ -72.277417856843314, -13.684148481376262 ], [ -72.260766356828, -13.682339231374565 ], [ -72.249408356817568, -13.6932281063847 ], [ -72.244762481813325, -13.687431856379291 ], [ -72.244775106813336, -13.698213231389335 ], [ -72.230926731800594, -13.705277106395881 ], [ -72.231875106801439, -13.721723231411183 ], [ -72.206366731778047, -13.728071981417065 ], [ -72.189401731762459, -13.745352856433144 ], [ -72.165909731740925, -13.747636481435228 ], [ -72.147551856724064, -13.779242481464667 ], [ -72.130818356708758, -13.788203481472955 ], [ -72.091236856672396, -13.885389106563423 ], [ -72.082087856664046, -13.888066356565874 ], [ -72.077826231660097, -13.906728481583254 ], [ -72.055546231639724, -13.930678731605516 ], [ -72.060170106643895, -13.965085981637563 ], [ -72.051203106635555, -14.026748106694971 ], [ -72.063083856646372, -14.045677731712622 ], [ -72.067902356650734, -14.07654298174136 ], [ -72.056693356640395, -14.129339856790528 ], [ -72.095187481675481, -14.173404356831627 ], [ -72.076480481658336, -14.207429731863272 ], [ -72.085362231666451, -14.2086129818644 ], [ -72.125928731703496, -14.254001981906725 ], [ -72.161167731735816, -14.263794731915908 ], [ -72.187106856759527, -14.31322360696198 ], [ -72.205577356776502, -14.320250356968558 ], [ -72.22483848179418, -14.349294606995638 ], [ -72.239515606807672, -14.34847235699489 ], [ -72.249505231816784, -14.402926232045607 ], [ -72.294802231858498, -14.410792357052976 ], [ -72.289855356853934, -14.423930482065217 ], [ -72.31719923187913, -14.44068948208086 ], [ -72.340888231901005, -14.427838357068884 ], [ -72.357625356916401, -14.435963857076489 ], [ -72.365489606923646, -14.461765107100524 ], [ -72.399275356954831, -14.484169982121402 ], [ -72.440498106992919, -14.481748107119182 ], [ -72.444440481996537, -14.497034482133408 ], [ -72.491639482040171, -14.533539982167447 ], [ -72.502904982050595, -14.552580982185201 ], [ -72.461699482012421, -14.605869607234791 ], [ -72.471415107021386, -14.661308857286402 ], [ -72.560775732104105, -14.678380982302366 ], [ -72.578765857120757, -14.687869107311213 ], [ -72.59437560713522, -14.713675482335271 ], [ -72.602157607142431, -14.702789357325106 ], [ -72.599311982139795, -14.6901109823133 ], [ -72.611015357150649, -14.676129357300308 ], [ -72.644821107181997, -14.667281107292078 ], [ -72.690643357224502, -14.688655857312003 ], [ -72.697631857230988, -14.679063857303055 ], [ -72.724418607255842, -14.676703482300876 ], [ -72.725433357256804, -14.643874107270296 ], [ -72.741195732271436, -14.644521732270924 ], [ -72.770408607298563, -14.664712857289715 ], [ -72.789695732316474, -14.650213232276236 ], [ -72.828247107352254, -14.701556232324052 ], [ -72.833549482357157, -14.736896482356959 ], [ -72.846359232369082, -14.759940107378419 ], [ -72.866879232388143, -14.708312607330342 ], [ -72.910356857428525, -14.697582482320366 ], [ -72.917807732435477, -14.685262107308889 ], [ -72.935725107452114, -14.695265732318212 ], [ -72.95530660747032, -14.682683607306508 ], [ -72.974557732488236, -14.651816857277757 ], [ -72.997808482509853, -14.662773607287972 ], [ -73.014666107525514, -14.630905857258281 ], [ -73.042647982551557, -14.623083857250997 ], [ -73.043312607552167, -14.657244232282823 ], [ -73.063124982570599, -14.665804732290807 ], [ -73.098056982603069, -14.650765857276777 ], [ -73.11005473261423, -14.669921107294641 ], [ -73.104640232609214, -14.682994857306797 ], [ -73.109856482614049, -14.692304857315486 ], [ -73.153237357654419, -14.674345107298766 ], [ -73.178426107677851, -14.685681607309307 ], [ -73.190411607688986, -14.705774732328033 ], [ -73.218274732714931, -14.701611607324146 ], [ -73.228532107724476, -14.710010357331981 ], [ -73.263621107757118, -14.709789107331781 ], [ -73.284238607776302, -14.734101107354405 ], [ -73.308570357798956, -14.716513732338033 ], [ -73.328330107817351, -14.717361357338806 ], [ -73.350806607838265, -14.704029357326398 ], [ -73.364368107850908, -14.681649232305558 ], [ -73.39040310787513, -14.7160616073376 ], [ -73.404548857888315, -14.765496232383644 ], [ -73.439922482921233, -14.786953607403641 ], [ -73.465072232944635, -14.840203107453235 ], [ -73.485027357963219, -14.842570357455434 ], [ -73.514499982990671, -14.825533232439554 ], [ -73.528574233003781, -14.801351607417047 ], [ -73.549572233023312, -14.801433607417117 ], [ -73.565281233037965, -14.775833982393277 ], [ -73.562898483035738, -14.739339857359289 ], [ -73.576904358048793, -14.715509732337107 ], [ -73.571220733043489, -14.707183607329357 ], [ -73.575492233047456, -14.695087857318088 ], [ -73.562118983034992, -14.680119482304136 ], [ -73.523081732998662, -14.673049357297561 ], [ -73.514216732990405, -14.659358232284815 ], [ -73.51178935798815, -14.638140232265064 ], [ -73.533589858008469, -14.58407823221471 ], [ -73.512283232988608, -14.565855482197748 ], [ -73.507011732983699, -14.544308607177667 ], [ -73.520751607996488, -14.533547732167639 ], [ -73.535056608009825, -14.491544982128538 ], [ -73.554560608027998, -14.480695357118439 ], [ -73.551404858025052, -14.46500448210381 ], [ -73.570641358042948, -14.456570107095946 ], [ -73.581825983053378, -14.416420482058584 ], [ -73.553856733027303, -14.40122048204441 ], [ -73.553506358026993, -14.377507357022328 ], [ -73.535520108010232, -14.357800857003991 ], [ -73.528009858003259, -14.322561981971155 ], [ -73.517191357993184, -14.309361356958878 ], [ -73.512249982988592, -14.268158231920509 ], [ -73.523363232998918, -14.228330106883403 ], [ -73.544058608018219, -14.208664106865106 ], [ -73.577283233049144, -14.147175731807835 ], [ -73.586625108057845, -14.110341856773546 ], [ -73.611072233080606, -14.089935606754521 ], [ -73.625781233094315, -14.049019481716437 ], [ -73.619402358088351, -14.017062481686676 ], [ -73.625894483094399, -13.994906231666027 ], [ -73.642760483110109, -13.978535981650802 ], [ -73.655966858122412, -13.930845731606379 ], [ -73.68003710814483, -13.915322356591931 ], [ -73.694785608158554, -13.884248106562989 ], [ -73.697779358161341, -13.847415981528702 ], [ -73.721996108183902, -13.826931606509609 ], [ -73.742435608202925, -13.791757856476842 ], [ -73.747887733208017, -13.763366106450412 ], [ -73.739987358200636, -13.756233606443757 ], [ -73.693339108157204, -13.749593106437578 ], [ -73.686477233150811, -13.738601106427335 ], [ -73.66966785813517, -13.734259856423298 ], [ -73.701928358165219, -13.705283606396332 ], [ -73.715142608177501, -13.704534481395623 ], [ -73.713489983175975, -13.691158106383153 ], [ -73.729084608190504, -13.682350356374966 ], [ -73.728253733189717, -13.668428356361993 ], [ -73.744056358204418, -13.655340231349804 ], [ -73.791920858249014, -13.640959606336422 ], [ -73.805660483261804, -13.615053731312278 ], [ -73.795796108252617, -13.604320231302301 ], [ -73.81044373326624, -13.523395356226928 ], [ -73.838953858292811, -13.456376106164528 ], [ -73.82738673328204, -13.433736356143445 ], [ -73.847445983300716, -13.400918981112882 ], [ -73.828744108283288, -13.347267606062907 ], [ -73.832098358286416, -13.330156981046976 ], [ -73.805991483262105, -13.313682231031635 ], [ -73.826322358281047, -13.268928730989975 ], [ -73.824022983278908, -13.248392605970844 ], [ -73.812808608268469, -13.242240230965093 ], [ -73.808817858264732, -13.215100105939809 ], [ -73.799966858256496, -13.214542980939294 ], [ -73.79333585825033, -13.193914105920088 ], [ -73.773933608232241, -13.185154355911935 ], [ -73.771921358230387, -13.174611605902115 ], [ -73.75643960821597, -13.170714855898481 ], [ -73.73755073319839, -13.177193355904521 ], [ -73.728097608189586, -13.196915980922899 ], [ -73.740091858200742, -13.211484355936468 ], [ -73.730863358192153, -13.242649230965483 ], [ -73.736522358197419, -13.256683480978557 ], [ -73.726828108188386, -13.260537105982152 ], [ -73.727640608189148, -13.26831060598939 ], [ -73.698103483161631, -13.265496105986768 ], [ -73.686976608151269, -13.282101606002229 ], [ -73.663345733129276, -13.28189848100204 ], [ -73.608081858077838, -13.331597356048331 ], [ -73.598914108069295, -13.327956981044917 ], [ -73.587790983058937, -13.339224356055416 ], [ -73.573628858045723, -13.338900356055129 ], [ -73.571305358043588, -13.362779981077354 ], [ -73.543441358017617, -13.364277356078734 ], [ -73.521587857997289, -13.387720731100595 ], [ -73.507107482983827, -13.38412498109721 ], [ -73.480910107959431, -13.431371106141231 ], [ -73.436084357917707, -13.429960731139923 ], [ -73.428921607911022, -13.437868106147274 ], [ -73.41046035789384, -13.435949106145506 ], [ -73.403978857887807, -13.444793731153737 ], [ -73.34716335783493, -13.434832231144439 ], [ -73.333225732821973, -13.443995981152993 ], [ -73.331793107820616, -13.456377981164493 ], [ -73.3116707328019, -13.446597106155409 ], [ -73.260507857754291, -13.467937106175256 ], [ -73.245433607740267, -13.465350231172854 ], [ -73.233903232729531, -13.476586981183329 ], [ -73.220637982717193, -13.465110106172641 ], [ -73.223707482720044, -13.450617106159129 ], [ -73.204821107702486, -13.411719856122906 ], [ -73.186494607685447, -13.417021106127855 ], [ -73.186124357685102, -13.441134231150322 ], [ -73.175572982675263, -13.451510731159981 ], [ -73.148647607650247, -13.435212731144805 ], [ -73.143658607645605, -13.419063606129747 ], [ -73.126092607629261, -13.440045356149302 ], [ -73.110664857614921, -13.434543481144166 ], [ -73.097288357602451, -13.448876106157519 ], [ -73.06044423256823, -13.438020356147408 ], [ -73.044051607552987, -13.411962481123121 ], [ -73.016890107527743, -13.426712231136859 ], [ -73.00722498251875, -13.423053106133473 ], [ -72.977064732490746, -13.388173231100987 ], [ -72.910984607429356, -13.384450856097503 ], [ -72.893894482413486, -13.390337106102962 ], [ -72.884072982404362, -13.416978981127773 ], [ -72.865786482387392, -13.415880856126742 ], [ -72.838273357361842, -13.427069981137185 ], [ -72.797488232324, -13.422158106132587 ], [ -72.792745732319574, -13.456507731164562 ], [ -72.770948982299387, -13.449293731157848 ], [ -72.748466357278531, -13.481120356187494 ], [ -72.716290857248694, -13.490433356196144 ], [ -72.672067482207709, -13.522099606225623 ], [ -72.655868732192701, -13.513496981217607 ], [ -72.640800357178733, -13.539603731241931 ], [ -72.62655260716555, -13.535368606237956 ], [ -72.613426607153414, -13.546048481247885 ], [ -72.601430732142276, -13.544301606246261 ], [ -72.593390357134851, -13.562169106262902 ], [ -72.574310357117199, -13.562509356263197 ], [ -72.56048048210441, -13.551805356253242 ], [ -72.543536232088755, -13.557971981258961 ], [ -72.536160357081926, -13.57210060627213 ], [ -72.523166732069924, -13.566597481266992 ], [ -72.494838232043747, -13.579348731278866 ], [ -72.488959982038295, -13.591821231290451 ], [ -72.465884107017004, -13.587834481286711 ], [ -72.45128660700351, -13.599967856298017 ], [ -72.421804856976308, -13.605868731303486 ], [ -72.399822231956023, -13.641849606336979 ] ] ] } },
{ "type": "Feature", "properties": { "NOMBDEP": "AREQUIPA", "COUNT": 109, "FIRST_IDDP": "04", "HECTARES": 6325588.935 }, "geometry": { "type": "Polygon", "coordinates": [ [ [ -74.748680109140054, -15.600812858161543 ], [ -74.843734734228576, -15.565052983128268 ], [ -74.853408859237589, -15.573210733135843 ], [ -74.846191359230858, -15.558019608121691 ], [ -74.864089859247514, -15.539095858104089 ], [ -74.909973109290263, -15.512113608078961 ], [ -74.973625234349527, -15.490573858058891 ], [ -74.984886109360019, -15.4699631080397 ], [ -75.006843609380468, -15.460041108030468 ], [ -75.0445709844156, -15.458476983028996 ], [ -75.073326109442377, -15.442941608014531 ], [ -75.045547484416517, -15.430330233002794 ], [ -75.018485984391305, -15.382413857958172 ], [ -75.016555734389527, -15.351096232929001 ], [ -75.003879734377705, -15.330230357909567 ], [ -74.968200734344492, -15.299422232880886 ], [ -74.963638359340223, -15.253898607838492 ], [ -74.929305984308257, -15.192401857781221 ], [ -74.873749359256522, -15.151843232743449 ], [ -74.85520935923924, -15.15383048274529 ], [ -74.813049359199994, -15.137898482730463 ], [ -74.762298609152737, -15.098054857693358 ], [ -74.739486734131475, -15.123146107716728 ], [ -74.721435609114678, -15.124651857718121 ], [ -74.713706984107461, -15.138533482731054 ], [ -74.679008484075155, -15.132204107725162 ], [ -74.652038609050038, -15.139133482731614 ], [ -74.628745984028342, -15.124123607717625 ], [ -74.604568484005839, -15.148839982740649 ], [ -74.552520733957351, -15.139941232732358 ], [ -74.513862608921357, -15.148321982740169 ], [ -74.503600233911783, -15.160322482751338 ], [ -74.465759233876554, -15.173476232763589 ], [ -74.422988858836703, -15.167847607758345 ], [ -74.401550233816749, -15.178522982768289 ], [ -74.389648483805672, -15.205404232793327 ], [ -74.400828108816086, -15.220859357807727 ], [ -74.387878358804016, -15.251779607836504 ], [ -74.415306108829554, -15.299266982880729 ], [ -74.377853358794681, -15.331878607911099 ], [ -74.345817608764833, -15.336347607915261 ], [ -74.333648733753506, -15.353262857931011 ], [ -74.308700608730277, -15.359717357937031 ], [ -74.328971483749143, -15.393821357968786 ], [ -74.318264733739198, -15.439284983011127 ], [ -74.301966483724016, -15.452056733023023 ], [ -74.311148233732553, -15.46390723303406 ], [ -74.301208358723301, -15.478084608047261 ], [ -74.264604483689197, -15.47483623304424 ], [ -74.193740858623215, -15.491660108059898 ], [ -74.166473358597813, -15.483957233052735 ], [ -74.148437483581034, -15.449382733020531 ], [ -74.153922983586142, -15.446191733017557 ], [ -74.150474608582925, -15.427576108000224 ], [ -74.115005483549879, -15.411566732985325 ], [ -74.094520608530814, -15.392003107967103 ], [ -74.06542973350372, -15.402194982976582 ], [ -74.037292483477501, -15.455479608026204 ], [ -74.043418858483221, -15.491040358059324 ], [ -74.073440608511163, -15.50191873306945 ], [ -74.079185483516511, -15.515720358082312 ], [ -74.067283608505448, -15.539294233104263 ], [ -74.076545733514052, -15.552215608116294 ], [ -74.084739733521701, -15.618906983178409 ], [ -74.063415483501842, -15.629616733188367 ], [ -74.019660983461094, -15.599853483160658 ], [ -74.010276733452343, -15.559402483122978 ], [ -73.969215358414118, -15.532937983098345 ], [ -73.940299983387177, -15.483388858052205 ], [ -73.912513733361294, -15.456251108026926 ], [ -73.87212373332369, -15.432975733005255 ], [ -73.869705233321454, -15.400246607974779 ], [ -73.877075358328284, -15.389162982964454 ], [ -73.870819108322479, -15.379905732955841 ], [ -73.884079108334817, -15.337456732916294 ], [ -73.865112358317177, -15.323971732903743 ], [ -73.805930983262058, -15.324446732904185 ], [ -73.793060358250059, -15.339756982918448 ], [ -73.776336608234502, -15.338743232917494 ], [ -73.779319733237273, -15.346400357924619 ], [ -73.758865358218216, -15.385265357960817 ], [ -73.685829108150202, -15.437656358009615 ], [ -73.653037983119674, -15.416530607989934 ], [ -73.612861608082255, -15.419228607992446 ], [ -73.594108608064801, -15.403695107977978 ], [ -73.555931108029242, -15.408222232982192 ], [ -73.529571483004688, -15.392054607967134 ], [ -73.478111232956778, -15.37962060795555 ], [ -73.441673232922852, -15.355775857933349 ], [ -73.427131607909303, -15.363207857940285 ], [ -73.430351232912315, -15.379127482955097 ], [ -73.416854982899736, -15.375821107952017 ], [ -73.391235357875885, -15.399143107973739 ], [ -73.365966857852385, -15.387431107962833 ], [ -73.336280857824732, -15.405148482979339 ], [ -73.274795482767502, -15.392953857967971 ], [ -73.293800357785187, -15.359410232936733 ], [ -73.289825482781481, -15.334361107913399 ], [ -73.277732857770218, -15.318183857898347 ], [ -73.284919732776928, -15.294937107876688 ], [ -73.245933482740639, -15.286091857868453 ], [ -73.221565232717964, -15.297965107879516 ], [ -73.206832857704256, -15.293938607875745 ], [ -73.172134357671951, -15.306076107887053 ], [ -73.152954107654097, -15.283064857865634 ], [ -73.149940482651289, -15.259839107843995 ], [ -73.120582607623987, -15.230816857816963 ], [ -73.111671482615705, -15.186534857775731 ], [ -73.100784357605562, -15.187635482776763 ], [ -73.061912482569412, -15.145384732737407 ], [ -73.046768232555337, -15.140701232733043 ], [ -73.047561607556062, -15.134347857727125 ], [ -73.021837982532148, -15.131798857724748 ], [ -73.024528482534635, -15.091757732687466 ], [ -73.004241982515765, -15.064126982661721 ], [ -73.005111732516582, -15.007749607609226 ], [ -72.982742357495781, -14.982355107585576 ], [ -72.986656232499442, -14.956103357561128 ], [ -73.031852732541481, -14.89712335750621 ], [ -73.003822357515418, -14.839584357452631 ], [ -73.002784732514456, -14.814986232429703 ], [ -72.992324857504741, -14.803740482419235 ], [ -72.97931673249262, -14.806133232421466 ], [ -72.929923982446709, -14.758166357376791 ], [ -72.909080482427342, -14.770069982387875 ], [ -72.885345482405299, -14.772226357389872 ], [ -72.872405982393261, -14.761472732379856 ], [ -72.842567482365538, -14.757659857376286 ], [ -72.828247107352254, -14.701556232324052 ], [ -72.789695732316474, -14.650213232276236 ], [ -72.770408607298563, -14.664712857289715 ], [ -72.741195732271436, -14.644521732270924 ], [ -72.725433357256804, -14.643874107270296 ], [ -72.724418607255842, -14.676703482300876 ], [ -72.697631857230988, -14.679063857303055 ], [ -72.690643357224502, -14.688655857312003 ], [ -72.644821107181997, -14.667281107292078 ], [ -72.611015357150649, -14.676129357300308 ], [ -72.599311982139795, -14.6901109823133 ], [ -72.602157607142431, -14.702789357325106 ], [ -72.59437560713522, -14.713675482335271 ], [ -72.570312482112939, -14.682736357306426 ], [ -72.525390607071344, -14.667128732291882 ], [ -72.483978232032996, -14.665302232290159 ], [ -72.477096607026638, -14.658203107283542 ], [ -72.460128732010929, -14.675756482299871 ], [ -72.471939107021839, -14.705789607327839 ], [ -72.487228357035974, -14.713945232335464 ], [ -72.486663732035439, -14.74196910736155 ], [ -72.468643232018763, -14.762527482380673 ], [ -72.469184857019243, -14.786989232403457 ], [ -72.459678607010446, -14.78262810739939 ], [ -72.434570356987223, -14.790140107406371 ], [ -72.41960910697334, -14.806316357421425 ], [ -72.416717481970664, -14.822833982436803 ], [ -72.315444856877093, -14.833863232446982 ], [ -72.252639731819215, -14.803659482418787 ], [ -72.241577106809004, -14.812494232426991 ], [ -72.220634481789716, -14.799972607415313 ], [ -72.212196356781945, -14.803241732418345 ], [ -72.189323481760923, -14.778236357395036 ], [ -72.159667981733634, -14.786341607402537 ], [ -72.145744356720854, -14.777418107394206 ], [ -72.13168335670791, -14.789396232405338 ], [ -72.138603231714242, -14.812244357426616 ], [ -72.131172106707382, -14.828312857441572 ], [ -72.090248106669748, -14.856802982468032 ], [ -72.076621981657198, -14.883695607493051 ], [ -72.063095106644738, -14.887876482496917 ], [ -72.046394356629463, -14.887109732496178 ], [ -72.040321356623977, -14.839219107451569 ], [ -72.025215106610162, -14.829114857442118 ], [ -72.040519731624229, -14.810502107424826 ], [ -72.034477231618709, -14.8009319824159 ], [ -72.037010231621096, -14.76725385738454 ], [ -72.04779048163104, -14.738767607358037 ], [ -72.04063410662458, -14.688507982311208 ], [ -72.024436981609782, -14.673460982297176 ], [ -72.010551481597162, -14.643012107268797 ], [ -71.988647481577146, -14.632744732259184 ], [ -71.973564106563302, -14.65799048228264 ], [ -71.929275356522808, -14.68930335731171 ], [ -71.952178981543668, -14.703801107325273 ], [ -71.946014356538015, -14.71106435733202 ], [ -71.958969106549802, -14.732593482352085 ], [ -71.932815481525878, -14.756463107374248 ], [ -71.924003606517743, -14.789796857405264 ], [ -71.898429856494431, -14.788132607403643 ], [ -71.876106231474054, -14.801252357415802 ], [ -71.869094856467584, -14.835970857448117 ], [ -71.854972856454665, -14.854579982465387 ], [ -71.863418731462275, -14.873355857482915 ], [ -71.85960385645879, -14.883615482492457 ], [ -71.827262856429343, -14.888825357497206 ], [ -71.826301606428416, -14.906635232513786 ], [ -71.793006856398222, -14.896168732503927 ], [ -71.785156231391028, -14.912559482519157 ], [ -71.745959981355384, -14.939869982544442 ], [ -71.770240731377228, -14.982176732583937 ], [ -71.765998856373272, -15.009585357609442 ], [ -71.849319481448916, -15.045089732642792 ], [ -71.83658598143721, -15.075693107671249 ], [ -71.815475481417977, -15.07822135767354 ], [ -71.801483106405286, -15.067335107663354 ], [ -71.786300606391492, -15.069550482665353 ], [ -71.772537356378962, -15.082439482677312 ], [ -71.673706106289387, -15.089055107683061 ], [ -71.636024481255092, -15.139139232729518 ], [ -71.614562981235707, -15.145854982735669 ], [ -71.58833310621219, -15.127825732718737 ], [ -71.572343731198217, -15.061931607657277 ], [ -71.513442981145289, -15.079844482673613 ], [ -71.485870356120813, -15.059104857654106 ], [ -71.484603856119818, -15.039325732635684 ], [ -71.503669856136895, -15.027326607624625 ], [ -71.510169981142866, -15.004634857603541 ], [ -71.505226106138664, -14.975560232576436 ], [ -71.46504448110278, -14.984069357584085 ], [ -71.447501981087214, -14.979785857579978 ], [ -71.44303898108312, -14.995569232594631 ], [ -71.426727356068582, -15.00212385760061 ], [ -71.430427606071831, -15.007965107606083 ], [ -71.421470606063849, -15.012394857610138 ], [ -71.417365856060044, -15.03372573262997 ], [ -71.396865856041771, -15.045240357640528 ], [ -71.371704106019209, -15.080225982672902 ], [ -71.361846981010501, -15.079142607671802 ], [ -71.353713981003182, -15.092702857684364 ], [ -71.329940855982173, -15.09946060769043 ], [ -71.321678105974698, -15.119058607708615 ], [ -71.31008898096448, -15.118760107708212 ], [ -71.260588480921456, -15.078270232670018 ], [ -71.265541105925948, -15.062999732655847 ], [ -71.24363723090687, -15.056817107649863 ], [ -71.225921605891259, -15.069413232661393 ], [ -71.215393105882342, -15.048888232642156 ], [ -71.206962605874992, -15.050965357643992 ], [ -71.207275355875026, -15.070551857662242 ], [ -71.195358230864414, -15.090189982680382 ], [ -71.165611230838522, -15.096799857686159 ], [ -71.161651605834933, -15.109302482697768 ], [ -71.143577605819146, -15.120560607708015 ], [ -71.149040230823658, -15.137721982724074 ], [ -71.184906105854381, -15.169772107754358 ], [ -71.176757855847256, -15.1725997327569 ], [ -71.160328605832518, -15.207768232789437 ], [ -71.202079730868419, -15.245132482824749 ], [ -71.194618230861593, -15.270928357848666 ], [ -71.164237980834855, -15.290927857866913 ], [ -71.166239980836224, -15.320869982894834 ], [ -71.150527980822091, -15.355904607927258 ], [ -71.169494605838281, -15.382284107952055 ], [ -71.174331605841999, -15.424456607991383 ], [ -71.150255980820745, -15.440592733006111 ], [ -71.120094355794606, -15.427102982993148 ], [ -71.103836105780118, -15.453269983017288 ], [ -71.085426355764085, -15.458013483021432 ], [ -71.072273230752785, -15.45149710801517 ], [ -71.075454730755723, -15.438301108002921 ], [ -71.046302855730801, -15.420523607985922 ], [ -71.038970980724727, -15.405165732971509 ], [ -71.027122480714098, -15.432039232996342 ], [ -70.993957480685225, -15.45484160801702 ], [ -70.995452855686196, -15.472278733033288 ], [ -71.018363980705431, -15.500021983059501 ], [ -71.008033730696198, -15.51924035807723 ], [ -71.018356355704938, -15.529378983086838 ], [ -71.007194480695077, -15.54294973309929 ], [ -71.00817873069559, -15.563968608118881 ], [ -70.982368480672775, -15.59804348315016 ], [ -70.939163230635288, -15.618023858167977 ], [ -70.923996105621995, -15.632996608181621 ], [ -70.916343730615068, -15.652198733199347 ], [ -70.917564355615426, -15.687380733232141 ], [ -70.899665855599551, -15.713405608256011 ], [ -70.904754605603443, -15.7373399832784 ], [ -70.922630355618622, -15.746190983286999 ], [ -70.933219855627271, -15.770673733309993 ], [ -70.942268355634965, -15.774924233314128 ], [ -70.890068105588483, -15.851938233384812 ], [ -70.89291385559018, -15.888401983418822 ], [ -70.865783605566833, -15.889386108419165 ], [ -70.843276980546776, -15.923255858450194 ], [ -70.832199230536702, -15.949095733474019 ], [ -70.842460605545043, -15.969344108493097 ], [ -70.820198105525748, -15.978467983501082 ], [ -70.828605605532445, -15.99920560852059 ], [ -70.816558855522061, -16.00275610852362 ], [ -70.82094573052521, -16.029750858548855 ], [ -70.804084730510127, -16.053827233570864 ], [ -70.856735230555429, -16.056337358574442 ], [ -70.866805980563612, -16.080081983596767 ], [ -70.878105105573397, -16.081443733598274 ], [ -70.875060980570467, -16.094577733610436 ], [ -70.895484980587952, -16.105224608620777 ], [ -70.867111230562841, -16.128484733641841 ], [ -70.867828355562935, -16.153865858665494 ], [ -70.878593480572007, -16.166616483677597 ], [ -70.860244730555877, -16.175571483685545 ], [ -70.853889480549881, -16.196687733705065 ], [ -70.866958605560654, -16.224584608731334 ], [ -70.844505355540903, -16.234723983740263 ], [ -70.867576605560458, -16.258640233763057 ], [ -70.876480105567751, -16.281553233784575 ], [ -70.886138855576149, -16.285272608788247 ], [ -70.903426980591405, -16.277610733781483 ], [ -70.917381230603539, -16.28317448378694 ], [ -70.939109855622334, -16.29893298380204 ], [ -70.943611105626005, -16.314405483816532 ], [ -70.986289980663699, -16.309946108813168 ], [ -70.969398605647754, -16.369607983868413 ], [ -70.975097605652408, -16.391029358888471 ], [ -70.963829105642276, -16.399740233896367 ], [ -70.975616480652363, -16.418321608913892 ], [ -70.953231855631799, -16.459947608952245 ], [ -70.956085230634088, -16.472520858964007 ], [ -70.979522730654722, -16.480573608971937 ], [ -70.993453980666857, -16.496553358987057 ], [ -71.012565605683818, -16.498578983989276 ], [ -71.019241355689971, -16.486890733978495 ], [ -71.037257855706045, -16.485685608977672 ], [ -71.047195480715388, -16.454402983948697 ], [ -71.072654855737952, -16.465755483959658 ], [ -71.081939730746356, -16.456857733951523 ], [ -71.108459480769952, -16.465705858960149 ], [ -71.124725355784619, -16.461072983956075 ], [ -71.139518730797676, -16.474973733969208 ], [ -71.19702910584941, -16.471658733966848 ], [ -71.219139105869431, -16.460565608956777 ], [ -71.242103605890122, -16.463064233959372 ], [ -71.249343855896427, -16.482358983977413 ], [ -71.237495480885386, -16.514591234007309 ], [ -71.249099730895338, -16.564100359053541 ], [ -71.262840230907557, -16.584911234073065 ], [ -71.260406480905161, -16.605201734091935 ], [ -71.279151855922024, -16.615821859102009 ], [ -71.283904980925669, -16.682239484163919 ], [ -71.296012855936425, -16.706266359186422 ], [ -71.28581235592705, -16.716354359195705 ], [ -71.289092980929937, -16.726457609205141 ], [ -71.327171355964353, -16.752445234229715 ], [ -71.34698485598247, -16.742242984220407 ], [ -71.353286730988373, -16.724952734204354 ], [ -71.36943048100315, -16.719676984199594 ], [ -71.425926231054547, -16.741376859220253 ], [ -71.444740231071194, -16.815931359289834 ], [ -71.435501106062588, -16.836147359308587 ], [ -71.44203185606851, -16.843547859315532 ], [ -71.440818731067239, -16.864692734335225 ], [ -71.422485356050217, -16.89639848436461 ], [ -71.424400356051791, -16.918313984385037 ], [ -71.45984648108417, -16.937362609403028 ], [ -71.46520235608898, -16.953914609418494 ], [ -71.458953856083184, -16.960912734424962 ], [ -71.404571481033315, -16.956764234420678 ], [ -71.390830981020585, -16.978069359440408 ], [ -71.39488210602417, -16.992849359454205 ], [ -71.385787981015596, -17.020501984479882 ], [ -71.365234355996833, -17.014110609473754 ], [ -71.357315105989485, -17.024354984483217 ], [ -71.339424105973109, -17.021758984480634 ], [ -71.319053605954281, -17.04145435949879 ], [ -71.324691855959287, -17.060308484516408 ], [ -71.30224610593838, -17.093851109547419 ], [ -71.316329980951011, -17.124738734576326 ], [ -71.355316105986532, -17.151273734601396 ], [ -71.40858973103505, -17.209682484656231 ], [ -71.423515356048583, -17.236616109681442 ], [ -71.440956106064533, -17.251716609695642 ], [ -71.465549981087193, -17.254502734698416 ], [ -71.496017481115089, -17.284938859726978 ], [ -71.509315481127473, -17.268609984711862 ], [ -71.524070731141137, -17.265325484708885 ], [ -71.528671231145339, -17.271131484714335 ], [ -71.537918106153981, -17.253957734698393 ], [ -71.564018231178011, -17.261568109705632 ], [ -71.673217731279138, -17.217367234665041 ], [ -71.829948481424282, -17.176696734627789 ], [ -71.86860660646019, -17.149278609602383 ], [ -71.930213981517426, -17.080684609538682 ], [ -72.016410856597389, -17.032869359494352 ], [ -72.023117106603621, -17.022392234484609 ], [ -72.041488606620675, -17.015876734478585 ], [ -72.073570231650407, -17.022363609484682 ], [ -72.09110273166668, -17.011894234474969 ], [ -72.112205481686246, -17.015758484478607 ], [ -72.103805481678464, -16.996259734460438 ], [ -72.122497481695845, -16.978174234443639 ], [ -72.119293231692893, -16.969924984435934 ], [ -72.143852231715684, -16.965789859432132 ], [ -72.145980856717642, -16.956531484423511 ], [ -72.165138231735412, -16.948177359415755 ], [ -72.164947481735283, -16.938108484406396 ], [ -72.184318481753252, -16.935749109404213 ], [ -72.184417731753356, -16.924783734394005 ], [ -72.195686356763787, -16.926803609395893 ], [ -72.211524981778538, -16.902446734373246 ], [ -72.22760010679346, -16.894329109365696 ], [ -72.232521106798032, -16.900550859371506 ], [ -72.276466356838824, -16.873100234345998 ], [ -72.288482606849996, -16.875133484347902 ], [ -72.287292481848894, -16.86058998433435 ], [ -72.296836856857752, -16.849033359323606 ], [ -72.288703856850219, -16.837026484312403 ], [ -72.312042231871928, -16.813777984290777 ], [ -72.310119606870174, -16.807619109285056 ], [ -72.326469481885312, -16.802850734280632 ], [ -72.329078731887734, -16.789230359267936 ], [ -72.354110731911007, -16.765956859246284 ], [ -72.37425998192974, -16.760751734241456 ], [ -72.373123106928688, -16.752489109233764 ], [ -72.400688231954277, -16.751111984232509 ], [ -72.405311606958591, -16.738941109221187 ], [ -72.416610731969087, -16.736162234218597 ], [ -72.447875981998152, -16.702382984187167 ], [ -72.593666107133643, -16.667327859154618 ], [ -72.709045357240925, -16.65269273414102 ], [ -72.751998857280867, -16.638114984127462 ], [ -72.920089732437262, -16.518485984016099 ], [ -72.986846982499401, -16.517435109015128 ], [ -73.004127482515486, -16.50703235900545 ], [ -73.011695857522525, -16.512359609010403 ], [ -73.04877473255705, -16.499944733998841 ], [ -73.055488607563277, -16.487121608986914 ], [ -73.103393607607899, -16.454816858956828 ], [ -73.129615732632303, -16.4510288589533 ], [ -73.148582482649942, -16.438812233941928 ], [ -73.159156857659781, -16.419925733924345 ], [ -73.18934635768791, -16.415397608920124 ], [ -73.208442732705663, -16.400392483906153 ], [ -73.235008232730422, -16.415277483920015 ], [ -73.243576107738377, -16.406793608912114 ], [ -73.260391232754046, -16.409278858914433 ], [ -73.260360732754009, -16.401985108907635 ], [ -73.272209107765065, -16.398200983904104 ], [ -73.291511482783008, -16.405775108911168 ], [ -73.305931107796425, -16.37527085888275 ], [ -73.300765982791646, -16.352064108861157 ], [ -73.314201357804151, -16.338703108848705 ], [ -73.451255857931756, -16.281307108795271 ], [ -73.48219285796057, -16.283689483797481 ], [ -73.559333858032403, -16.24449348376098 ], [ -73.567405733039919, -16.249540358765682 ], [ -73.619926483088832, -16.230085358747562 ], [ -73.649169983116067, -16.23428910875149 ], [ -73.676208483141224, -16.223558483741488 ], [ -73.700324983163696, -16.241554233758247 ], [ -73.699706983163125, -16.219940233738114 ], [ -73.727882358189376, -16.195247608715125 ], [ -73.834815983288934, -16.154563858677246 ], [ -73.870117233321821, -16.134908733658929 ], [ -73.887336733337861, -16.110494608636195 ], [ -73.95302585839903, -16.075109608603242 ], [ -73.959114108404691, -16.060815858589933 ], [ -73.979408233423612, -16.052959483582608 ], [ -73.98962398343312, -16.039115858569726 ], [ -74.017822233459384, -16.03687473356765 ], [ -74.033172608473677, -16.01757435854967 ], [ -74.025596608466628, -15.992517483526333 ], [ -74.054450983493496, -15.95452310849095 ], [ -74.175033608605787, -15.896978358437355 ], [ -74.241599983667783, -15.878699358420336 ], [ -74.251823483677299, -15.855140733398398 ], [ -74.279006983702644, -15.838818608383194 ], [ -74.291778608714509, -15.837009483381511 ], [ -74.304397608726276, -15.846495608390336 ], [ -74.313217108734477, -15.839898108384203 ], [ -74.326736483747084, -15.849730483393357 ], [ -74.326797483747129, -15.842042983386198 ], [ -74.395477233811107, -15.82935710837438 ], [ -74.439117483851732, -15.794912358342311 ], [ -74.462737983873723, -15.75542923330554 ], [ -74.459648108870852, -15.741156608292254 ], [ -74.468620358879207, -15.721769358274194 ], [ -74.680297859076347, -15.64512535820281 ], [ -74.748680109140054, -15.600812858161543 ] ], [ [ -71.194778480848413, -16.384626358885779 ], [ -71.17161573082771, -16.376926483878318 ], [ -71.153434730811341, -16.382579858883346 ], [ -71.137741105797062, -16.399003983898435 ], [ -71.116325355777903, -16.399732608898827 ], [ -71.103233355766079, -16.408702858906988 ], [ -71.08599085575085, -16.39922335889791 ], [ -71.095626855759434, -16.398549983897425 ], [ -71.087585480752509, -16.381103358881056 ], [ -71.101730355765682, -16.341237983844152 ], [ -71.142936730802731, -16.323116358827846 ], [ -71.148513855807579, -16.331964483836146 ], [ -71.136375480796602, -16.342317608845629 ], [ -71.142532355802004, -16.351299358854085 ], [ -71.17607885583206, -16.348726233852112 ], [ -71.197189355850895, -16.356656983859761 ], [ -71.202819855855779, -16.372053108874166 ], [ -71.194778480848413, -16.384626358885779 ] ] ] } },
{ "type": "Feature", "properties": { "NOMBDEP": "AYACUCHO", "COUNT": 111, "FIRST_IDDP": "05", "HECTARES": 4350381.783 }, "geometry": { "type": "Polygon", "coordinates": [ [ [ -74.345945608764964, -12.173736729970022 ], [ -74.351847483770456, -12.17693522997301 ], [ -74.344979858764077, -12.19427485498916 ], [ -74.334185483753998, -12.19446422998935 ], [ -74.329763108749887, -12.210900980004629 ], [ -74.336520983756174, -12.214933480008412 ], [ -74.321872983742537, -12.22977710502221 ], [ -74.291485108714255, -12.223049605015952 ], [ -74.284072108707335, -12.240642605032324 ], [ -74.269830358694065, -12.239347855031134 ], [ -74.257538858682636, -12.25644235504706 ], [ -74.247756233673528, -12.25804335504853 ], [ -74.245509858671426, -12.269479230059169 ], [ -74.232632108659431, -12.267505980057368 ], [ -74.218042608645845, -12.278080230067204 ], [ -74.218701608646455, -12.301735605089233 ], [ -74.190141608619854, -12.302420980089863 ], [ -74.184894233614983, -12.316153605102677 ], [ -74.166227733597594, -12.31239735509917 ], [ -74.147331858580003, -12.324382730110338 ], [ -74.131159983564942, -12.31460510510122 ], [ -74.125167108559339, -12.33385948011915 ], [ -74.104120608539745, -12.313243230099946 ], [ -74.097353608533439, -12.283709355072441 ], [ -74.059281608497997, -12.276550855065791 ], [ -74.039786733479843, -12.261408730051679 ], [ -74.021875483463162, -12.277363855066552 ], [ -73.999850483442629, -12.283576855072319 ], [ -73.987496608431144, -12.27166473006122 ], [ -73.980451608424573, -12.242588355034149 ], [ -73.970615233415401, -12.275564105064872 ], [ -73.970072483414896, -12.347811480132158 ], [ -73.947766608394133, -12.350661855134799 ], [ -73.928019483375763, -12.378752355160968 ], [ -73.885924983336551, -12.406140480186451 ], [ -73.854310108307104, -12.489056730263679 ], [ -73.853189983306052, -12.534363105305886 ], [ -73.844185858297678, -12.539458230310624 ], [ -73.833176483287431, -12.530666980302444 ], [ -73.824022983278908, -12.533477980305058 ], [ -73.804799858261006, -12.575980480344633 ], [ -73.80063323325713, -12.614583480380576 ], [ -73.769508108228138, -12.648211605411896 ], [ -73.745106233205405, -12.657269980420343 ], [ -73.736931233197794, -12.640016105404264 ], [ -73.725038483186722, -12.636729605401221 ], [ -73.71210448317467, -12.665964980428422 ], [ -73.69832823316186, -12.672134105434184 ], [ -73.693272358157159, -12.687719355448694 ], [ -73.6824648581471, -12.687812105448764 ], [ -73.656095358122528, -12.723469730481998 ], [ -73.659888108126054, -12.734395105492171 ], [ -73.625667233094219, -12.764992480520661 ], [ -73.626729108095191, -12.787694480541774 ], [ -73.615451358084698, -12.808016480560726 ], [ -73.590021733061008, -12.824168105575758 ], [ -73.59145110806233, -12.84284460559315 ], [ -73.581899108053463, -12.8586798556079 ], [ -73.52367648299925, -12.899478105645899 ], [ -73.533295358008203, -12.919329480664372 ], [ -73.529846108004975, -12.931963355676146 ], [ -73.520283482996092, -12.939215605682898 ], [ -73.496603607974038, -12.932529855676684 ], [ -73.510236357986727, -12.951541105694387 ], [ -73.50803585798468, -12.971897355713331 ], [ -73.530032483005144, -12.985266105725794 ], [ -73.519940357995765, -13.004688105743869 ], [ -73.504680982981569, -13.01112248074986 ], [ -73.487608607965669, -12.998910980738488 ], [ -73.47657260795539, -13.001102230740534 ], [ -73.478464857957135, -13.03427073077142 ], [ -73.492529107970256, -13.047020105783304 ], [ -73.490306732968193, -13.066475980801414 ], [ -73.478180982956872, -13.055917980791568 ], [ -73.461928232941759, -13.079983355813981 ], [ -73.448838107929575, -13.080279730814267 ], [ -73.455432607935734, -13.093394480826493 ], [ -73.443453982924581, -13.10482973083713 ], [ -73.455154107935471, -13.120741605851936 ], [ -73.438531857919969, -13.128748980859413 ], [ -73.434799482916517, -13.139967980869855 ], [ -73.424122982906567, -13.13044160586098 ], [ -73.414661607897756, -13.145089105874623 ], [ -73.402233357886203, -13.181712730908732 ], [ -73.414969982898043, -13.195513980921575 ], [ -73.409618982893065, -13.211918730936853 ], [ -73.400137607884247, -13.210041230935115 ], [ -73.382324732867659, -13.224873605948924 ], [ -73.382465482867786, -13.238438730961548 ], [ -73.370895357857023, -13.245948605968552 ], [ -73.364348357850943, -13.269428480990408 ], [ -73.34621173283405, -13.278436855998802 ], [ -73.352734857840133, -13.290692356010236 ], [ -73.341003482829223, -13.291928481011368 ], [ -73.348176607835867, -13.30232048102105 ], [ -73.311404357801663, -13.325889481042999 ], [ -73.312052232802259, -13.337785106054072 ], [ -73.302618607793463, -13.351935481067251 ], [ -73.289582732781355, -13.354993606070106 ], [ -73.286913357778886, -13.372564981086477 ], [ -73.260095482753911, -13.384225106097309 ], [ -73.249042982743632, -13.40363723111539 ], [ -73.210993857708232, -13.420785981131351 ], [ -73.209774982707088, -13.432538731142321 ], [ -73.223707482720044, -13.450617106159129 ], [ -73.220637982717193, -13.465110106172641 ], [ -73.235317732730849, -13.476693731183429 ], [ -73.245433607740267, -13.465350231172854 ], [ -73.260507857754291, -13.467937106175256 ], [ -73.3116707328019, -13.446597106155409 ], [ -73.331793107820616, -13.456377981164493 ], [ -73.333225732821973, -13.443995981152993 ], [ -73.34716335783493, -13.434832231144439 ], [ -73.403978857887807, -13.444793731153737 ], [ -73.41046035789384, -13.435949106145506 ], [ -73.428921607911022, -13.437868106147274 ], [ -73.436084357917707, -13.429960731139923 ], [ -73.480910107959431, -13.431371106141231 ], [ -73.507107482983827, -13.38412498109721 ], [ -73.521587857997289, -13.387720731100595 ], [ -73.543441358017617, -13.364277356078734 ], [ -73.571305358043588, -13.362779981077354 ], [ -73.573628858045723, -13.338900356055129 ], [ -73.587790983058937, -13.339224356055416 ], [ -73.598914108069295, -13.327956981044917 ], [ -73.608081858077838, -13.331597356048331 ], [ -73.663345733129276, -13.28189848100204 ], [ -73.686976608151269, -13.282101606002229 ], [ -73.698103483161631, -13.265496105986768 ], [ -73.727640608189148, -13.26831060598939 ], [ -73.726828108188386, -13.260537105982152 ], [ -73.736367483197284, -13.257447480979243 ], [ -73.730863358192153, -13.242649230965483 ], [ -73.740091858200742, -13.211484355936468 ], [ -73.728261733189726, -13.198025355923916 ], [ -73.72905473319048, -13.187431605914057 ], [ -73.752699108212482, -13.171174105898913 ], [ -73.771921358230387, -13.174611605902115 ], [ -73.773933608232241, -13.185154355911935 ], [ -73.79333585825033, -13.193914105920088 ], [ -73.799966858256496, -13.214542980939294 ], [ -73.808817858264732, -13.215100105939809 ], [ -73.812808608268469, -13.242240230965093 ], [ -73.824022983278908, -13.248392605970844 ], [ -73.823000108277952, -13.284598356004526 ], [ -73.805852358261987, -13.312997231030991 ], [ -73.832098358286416, -13.330156981046976 ], [ -73.828744108283288, -13.347267606062907 ], [ -73.847445983300716, -13.400918981112882 ], [ -73.82738673328204, -13.433736356143445 ], [ -73.838953858292811, -13.456376106164528 ], [ -73.81044373326624, -13.523395356226928 ], [ -73.795796108252617, -13.604320231302301 ], [ -73.805660483261804, -13.615053731312278 ], [ -73.791920858249014, -13.640959606336422 ], [ -73.744056358204418, -13.655340231349804 ], [ -73.728253733189717, -13.668428356361993 ], [ -73.729084608190504, -13.682350356374966 ], [ -73.713489983175975, -13.691158106383153 ], [ -73.715142608177501, -13.704534481395623 ], [ -73.701928358165219, -13.705283606396332 ], [ -73.66966785813517, -13.734259856423298 ], [ -73.686477233150811, -13.738601106427335 ], [ -73.693339108157204, -13.749593106437578 ], [ -73.739987358200636, -13.756233606443757 ], [ -73.747887733208017, -13.763366106450412 ], [ -73.742435608202925, -13.791757856476842 ], [ -73.721996108183902, -13.826931606509609 ], [ -73.697779358161341, -13.847415981528702 ], [ -73.694785608158554, -13.884248106562989 ], [ -73.68003710814483, -13.915322356591931 ], [ -73.655966858122412, -13.930845731606379 ], [ -73.642760483110109, -13.978535981650802 ], [ -73.625894483094399, -13.994906231666027 ], [ -73.619402358088351, -14.017062481686676 ], [ -73.625781233094315, -14.049019481716437 ], [ -73.611072233080606, -14.089935606754521 ], [ -73.586625108057845, -14.110341856773546 ], [ -73.577283233049144, -14.147175731807835 ], [ -73.544058608018219, -14.208664106865106 ], [ -73.523363232998918, -14.228330106883403 ], [ -73.512249982988592, -14.268158231920509 ], [ -73.517191357993184, -14.309361356958878 ], [ -73.528009858003259, -14.322561981971155 ], [ -73.535520108010232, -14.357800857003991 ], [ -73.553506358026993, -14.377507357022328 ], [ -73.553856733027303, -14.40122048204441 ], [ -73.581825983053378, -14.416420482058584 ], [ -73.570641358042948, -14.456570107095946 ], [ -73.551404858025052, -14.46500448210381 ], [ -73.554560608027998, -14.480695357118439 ], [ -73.535056608009825, -14.491544982128538 ], [ -73.520751607996488, -14.533547732167639 ], [ -73.507011732983699, -14.544308607177667 ], [ -73.512283232988608, -14.565855482197748 ], [ -73.533589858008469, -14.58407823221471 ], [ -73.51178935798815, -14.638140232265064 ], [ -73.514216732990405, -14.659358232284815 ], [ -73.523081732998662, -14.673049357297561 ], [ -73.562118983034992, -14.680119482304136 ], [ -73.575492233047456, -14.695087857318088 ], [ -73.571220733043489, -14.707183607329357 ], [ -73.576904358048793, -14.715509732337107 ], [ -73.562898483035738, -14.739339857359289 ], [ -73.563425733036226, -14.779392732396593 ], [ -73.549572233023312, -14.801433607417117 ], [ -73.528187483003407, -14.801703107417378 ], [ -73.513441357989677, -14.826189482440169 ], [ -73.485027357963219, -14.842570357455434 ], [ -73.465072232944635, -14.840203107453235 ], [ -73.439922482921233, -14.786953607403641 ], [ -73.404548857888315, -14.765496232383644 ], [ -73.39040310787513, -14.7160616073376 ], [ -73.364368107850908, -14.681649232305558 ], [ -73.350806607838265, -14.704029357326398 ], [ -73.328330107817351, -14.717361357338806 ], [ -73.308570357798956, -14.716513732338033 ], [ -73.284238607776302, -14.734101107354405 ], [ -73.263621107757118, -14.709789107331781 ], [ -73.228532107724476, -14.710010357331981 ], [ -73.218274732714931, -14.701611607324146 ], [ -73.190411607688986, -14.705774732328033 ], [ -73.178426107677851, -14.685681607309307 ], [ -73.153237357654419, -14.674345107298766 ], [ -73.109856482614049, -14.692304857315486 ], [ -73.104640232609214, -14.682994857306797 ], [ -73.11005473261423, -14.669921107294641 ], [ -73.098056982603069, -14.650765857276777 ], [ -73.063124982570599, -14.665804732290807 ], [ -73.043312607552167, -14.657244232282823 ], [ -73.042647982551557, -14.623083857250997 ], [ -73.014666107525514, -14.630905857258281 ], [ -72.997808482509853, -14.662773607287972 ], [ -72.974557732488236, -14.651816857277757 ], [ -72.95530660747032, -14.682683607306508 ], [ -72.935725107452114, -14.695265732318212 ], [ -72.917807732435477, -14.685262107308889 ], [ -72.910356857428525, -14.697582482320366 ], [ -72.866879232388143, -14.708312607330342 ], [ -72.846824607369513, -14.759823857378317 ], [ -72.872405982393261, -14.761472732379856 ], [ -72.885345482405299, -14.772226357389872 ], [ -72.909080482427342, -14.770069982387875 ], [ -72.929923982446709, -14.758166357376791 ], [ -72.97931673249262, -14.806133232421466 ], [ -72.992324857504741, -14.803740482419235 ], [ -73.002784732514456, -14.814986232429703 ], [ -73.003822357515418, -14.839584357452631 ], [ -73.031852732541481, -14.89712335750621 ], [ -72.986656232499442, -14.956103357561128 ], [ -72.982742357495781, -14.982355107585576 ], [ -73.005111732516582, -15.007749607609226 ], [ -73.004241982515765, -15.064126982661721 ], [ -73.024528482534635, -15.091757732687466 ], [ -73.021837982532148, -15.131798857724748 ], [ -73.047561607556062, -15.134347857727125 ], [ -73.046768232555337, -15.140701232733043 ], [ -73.061912482569412, -15.145384732737407 ], [ -73.100784357605562, -15.187635482776763 ], [ -73.111671482615705, -15.186534857775731 ], [ -73.120582607623987, -15.230816857816963 ], [ -73.149940482651289, -15.259839107843995 ], [ -73.152954107654097, -15.283064857865634 ], [ -73.172134357671951, -15.306076107887053 ], [ -73.206832857704256, -15.293938607875745 ], [ -73.221565232717964, -15.297965107879516 ], [ -73.245933482740639, -15.286091857868453 ], [ -73.284919732776928, -15.294937107876688 ], [ -73.277732857770218, -15.318183857898347 ], [ -73.289825482781481, -15.334361107913399 ], [ -73.293800357785187, -15.359410232936733 ], [ -73.275932357768539, -15.393769232968721 ], [ -73.296302857787495, -15.392517107967564 ], [ -73.336280857824732, -15.405148482979339 ], [ -73.365966857852385, -15.387431107962833 ], [ -73.391235357875885, -15.399143107973739 ], [ -73.416854982899736, -15.375821107952017 ], [ -73.430351232912315, -15.379127482955097 ], [ -73.427131607909303, -15.363207857940285 ], [ -73.441673232922852, -15.355775857933349 ], [ -73.478111232956778, -15.37962060795555 ], [ -73.529571483004688, -15.392054607967134 ], [ -73.555931108029242, -15.408222232982192 ], [ -73.594108608064801, -15.403695107977978 ], [ -73.612861608082255, -15.419228607992446 ], [ -73.653037983119674, -15.416530607989934 ], [ -73.685829108150202, -15.437656358009615 ], [ -73.758865358218216, -15.385265357960817 ], [ -73.779319733237273, -15.346400357924619 ], [ -73.776336608234502, -15.338743232917494 ], [ -73.793060358250059, -15.339756982918448 ], [ -73.805930983262058, -15.324446732904185 ], [ -73.865112358317177, -15.323971732903743 ], [ -73.884079108334817, -15.337456732916294 ], [ -73.870819108322479, -15.379905732955841 ], [ -73.877075358328284, -15.389162982964454 ], [ -73.869705233321454, -15.400246607974779 ], [ -73.87212373332369, -15.432975733005255 ], [ -73.912513733361294, -15.456251108026926 ], [ -73.940299983387177, -15.483388858052205 ], [ -73.969215358414118, -15.532937983098345 ], [ -74.010276733452343, -15.559402483122978 ], [ -74.019660983461094, -15.599853483160658 ], [ -74.066604608504804, -15.630020108188759 ], [ -74.084739733521701, -15.618906983178409 ], [ -74.076545733514052, -15.552215608116294 ], [ -74.067283608505448, -15.539294233104263 ], [ -74.079185483516511, -15.515720358082312 ], [ -74.073440608511163, -15.50191873306945 ], [ -74.043418858483221, -15.491040358059324 ], [ -74.037292483477501, -15.456077608026767 ], [ -74.06542973350372, -15.402194982976582 ], [ -74.094520608530814, -15.392003107967103 ], [ -74.115005483549879, -15.411566732985325 ], [ -74.150474608582925, -15.427576108000224 ], [ -74.153922983586142, -15.446191733017557 ], [ -74.148437483581034, -15.449382733020531 ], [ -74.166473358597813, -15.483957233052735 ], [ -74.193740858623215, -15.491660108059898 ], [ -74.264604483689197, -15.47483623304424 ], [ -74.301208358723301, -15.478084608047261 ], [ -74.311148233732553, -15.46390723303406 ], [ -74.301966483724016, -15.452056733023023 ], [ -74.318264733739198, -15.439284983011127 ], [ -74.328971483749143, -15.393821357968786 ], [ -74.308700608730277, -15.359717357937031 ], [ -74.333648733753506, -15.353262857931011 ], [ -74.345817608764833, -15.336347607915261 ], [ -74.377853358794681, -15.331878607911099 ], [ -74.415306108829554, -15.299266982880729 ], [ -74.387878358804016, -15.251779607836504 ], [ -74.400828108816086, -15.220859357807727 ], [ -74.389648483805672, -15.205404232793327 ], [ -74.401550233816749, -15.178522982768289 ], [ -74.422988858836703, -15.167847607758345 ], [ -74.465759233876554, -15.173476232763589 ], [ -74.503600233911783, -15.160322482751338 ], [ -74.513862608921357, -15.148321982740169 ], [ -74.552520733957351, -15.139941232732358 ], [ -74.604568484005839, -15.148839982740649 ], [ -74.628745984028342, -15.124123607717625 ], [ -74.652038609050038, -15.139133482731614 ], [ -74.679008484075155, -15.132204107725162 ], [ -74.713706984107461, -15.138533482731054 ], [ -74.722313109115476, -15.124023482717531 ], [ -74.752578734143668, -15.11340423270766 ], [ -74.762298609152737, -15.098054857693358 ], [ -74.757999984148711, -15.092835982688488 ], [ -74.729607484122283, -15.085396482681567 ], [ -74.665294984062371, -15.049836232648456 ], [ -74.665693734062756, -14.997902357600084 ], [ -74.646303359044708, -14.977893482581445 ], [ -74.659385234056884, -14.970336107574409 ], [ -74.68532860908104, -14.93015448253699 ], [ -74.662392734059665, -14.900123107509037 ], [ -74.681066234077065, -14.87308323248384 ], [ -74.675821734072173, -14.862072482473604 ], [ -74.680960859076976, -14.854278857466337 ], [ -74.693840359088966, -14.838155232451319 ], [ -74.720795109114079, -14.836728482449994 ], [ -74.732509734124989, -14.846660107459236 ], [ -74.730886734123459, -14.841451232454391 ], [ -74.733404359125814, -14.837915982451104 ], [ -74.746244109137763, -14.843554732456347 ], [ -74.754580109145536, -14.835290982448658 ], [ -74.751504234142658, -14.827554482441451 ], [ -74.71439685910812, -14.817800982432376 ], [ -74.747755484139191, -14.813104357427997 ], [ -74.764702109154968, -14.79045648240691 ], [ -74.755763484146627, -14.783091982400041 ], [ -74.752692484143779, -14.76404135738229 ], [ -74.738526609130588, -14.753734482372705 ], [ -74.734340359126691, -14.729790732350391 ], [ -74.715697109109328, -14.70977673233177 ], [ -74.750807359142016, -14.729389232350048 ], [ -74.777380359166756, -14.729389232350043 ], [ -74.802697234190333, -14.75215235737123 ], [ -74.825298359211388, -14.736444982356605 ], [ -74.83110048421679, -14.718298732339704 ], [ -74.845742109230429, -14.707979482330087 ], [ -74.837798234223044, -14.695791107318762 ], [ -74.848572859233059, -14.672183857296762 ], [ -74.788166234176828, -14.615563232244023 ], [ -74.859029234242797, -14.608379607237337 ], [ -74.88396485926603, -14.576222607207395 ], [ -74.875342984257998, -14.555267107187888 ], [ -74.884248734266293, -14.545480982178752 ], [ -74.902758234283539, -14.546673482179868 ], [ -74.913392109293426, -14.565616357197518 ], [ -74.946628359324393, -14.58083523221168 ], [ -74.958919734335836, -14.606451232235544 ], [ -74.97801873435364, -14.602371607231751 ], [ -74.996196984370556, -14.611899607240609 ], [ -75.010033234383457, -14.606156232235259 ], [ -75.031764609403695, -14.610657107239453 ], [ -75.055957859426201, -14.626884857254591 ], [ -75.065858234435439, -14.574483482205773 ], [ -75.080089984448676, -14.569009982200665 ], [ -75.080822484449385, -14.551430232184313 ], [ -75.067328859436799, -14.527937357162415 ], [ -75.08667535945483, -14.530205857164537 ], [ -75.09813773446551, -14.48509723212254 ], [ -75.068459359437867, -14.458357607097636 ], [ -75.070190984439478, -14.449158482089054 ], [ -75.052994109423452, -14.431150357072294 ], [ -75.08896860945697, -14.426408982067873 ], [ -75.105841734472691, -14.434044232075006 ], [ -75.121942609487661, -14.427275732068708 ], [ -75.119137609485051, -14.421131107062964 ], [ -75.139826109504327, -14.415908232058094 ], [ -75.105086859471982, -14.358777857004899 ], [ -75.107911609474598, -14.347015856993938 ], [ -75.09392685946159, -14.312424481961735 ], [ -75.082211234450654, -14.297281981947615 ], [ -75.049703609420391, -14.286538731937622 ], [ -75.032197859404079, -14.265679106918203 ], [ -75.039512109410907, -14.254167481907491 ], [ -75.066042984435597, -14.25161085690509 ], [ -75.073668109442707, -14.23561235689021 ], [ -75.088163359456217, -14.230900356885812 ], [ -75.090794859458668, -14.215177731871155 ], [ -75.064601734434262, -14.137984356799274 ], [ -75.036499984408096, -14.097929981761979 ], [ -75.029129984401237, -14.071949981737783 ], [ -74.975113234350914, -14.074285106739945 ], [ -74.943603484321585, -14.09492185675918 ], [ -74.933501984312159, -14.091880856756351 ], [ -74.924201234303496, -14.099474606763394 ], [ -74.90789060928833, -14.092154231756606 ], [ -74.896201234277441, -14.103904231767551 ], [ -74.878113234260582, -14.076253856741795 ], [ -74.860794859244464, -14.06719335673335 ], [ -74.852744109236966, -14.076205106741748 ], [ -74.841765609226741, -14.071304731737177 ], [ -74.825187484211284, -14.092279231756724 ], [ -74.771544859161338, -14.090318356754885 ], [ -74.758712859149369, -14.078595731743963 ], [ -74.783570484172543, -14.019214856688672 ], [ -74.778590984167892, -13.998345981669242 ], [ -74.785330734174181, -13.990267981661711 ], [ -74.767954734157996, -13.978552356650804 ], [ -74.785923109174718, -13.928788356604459 ], [ -74.777007859166417, -13.897503856575328 ], [ -74.785155234174013, -13.888310231566749 ], [ -74.767386734157469, -13.866587856546518 ], [ -74.760363734150928, -13.831487231513854 ], [ -74.778923859168202, -13.784605481470187 ], [ -74.762314484152739, -13.781904356467681 ], [ -74.766792984156922, -13.772488231458894 ], [ -74.753890609144889, -13.73697660642585 ], [ -74.775391234164914, -13.710538481401199 ], [ -74.781151359170281, -13.648183731343151 ], [ -74.771388234161179, -13.606498856304343 ], [ -74.799569984187428, -13.547469981249346 ], [ -74.831859984217516, -13.532189981235124 ], [ -74.862179984245756, -13.481789981188181 ], [ -74.902099984282927, -13.46643998117389 ], [ -74.904019984284702, -13.430469981140391 ], [ -74.892659984274133, -13.414459981125473 ], [ -74.897019984278202, -13.393859981106299 ], [ -74.869189984252273, -13.360099981074866 ], [ -74.848549984233046, -13.353359856068591 ], [ -74.808879984196096, -13.357419981072365 ], [ -74.770087859159986, -13.346328106062048 ], [ -74.759622234150243, -13.325071106042246 ], [ -74.739029234131038, -13.339572231055753 ], [ -74.734354609126711, -13.357403981072338 ], [ -74.718279984111717, -13.363789981078309 ], [ -74.633209984032504, -13.345099981060898 ], [ -74.666995609063974, -13.327435731044437 ], [ -74.686056484081718, -13.286370981006206 ], [ -74.663498109060697, -13.271484355992346 ], [ -74.644654234043145, -13.274136730994812 ], [ -74.600688734002205, -13.227385480951277 ], [ -74.595634733997514, -13.212845730937726 ], [ -74.585953108988491, -13.210759730935786 ], [ -74.572326983975785, -13.184734480911558 ], [ -74.557795983962279, -13.185558480912318 ], [ -74.54221285894775, -13.200501980926237 ], [ -74.525611358932281, -13.189593730916069 ], [ -74.51705873392433, -13.196691855922685 ], [ -74.494171858903002, -13.186595730913291 ], [ -74.458438858869727, -13.19003810591648 ], [ -74.420425733834321, -13.159539105888085 ], [ -74.396009983811581, -13.168829980896744 ], [ -74.388719983804819, -13.129659980860254 ], [ -74.410869983825421, -13.119699980850969 ], [ -74.411269983825804, -13.079389980813461 ], [ -74.379909983796608, -13.024489980762329 ], [ -74.345876358764912, -13.025844605763586 ], [ -74.3103488587318, -13.059605605795001 ], [ -74.280136858703685, -13.074185480808611 ], [ -74.27197298369606, -13.0684007308032 ], [ -74.270165358694385, -13.025550355763297 ], [ -74.292073733714801, -12.987220980727605 ], [ -74.29936998372159, -12.958039980700423 ], [ -74.295446483717939, -12.936881730680739 ], [ -74.304489983726342, -12.92937998067373 ], [ -74.326046233746439, -12.929864480674183 ], [ -74.330059983750175, -12.915419980660754 ], [ -74.319199983740049, -12.886519980633841 ], [ -74.332489983752424, -12.857999980607287 ], [ -74.329629983749797, -12.836149980586933 ], [ -74.294898483717418, -12.830152355581337 ], [ -74.298414108720692, -12.805744980558599 ], [ -74.295729858718204, -12.798949980552276 ], [ -74.286219983709344, -12.801349855554504 ], [ -74.284969983708194, -12.788309980542357 ], [ -74.294089983716674, -12.75117998050778 ], [ -74.313529983734782, -12.737099980494675 ], [ -74.328369983748587, -12.744239980501312 ], [ -74.349369983768156, -12.717139980476082 ], [ -74.340839983760219, -12.690159980450956 ], [ -74.327169983747467, -12.680199980441682 ], [ -74.342229858761499, -12.625339980390592 ], [ -74.324229983744743, -12.603859980370599 ], [ -74.363289983781129, -12.594269980361668 ], [ -74.366319983783939, -12.575829980344494 ], [ -74.386859983803078, -12.566809980336096 ], [ -74.384269983800664, -12.544849980315655 ], [ -74.400009983815323, -12.524559980296736 ], [ -74.398699983814083, -12.502689980276378 ], [ -74.415189983829464, -12.49174998026621 ], [ -74.401579983816788, -12.467479980243576 ], [ -74.409249983823912, -12.451919980229093 ], [ -74.453929983865521, -12.443909980221639 ], [ -74.506999983914966, -12.448239980225683 ], [ -74.52204998392898, -12.436129980214389 ], [ -74.52059998392761, -12.409649980189728 ], [ -74.534899983940932, -12.409999980190062 ], [ -74.549429983954468, -12.3738499801564 ], [ -74.564619983968612, -12.360909980144337 ], [ -74.575989983979213, -12.373169980155756 ], [ -74.581176983984051, -12.332669355118044 ], [ -74.555446858960067, -12.288089105076521 ], [ -74.507102358915063, -12.312464480099218 ], [ -74.490982483900041, -12.278892605067979 ], [ -74.474968733885134, -12.272074230061603 ], [ -74.444412733856666, -12.271521230061106 ], [ -74.433837858846829, -12.302943355090351 ], [ -74.416289858830481, -12.304769980092072 ], [ -74.384779983801138, -12.2715299800611 ], [ -74.39367998380942, -12.252469980043351 ], [ -74.37606998379303, -12.229189980021669 ], [ -74.387369983803552, -12.187979979983291 ], [ -74.378849983795618, -12.176009979972163 ], [ -74.350779983769456, -12.167949979964659 ], [ -74.345945608764964, -12.173736729970022 ] ], [ [ -73.740171733200796, -15.265978107849726 ], [ -73.748512983208585, -15.260190232844343 ], [ -73.739206483199908, -15.308554982889383 ], [ -73.684903858149326, -15.334224982913282 ], [ -73.659566108125745, -15.318735232898867 ], [ -73.639165858106765, -15.289516982871655 ], [ -73.644178358111418, -15.278971232861824 ], [ -73.665858983131614, -15.270952107854358 ], [ -73.687310233151564, -15.276044607859118 ], [ -73.685613983149992, -15.266482232850205 ], [ -73.701448733164753, -15.247120857832169 ], [ -73.740171733200796, -15.265978107849726 ] ] ] } },
{ "type": "Feature", "properties": { "NOMBDEP": "CAJAMARCA", "COUNT": 127, "FIRST_IDDP": "06", "HECTARES": 3304465.549 }, "geometry": { "type": "Polygon", "coordinates": [ [ [ -79.296191363090855, -7.129617225262735 ], [ -79.313704488098665, -7.120663100254097 ], [ -79.312916238097685, -7.090386225225955 ], [ -79.330540988105184, -7.075572975211819 ], [ -79.323022738100875, -7.026480350166303 ], [ -79.296652238088498, -7.000738225142866 ], [ -79.307292988092684, -6.968615600112791 ], [ -79.299229988088499, -6.940722350086979 ], [ -79.310141488093123, -6.925395975072527 ], [ -79.311008863093036, -6.901341725050141 ], [ -79.295641613085749, -6.883502350033816 ], [ -79.27307598807522, -6.876653850027829 ], [ -79.26274036306998, -6.859156225011731 ], [ -79.224793613051474, -6.858376100011628 ], [ -79.207087863041906, -6.821439474977546 ], [ -79.120847737995106, -6.776969974937355 ], [ -79.138747363004455, -6.73924172490204 ], [ -79.142726613006062, -6.699895349865382 ], [ -79.171046863021274, -6.701703099866639 ], [ -79.188427738030597, -6.716540974880203 ], [ -79.196447113034395, -6.695170474860229 ], [ -79.218449238045494, -6.692679349857564 ], [ -79.229060363050394, -6.67140597483762 ], [ -79.271872238071026, -6.680265599845192 ], [ -79.295589988081758, -6.676136224840926 ], [ -79.304023363085051, -6.651605349817977 ], [ -79.325888613094321, -6.640496099807269 ], [ -79.344751988102331, -6.646464849812451 ], [ -79.362496363109315, -6.634765224801238 ], [ -79.335736113097738, -6.602429474771658 ], [ -79.347926738102146, -6.573687724744706 ], [ -79.360664113107191, -6.568835974739949 ], [ -79.369613363109707, -6.520802849695121 ], [ -79.404426488123278, -6.541321224713507 ], [ -79.421943738129329, -6.533363474705765 ], [ -79.417135988127015, -6.505321349679778 ], [ -79.433889488132223, -6.481160224656981 ], [ -79.422695488128085, -6.467488849644496 ], [ -79.422888238127825, -6.45188197462999 ], [ -79.453155863136658, -6.399085599580252 ], [ -79.446671863134029, -6.376717724559597 ], [ -79.458451113137684, -6.372091849555051 ], [ -79.442890613132434, -6.359671849543817 ], [ -79.42265773812457, -6.310430099498458 ], [ -79.405620738118685, -6.31207197450033 ], [ -79.386180613111364, -6.298128349487743 ], [ -79.352772988098707, -6.303981724493785 ], [ -79.344821488095093, -6.28134522447287 ], [ -79.32903486308841, -6.266270224459131 ], [ -79.300487488076371, -6.267469724460719 ], [ -79.276995988065565, -6.241553599437001 ], [ -79.279048363066281, -6.229257724425541 ], [ -79.249102863052528, -6.224439349421513 ], [ -79.273952988062888, -6.164865849365714 ], [ -79.273383613062336, -6.147727724349793 ], [ -79.260202613056293, -6.142091099344754 ], [ -79.235093363043831, -6.093722724300095 ], [ -79.201334363027627, -6.100412349306798 ], [ -79.181916738017776, -6.089338724296759 ], [ -79.188935613020874, -6.058923974268387 ], [ -79.175441363013803, -6.041955099252762 ], [ -79.190003988020891, -6.02476559923659 ], [ -79.203960988027774, -6.024056599235745 ], [ -79.216443363034287, -6.051576224261161 ], [ -79.224938613038418, -6.054705849263974 ], [ -79.240874238045521, -6.028633724239501 ], [ -79.266012488056987, -6.025022724235774 ], [ -79.263300738055406, -6.003262724215574 ], [ -79.300404613071308, -5.985154349198138 ], [ -79.322141113080619, -5.999126099210779 ], [ -79.31108761307668, -6.034648724244013 ], [ -79.317009738079292, -6.042896474251582 ], [ -79.345398488090055, -6.005841849216651 ], [ -79.349017613090979, -5.979687849192258 ], [ -79.395917863108252, -5.977193099189104 ], [ -79.418016113116352, -6.002987099212692 ], [ -79.420509988116535, -5.972099974183912 ], [ -79.398359363108554, -5.949929724163714 ], [ -79.361890613094999, -5.932759724148385 ], [ -79.359581988093879, -5.919539099136139 ], [ -79.333570363083311, -5.894150349112961 ], [ -79.35278911309041, -5.872630849092626 ], [ -79.350316363089121, -5.855107474076386 ], [ -79.369769488096011, -5.833880849056312 ], [ -79.376470738097808, -5.799099599023862 ], [ -79.389820363102402, -5.791089849016172 ], [ -79.398523488105013, -5.770925723997247 ], [ -79.398289113103559, -5.70050972393179 ], [ -79.386570363099224, -5.685999973918488 ], [ -79.371468738092247, -5.598730473837592 ], [ -79.398480488100375, -5.53348047377648 ], [ -79.387130863096303, -5.521919848765933 ], [ -79.328960988075195, -5.5350800987791 ], [ -79.310070363067453, -5.519769473765159 ], [ -79.283499988056533, -5.525320348770697 ], [ -79.268960988050111, -5.513285098759719 ], [ -79.297615238061411, -5.459947348709688 ], [ -79.294334113059705, -5.43866009868993 ], [ -79.305124988063923, -5.425671848677711 ], [ -79.307857488064045, -5.365277348621489 ], [ -79.319738238068709, -5.362273473618521 ], [ -79.326052738070942, -5.348037098605197 ], [ -79.328072238071186, -5.315914098575272 ], [ -79.359048863082236, -5.288626973549443 ], [ -79.348189488077381, -5.233660098498486 ], [ -79.369042988084473, -5.21236134847835 ], [ -79.378408113087318, -5.1899784734574 ], [ -79.367484363083292, -5.174513723443203 ], [ -79.341857363073913, -5.163999973433809 ], [ -79.341203113073277, -5.140728348412186 ], [ -79.326443363067426, -5.120017598393122 ], [ -79.29372461305438, -5.109736348384019 ], [ -79.27654886304677, -5.07404884835107 ], [ -79.278027363046959, -5.042634723321819 ], [ -79.260595738039569, -5.040269473319858 ], [ -79.248808613034683, -5.055630848334283 ], [ -79.246072238032767, -5.002749973285119 ], [ -79.219441363020678, -4.988851598272523 ], [ -79.208089863015147, -4.96395697324949 ], [ -79.140074237982134, -4.963839848250113 ], [ -79.110693362967083, -4.979201223264718 ], [ -79.075080112947916, -4.970453098256886 ], [ -79.070072237945325, -4.987953098273215 ], [ -79.053093737935953, -4.988445348273828 ], [ -79.03347848792508, -5.011531223295484 ], [ -79.011947237912665, -5.013986348297952 ], [ -79.008341737910314, -4.985173848271156 ], [ -78.991394487900166, -4.96577534825327 ], [ -78.972275362888183, -4.894865223187401 ], [ -78.908273487848703, -4.89517572318815 ], [ -78.891925112838251, -4.888053848181638 ], [ -78.889533237836616, -4.873026348167647 ], [ -78.907349487847839, -4.861832598157119 ], [ -78.911862112850599, -4.848470473144658 ], [ -78.896896487841005, -4.832195348129593 ], [ -78.891685487837492, -4.808005848107129 ], [ -78.912855487850806, -4.78919334808948 ], [ -78.903451237844692, -4.764967223066995 ], [ -78.883027987831554, -4.745441223048934 ], [ -78.883201112831443, -4.715560598021117 ], [ -78.863585987818567, -4.679896472988059 ], [ -78.839220112802437, -4.656037847966008 ], [ -78.804759737779321, -4.637925722949335 ], [ -78.774335612758634, -4.642060722953315 ], [ -78.7620624877501, -4.629105097941316 ], [ -78.705955112710697, -4.623873097936695 ], [ -78.665028112681384, -4.655827722966621 ], [ -78.651722612671648, -4.646183597957699 ], [ -78.637872487661554, -4.656415222967293 ], [ -78.644486362666527, -4.683220722992206 ], [ -78.635783612660106, -4.685378972994251 ], [ -78.63171023765716, -4.698434598006422 ], [ -78.639999987663316, -4.705228473012729 ], [ -78.644661362666866, -4.736452348041773 ], [ -78.624137987651764, -4.741726848046759 ], [ -78.600081987633942, -4.770451223073602 ], [ -78.621978487650367, -4.795113223096492 ], [ -78.610251987641732, -4.819800723119513 ], [ -78.611076112642451, -4.83898434813737 ], [ -78.639099612663586, -4.916634723209564 ], [ -78.637496112662518, -4.940179723231473 ], [ -78.646271487669068, -4.964164098253777 ], [ -78.62291786265186, -4.977337723266125 ], [ -78.61963073764953, -5.000525098287729 ], [ -78.640694487665243, -5.024041723309535 ], [ -78.657714112677951, -5.067422973349835 ], [ -78.680618487694701, -5.072479973354443 ], [ -78.683410987696774, -5.087025723367976 ], [ -78.700624237709278, -5.104082723383785 ], [ -78.710894987716927, -5.156772223432778 ], [ -78.702988237711537, -5.207726598480263 ], [ -78.68408623769804, -5.239026723509479 ], [ -78.684244112698309, -5.267490223536011 ], [ -78.654425862676533, -5.274300723542485 ], [ -78.641570487667181, -5.303751973569947 ], [ -78.605240237640118, -5.30944134857538 ], [ -78.539871612590559, -5.365686473628012 ], [ -78.518580112574185, -5.398476598658617 ], [ -78.522770612577546, -5.416873848675737 ], [ -78.511280362568712, -5.44342734870049 ], [ -78.513960112570842, -5.453374723709748 ], [ -78.543436987593722, -5.471767348726759 ], [ -78.543077112593494, -5.48176709873607 ], [ -78.558249987605237, -5.496361348749626 ], [ -78.55023461259924, -5.533094723783845 ], [ -78.582990487624357, -5.550738598800151 ], [ -78.624770987656333, -5.639364723882504 ], [ -78.639033237666993, -5.645114848887763 ], [ -78.651081862676108, -5.675630098916137 ], [ -78.686330237702151, -5.698887973937625 ], [ -78.683797862700359, -5.707054098945227 ], [ -78.652249612677224, -5.723822973960997 ], [ -78.655009862679336, -5.736513973972801 ], [ -78.689948237705053, -5.747832848983164 ], [ -78.704316487715772, -5.794555224026584 ], [ -78.712120737721634, -5.829907099059441 ], [ -78.699147987712308, -5.840760849069625 ], [ -78.691136987706656, -5.874303724100885 ], [ -78.695933612710263, -5.888527349114107 ], [ -78.673150362693704, -5.916445349140209 ], [ -78.660320362684445, -5.95555859917669 ], [ -78.641517487670527, -5.969847599190099 ], [ -78.624879487658248, -6.007358349225099 ], [ -78.613041862649382, -6.016520349233682 ], [ -78.610548862647676, -6.053394474268042 ], [ -78.601903487641181, -6.065527224279361 ], [ -78.58235161262634, -6.078621849291644 ], [ -78.517506862576084, -6.071517349285291 ], [ -78.49888261256153, -6.088653224301317 ], [ -78.498443862561246, -6.102500849314206 ], [ -78.477282737544556, -6.114830349325775 ], [ -78.475842237543489, -6.132626224342346 ], [ -78.466654612536189, -6.134718724344343 ], [ -78.417789487497217, -6.190516349396447 ], [ -78.415417237495362, -6.21260647441703 ], [ -78.399933737482883, -6.228421599431786 ], [ -78.370089112458615, -6.2390839744418 ], [ -78.36934348745811, -6.273293224473669 ], [ -78.335386112430328, -6.31867947451603 ], [ -78.33264261242816, -6.352304724547341 ], [ -78.303248612403863, -6.374111849567723 ], [ -78.291260237393885, -6.372518349566289 ], [ -78.277511737382468, -6.398929724590912 ], [ -78.268287112374736, -6.391109349583647 ], [ -78.24345173735388, -6.401710474593591 ], [ -78.209985862325723, -6.458030224646089 ], [ -78.190029487308777, -6.457016099645181 ], [ -78.187134737306323, -6.469351599656673 ], [ -78.176725237297461, -6.474639849661641 ], [ -78.173839862295054, -6.493705474679386 ], [ -78.164365362286958, -6.49080084967671 ], [ -78.153303862277497, -6.498667349684045 ], [ -78.151166987275673, -6.511597349696109 ], [ -78.136027737262722, -6.526301974709814 ], [ -78.13755848726413, -6.562729099743741 ], [ -78.117052612246511, -6.577369349757405 ], [ -78.121565362250408, -6.594503474773346 ], [ -78.104725112235954, -6.62382359980068 ], [ -78.107599112238447, -6.642332224817922 ], [ -78.094845112227446, -6.657121099831717 ], [ -78.080003987214596, -6.655737349830463 ], [ -78.078299112213131, -6.66873522484256 ], [ -78.057322987194922, -6.676702724850021 ], [ -78.047345112186264, -6.689420099861881 ], [ -78.038146487178338, -6.745757849914346 ], [ -78.029788487171089, -6.767900224934976 ], [ -78.022632237164842, -6.768878224935887 ], [ -78.021010112163481, -6.818256349981888 ], [ -78.0140638621574, -6.822303224985681 ], [ -78.031219737172449, -6.847048225008688 ], [ -78.001449737146416, -6.865782725026176 ], [ -78.007138987151436, -6.87723272503683 ], [ -78.000673112145805, -6.912483475069673 ], [ -78.01414336215764, -6.931602725087464 ], [ -78.000845612145994, -6.940244850095528 ], [ -78.001749862146838, -6.969338975122612 ], [ -77.988491112135208, -6.975324350128221 ], [ -78.000396487145679, -6.989135225141071 ], [ -77.984891987132059, -7.001248725152376 ], [ -77.987195112134117, -7.012597850162924 ], [ -77.971122237119985, -7.025887350175315 ], [ -77.965921112115439, -7.050773975198513 ], [ -77.948365362099963, -7.066804725213446 ], [ -77.949287112100791, -7.078424725224271 ], [ -77.92974023708355, -7.10554672524956 ], [ -77.925612487079945, -7.154573100295219 ], [ -77.897868987055347, -7.166807225306663 ], [ -77.897780112055287, -7.182487100321251 ], [ -77.881068612040451, -7.19461597533256 ], [ -77.882009737041315, -7.220549600356721 ], [ -77.849239612012127, -7.235571475370729 ], [ -77.859427737021221, -7.254023475387904 ], [ -77.856810862018918, -7.282620975414568 ], [ -77.841488987005263, -7.288769600420294 ], [ -77.832827861997515, -7.304550975434982 ], [ -77.838371737002532, -7.341119350469039 ], [ -77.828925361994067, -7.344413350472132 ], [ -77.820797736986833, -7.368649350494703 ], [ -77.824995736990601, -7.378663850504031 ], [ -77.771630736942754, -7.418814100541459 ], [ -77.768012486939526, -7.440147350561332 ], [ -77.755421361928171, -7.441045975562179 ], [ -77.741702736915855, -7.469639850588835 ], [ -77.747324236920917, -7.480345725598786 ], [ -77.764872986936723, -7.479449225597948 ], [ -77.791195361960405, -7.500001975617053 ], [ -77.856855487019246, -7.523531225638907 ], [ -77.867941362029228, -7.583025350694293 ], [ -77.922415987077713, -7.599736350709789 ], [ -77.913137862069519, -7.625865850734162 ], [ -77.940503237093836, -7.640627350747872 ], [ -77.931952487086249, -7.652493100758914 ], [ -77.936584237090372, -7.65747722576355 ], [ -77.960138987111208, -7.655261225761475 ], [ -77.962802237113593, -7.674313600779197 ], [ -77.973846237123354, -7.6670368507724 ], [ -77.998642237145233, -7.679073975783572 ], [ -78.049568362189973, -7.678562475783025 ], [ -78.081221112217648, -7.696168850799338 ], [ -78.116053362247825, -7.654007350760038 ], [ -78.128384237258516, -7.653224225759272 ], [ -78.14230386227058, -7.664832475770044 ], [ -78.1410038622695, -7.682720850786712 ], [ -78.158862737284934, -7.693350725796567 ], [ -78.171345112295754, -7.713393850815216 ], [ -78.190287737312033, -7.717504475818992 ], [ -78.198087362318731, -7.729085850829765 ], [ -78.219350737336924, -7.724458100825388 ], [ -78.211262987330045, -7.742506600842224 ], [ -78.212786112331401, -7.75686372585558 ], [ -78.221820362339116, -7.763460975861722 ], [ -78.281156112389468, -7.747277600846488 ], [ -78.276206987385194, -7.719557975820694 ], [ -78.302802737407518, -7.696462725799108 ], [ -78.312351362415583, -7.702871475805049 ], [ -78.330138862430459, -7.699628225801987 ], [ -78.34796498744528, -7.685716475788948 ], [ -78.359462737454777, -7.668005350772436 ], [ -78.360236237455325, -7.644890100750898 ], [ -78.371863237464964, -7.644601600750589 ], [ -78.382819237473967, -7.630107100737037 ], [ -78.376892237469079, -7.624650725731976 ], [ -78.378165987470013, -7.59403510070348 ], [ -78.366150612460046, -7.590236225699996 ], [ -78.356792237452211, -7.574006100684892 ], [ -78.360827237455396, -7.529961350643895 ], [ -78.349001987445519, -7.511246100626497 ], [ -78.32574998742615, -7.509904350625324 ], [ -78.327787112427799, -7.497468725613717 ], [ -78.368169862461372, -7.500316350616251 ], [ -78.403084487490091, -7.483492600600465 ], [ -78.415632862500374, -7.485070350601878 ], [ -78.49139261256208, -7.55487310066658 ], [ -78.624572237666868, -7.548558600660015 ], [ -78.65024236268637, -7.52779860064055 ], [ -78.627317237668521, -7.478857350595092 ], [ -78.627794737668722, -7.452641850570715 ], [ -78.639108987677261, -7.432537100551913 ], [ -78.654935237689287, -7.426032850545763 ], [ -78.663993737696003, -7.40362135052485 ], [ -78.688638612714655, -7.414081975534423 ], [ -78.713326237733042, -7.409636725530145 ], [ -78.733724612748205, -7.420677725540266 ], [ -78.760124987767384, -7.401984350522692 ], [ -78.781287487782862, -7.423668725542704 ], [ -78.78991411278885, -7.395154350516094 ], [ -78.801408112797105, -7.403512100523771 ], [ -78.803689612798891, -7.419377850538558 ], [ -78.841619362825824, -7.437617350555219 ], [ -78.847756487830253, -7.452768850569259 ], [ -78.886685112857435, -7.484101600598074 ], [ -78.861058362839941, -7.497857225611103 ], [ -78.851087987833239, -7.522117225633781 ], [ -78.861496987840582, -7.531857850642758 ], [ -78.895908362864262, -7.537437350647655 ], [ -78.912773987875838, -7.55108660066017 ], [ -78.944343737897469, -7.598417975703907 ], [ -78.942187487896376, -7.627201225730715 ], [ -78.953540987904134, -7.649800725751651 ], [ -78.962391737910053, -7.658794850759935 ], [ -78.992148737929412, -7.66094935076161 ], [ -79.041232487959604, -7.599887475704174 ], [ -79.038604237957472, -7.562062475669014 ], [ -79.059847237970303, -7.546675475654437 ], [ -79.057005612968311, -7.527702100636811 ], [ -79.071551862976818, -7.50534572561581 ], [ -79.065428112972654, -7.472708600585517 ], [ -79.12276173800602, -7.441644475555846 ], [ -79.154492238023963, -7.43913485055304 ], [ -79.161769613027644, -7.418381225533617 ], [ -79.187790113041487, -7.396876475513213 ], [ -79.186498488040456, -7.377347225495057 ], [ -79.194442738044657, -7.373373725491244 ], [ -79.231472363064313, -7.390929725506977 ], [ -79.260874613078855, -7.378995100495359 ], [ -79.28290211308898, -7.348743475466835 ], [ -79.315797613104579, -7.359554100476268 ], [ -79.366484113126205, -7.331439350449087 ], [ -79.36927536312723, -7.324124975442231 ], [ -79.327525488108819, -7.308937475428966 ], [ -79.306853488098909, -7.283714850405889 ], [ -79.282626988087387, -7.275060600398302 ], [ -79.26915498808097, -7.278338850401573 ], [ -79.279321988085272, -7.247702475372884 ], [ -79.269025363079948, -7.2280547253548 ], [ -79.275552988082836, -7.215539350343048 ], [ -79.251803738070976, -7.198348600327449 ], [ -79.274548988081719, -7.182782975312581 ], [ -79.280956363084258, -7.157078975288584 ], [ -79.305301238095382, -7.147146225278892 ], [ -79.296191363090855, -7.129617225262735 ] ] ] } },
{ "type": "Feature", "properties": { "NOMBDEP": "CALLAO", "COUNT": 6, "FIRST_IDDP": "07", "HECTARES": 14140.954 }, "geometry": { "type": "Polygon", "coordinates": [ [ [ -77.156419861381153, -12.067919979871439 ], [ -77.159208986383717, -12.074326229877405 ], [ -77.170724611394391, -12.073068354876217 ], [ -77.148621111373899, -12.058607479862752 ], [ -77.156320361381063, -12.048474604853325 ], [ -77.148714861373989, -12.057414104861653 ], [ -77.146271486371717, -12.044072229849231 ], [ -77.142056611367806, -12.046761729851728 ], [ -77.140824361366668, -12.045617229850663 ], [ -77.142953111368641, -12.037437479843051 ], [ -77.148962861374216, -12.038912104844412 ], [ -77.155683736380468, -12.046685604851657 ], [ -77.156287111381019, -12.046921854851872 ], [ -77.138718736364723, -12.019349604826202 ], [ -77.133552736359931, -11.963134729773852 ], [ -77.158097611382658, -11.871033229688056 ], [ -77.172089861395619, -11.846415979665155 ], [ -77.183976611406635, -11.844263729663131 ], [ -77.187097611409513, -11.828361354648337 ], [ -77.128777361355446, -11.820111354640664 ], [ -77.113678861341441, -11.833651104653256 ], [ -77.110519486338546, -11.854044729672271 ], [ -77.1001559863289, -11.859180604677061 ], [ -77.089958986319488, -11.900087854715151 ], [ -77.103121111331689, -11.935083979747731 ], [ -77.095889986324991, -11.950089979761724 ], [ -77.128689986355397, -11.937179979749684 ], [ -77.111379736339345, -11.975483479785375 ], [ -77.118342111345811, -11.993189854801845 ], [ -77.089119111318709, -12.012158229819514 ], [ -77.096183611325259, -12.033703104839583 ], [ -77.082940486312964, -12.036417854842117 ], [ -77.076894486307367, -12.047451229852397 ], [ -77.087600736317299, -12.0518657298565 ], [ -77.087257361317015, -12.061511354865472 ], [ -77.104571111333058, -12.063350604867193 ], [ -77.111533236339511, -12.079492229882218 ], [ -77.156419861381153, -12.067919979871439 ] ] ] } },
{ "type": "Feature", "properties": { "NOMBDEP": "CUSCO", "COUNT": 108, "FIRST_IDDP": "08", "HECTARES": 7207614.24 }, "geometry": { "type": "Polygon", "coordinates": [ [ [ -71.510169981142866, -15.004634857603541 ], [ -71.503669856136895, -15.027326607624625 ], [ -71.484603856119818, -15.039325732635684 ], [ -71.485870356120813, -15.059104857654106 ], [ -71.513442981145289, -15.079844482673613 ], [ -71.572343731198217, -15.061931607657277 ], [ -71.58833310621219, -15.127825732718737 ], [ -71.614562981235707, -15.145854982735669 ], [ -71.636024481255092, -15.139139232729518 ], [ -71.673706106289387, -15.089055107683061 ], [ -71.772537356378962, -15.082439482677312 ], [ -71.786300606391492, -15.069550482665353 ], [ -71.801483106405286, -15.067335107663354 ], [ -71.815475481417977, -15.07822135767354 ], [ -71.83658598143721, -15.075693107671249 ], [ -71.849319481448916, -15.045089732642792 ], [ -71.765998856373272, -15.009585357609442 ], [ -71.770240731377228, -14.982176732583937 ], [ -71.745959981355384, -14.939869982544442 ], [ -71.785156231391028, -14.912559482519157 ], [ -71.793006856398222, -14.896168732503927 ], [ -71.826301606428416, -14.906635232513786 ], [ -71.827262856429343, -14.888825357497206 ], [ -71.85960385645879, -14.883615482492457 ], [ -71.863418731462275, -14.873355857482915 ], [ -71.854972856454665, -14.854579982465387 ], [ -71.869094856467584, -14.835970857448117 ], [ -71.876106231474054, -14.801252357415802 ], [ -71.898429856494431, -14.788132607403643 ], [ -71.924003606517743, -14.789796857405264 ], [ -71.932815481525878, -14.756463107374248 ], [ -71.958969106549802, -14.732593482352085 ], [ -71.946014356538015, -14.71106435733202 ], [ -71.952178981543668, -14.703801107325273 ], [ -71.929275356522808, -14.68930335731171 ], [ -71.973564106563302, -14.65799048228264 ], [ -71.988647481577146, -14.632744732259184 ], [ -72.012680106599092, -14.645556482271145 ], [ -72.044418356628015, -14.702810232324557 ], [ -72.04779048163104, -14.738767607358037 ], [ -72.034492481618742, -14.792941107408463 ], [ -72.040519731624229, -14.810502107424826 ], [ -72.025215106610162, -14.829114857442118 ], [ -72.040321356623977, -14.839219107451569 ], [ -72.046844481629861, -14.887439732496485 ], [ -72.076621981657198, -14.883695607493051 ], [ -72.090248106669748, -14.856802982468032 ], [ -72.131172106707382, -14.828312857441572 ], [ -72.138603231714242, -14.812244357426616 ], [ -72.13168335670791, -14.789396232405338 ], [ -72.145744356720854, -14.777418107394206 ], [ -72.159667981733634, -14.786341607402537 ], [ -72.189323481760923, -14.778236357395036 ], [ -72.212196356781945, -14.803241732418345 ], [ -72.220634481789716, -14.799972607415313 ], [ -72.241577106809004, -14.812494232426991 ], [ -72.252639731819215, -14.803659482418787 ], [ -72.318389731879833, -14.834089232447193 ], [ -72.406478856961201, -14.827085482440751 ], [ -72.417762731971621, -14.821931857435956 ], [ -72.41960910697334, -14.806316357421425 ], [ -72.434570356987223, -14.790140107406371 ], [ -72.459678607010446, -14.78262810739939 ], [ -72.469184857019243, -14.786989232403457 ], [ -72.468643232018763, -14.762527482380673 ], [ -72.48643498203522, -14.742505107362046 ], [ -72.48264310703172, -14.730405857350782 ], [ -72.488464357037103, -14.723461107344312 ], [ -72.48684698203563, -14.713180482334748 ], [ -72.47151185702144, -14.705152357327258 ], [ -72.460128732010929, -14.675756482299871 ], [ -72.471771232021709, -14.661398857286491 ], [ -72.461699482012421, -14.605869607234791 ], [ -72.502904982050595, -14.552580982185201 ], [ -72.491639482040171, -14.533539982167447 ], [ -72.444440481996537, -14.497034482133408 ], [ -72.440498106992919, -14.481748107119182 ], [ -72.399275356954831, -14.484169982121402 ], [ -72.365489606923646, -14.461765107100524 ], [ -72.357625356916401, -14.435963857076489 ], [ -72.340888231901005, -14.427838357068884 ], [ -72.31719923187913, -14.44068948208086 ], [ -72.289855356853934, -14.423930482065217 ], [ -72.294802231858498, -14.410792357052976 ], [ -72.249505231816784, -14.402926232045607 ], [ -72.239515606807672, -14.34847235699489 ], [ -72.22483848179418, -14.349294606995638 ], [ -72.205577356776502, -14.320250356968558 ], [ -72.187106856759527, -14.31322360696198 ], [ -72.161167731735816, -14.263794731915908 ], [ -72.125928731703496, -14.254001981906725 ], [ -72.085362231666451, -14.2086129818644 ], [ -72.076480481658336, -14.207429731863272 ], [ -72.095187481675481, -14.173404356831627 ], [ -72.056693356640395, -14.129339856790528 ], [ -72.067902356650734, -14.07654298174136 ], [ -72.063083856646372, -14.045677731712622 ], [ -72.051203106635555, -14.026748106694971 ], [ -72.060170106643895, -13.965085981637563 ], [ -72.055546231639724, -13.930678731605516 ], [ -72.077826231660097, -13.906728481583254 ], [ -72.082087856664046, -13.888066356565874 ], [ -72.091236856672396, -13.885389106563423 ], [ -72.130818356708758, -13.788203481472955 ], [ -72.147551856724064, -13.779242481464667 ], [ -72.165909731740925, -13.747636481435228 ], [ -72.189401731762459, -13.745352856433144 ], [ -72.206366731778047, -13.728071981417065 ], [ -72.231875106801439, -13.721723231411183 ], [ -72.230926731800594, -13.705277106395881 ], [ -72.244775106813336, -13.698213231389335 ], [ -72.244762481813325, -13.687431856379291 ], [ -72.249408356817568, -13.6932281063847 ], [ -72.260766356828, -13.682339231374565 ], [ -72.277417856843314, -13.684148481376262 ], [ -72.312339731875397, -13.708490231398965 ], [ -72.314996106877857, -13.69832423138951 ], [ -72.354644606914349, -13.681632856374 ], [ -72.369437481927989, -13.665660106359146 ], [ -72.403039106958985, -13.658640606352634 ], [ -72.399829356956019, -13.633684731329385 ], [ -72.421397856975929, -13.606079731303685 ], [ -72.45128660700351, -13.599967856298017 ], [ -72.465884107017004, -13.587834481286711 ], [ -72.488959982038295, -13.591821231290451 ], [ -72.494838232043747, -13.579348731278866 ], [ -72.523166732069924, -13.566597481266992 ], [ -72.536160357081926, -13.57210060627213 ], [ -72.551410732096031, -13.554281481255533 ], [ -72.593390357134851, -13.562169106262902 ], [ -72.601430732142276, -13.544301606246261 ], [ -72.613426607153414, -13.546048481247885 ], [ -72.62655260716555, -13.535368606237956 ], [ -72.636875857175113, -13.542142481244261 ], [ -72.655868732192701, -13.513496981217607 ], [ -72.672067482207709, -13.522099606225623 ], [ -72.716290857248694, -13.490433356196144 ], [ -72.748466357278531, -13.481120356187494 ], [ -72.770948982299387, -13.449293731157848 ], [ -72.792745732319574, -13.456507731164562 ], [ -72.798314357324756, -13.421766606132222 ], [ -72.838273357361842, -13.427069981137185 ], [ -72.865786482387392, -13.415880856126742 ], [ -72.884072982404362, -13.416978981127773 ], [ -72.89549985741499, -13.388924231101656 ], [ -72.925960607443272, -13.383068356096205 ], [ -72.977064732490746, -13.388173231100987 ], [ -73.015125732526101, -13.426668856136816 ], [ -73.044051607552987, -13.411962481123121 ], [ -73.06044423256823, -13.438020356147408 ], [ -73.097288357602451, -13.448876106157519 ], [ -73.110664857614921, -13.434543481144166 ], [ -73.126092607629261, -13.440045356149302 ], [ -73.144110482645999, -13.419115731129789 ], [ -73.148647607650247, -13.435212731144805 ], [ -73.169778232669913, -13.452438356160844 ], [ -73.186124357685102, -13.441134231150322 ], [ -73.187107607686002, -13.416354231127224 ], [ -73.204821107702486, -13.411719856122906 ], [ -73.21556310771247, -13.418493481129241 ], [ -73.249042982743632, -13.40363723111539 ], [ -73.260095482753911, -13.384225106097309 ], [ -73.286913357778886, -13.372564981086477 ], [ -73.289582732781355, -13.354993606070106 ], [ -73.304173607794951, -13.350173231065613 ], [ -73.312674232802848, -13.324567856041767 ], [ -73.329662607818648, -13.308616606026902 ], [ -73.341583857829761, -13.311240231029355 ], [ -73.348812607836479, -13.300489981019323 ], [ -73.34110048282929, -13.291274106010748 ], [ -73.352734857840133, -13.290692356010236 ], [ -73.34621173283405, -13.278436855998802 ], [ -73.364348357850943, -13.269428480990408 ], [ -73.370895357857023, -13.245948605968552 ], [ -73.382465482867786, -13.238438730961548 ], [ -73.382324732867659, -13.224873605948924 ], [ -73.400137607884247, -13.210041230935115 ], [ -73.409618982893065, -13.211918730936853 ], [ -73.414969982898043, -13.195513980921575 ], [ -73.402233357886203, -13.181712730908732 ], [ -73.414661607897756, -13.145089105874623 ], [ -73.424122982906567, -13.13044160586098 ], [ -73.434799482916517, -13.139967980869855 ], [ -73.438531857919969, -13.128748980859413 ], [ -73.455154107935471, -13.120741605851936 ], [ -73.443453982924581, -13.10482973083713 ], [ -73.455432607935734, -13.093394480826493 ], [ -73.44925798292995, -13.079588230813625 ], [ -73.461928232941759, -13.079983355813981 ], [ -73.478180982956872, -13.055917980791568 ], [ -73.490133482968034, -13.067004355801908 ], [ -73.492529107970256, -13.047020105783304 ], [ -73.478464857957135, -13.03427073077142 ], [ -73.47657260795539, -13.001102230740534 ], [ -73.487608607965669, -12.998910980738488 ], [ -73.504680982981569, -13.01112248074986 ], [ -73.519940357995765, -13.004688105743869 ], [ -73.530032483005144, -12.985266105725794 ], [ -73.50803585798468, -12.971897355713331 ], [ -73.510236357986727, -12.951541105694387 ], [ -73.495931357973419, -12.933463605677531 ], [ -73.520283482996092, -12.939215605682898 ], [ -73.529846108004975, -12.931963355676146 ], [ -73.533295358008203, -12.919329480664372 ], [ -73.52367648299925, -12.899478105645899 ], [ -73.581899108053463, -12.8586798556079 ], [ -73.59145110806233, -12.84284460559315 ], [ -73.590021733061008, -12.824168105575758 ], [ -73.615451358084698, -12.808016480560726 ], [ -73.626729108095191, -12.787694480541774 ], [ -73.625667233094219, -12.764992480520661 ], [ -73.659888108126054, -12.734395105492171 ], [ -73.656095358122528, -12.723469730481998 ], [ -73.6824648581471, -12.687812105448764 ], [ -73.693272358157159, -12.687719355448694 ], [ -73.69832823316186, -12.672134105434184 ], [ -73.71210448317467, -12.665964980428422 ], [ -73.725038483186722, -12.636729605401221 ], [ -73.750795858210722, -12.657085105420165 ], [ -73.769508108228138, -12.648211605411896 ], [ -73.782916108240642, -12.62645123039162 ], [ -73.800063483256579, -12.615453105381382 ], [ -73.804799858261006, -12.575980480344633 ], [ -73.824022983278908, -12.533477980305058 ], [ -73.833176483287431, -12.530666980302444 ], [ -73.844185858297678, -12.539458230310624 ], [ -73.854441858307226, -12.532166980303819 ], [ -73.854310108307104, -12.489056730263679 ], [ -73.885924983336551, -12.406140480186451 ], [ -73.928019483375763, -12.378752355160968 ], [ -73.947766608394133, -12.350661855134799 ], [ -73.970072483414896, -12.347811480132158 ], [ -73.970615233415401, -12.275564105064872 ], [ -73.980451608424573, -12.242588355034149 ], [ -73.949049983395341, -12.234730105026824 ], [ -73.937407358384505, -12.222711730015657 ], [ -73.923836858371871, -12.224749230017521 ], [ -73.901423858350981, -12.249000730040123 ], [ -73.883326608334144, -12.235786855027822 ], [ -73.843249983296815, -12.239429980031201 ], [ -73.831235233285625, -12.227760230020325 ], [ -73.801893983258296, -12.220297105013376 ], [ -73.737500858198331, -12.266622230056527 ], [ -73.703109358166301, -12.270494105060132 ], [ -73.689066608153254, -12.299405980087068 ], [ -73.659915608126099, -12.328747730114408 ], [ -73.657694483124018, -12.359539480143066 ], [ -73.636500983104284, -12.378785480160989 ], [ -73.628350983096709, -12.373702355156263 ], [ -73.599102233069473, -12.385899355167618 ], [ -73.586068608057346, -12.366176105149234 ], [ -73.584953858056281, -12.313106480099842 ], [ -73.574326358046406, -12.276842355066037 ], [ -73.5589474830321, -12.274888355064242 ], [ -73.548121108022031, -12.260929730051238 ], [ -73.521703982997437, -12.249980980041027 ], [ -73.497834107975208, -12.252374730043273 ], [ -73.469865232949161, -12.236894480028841 ], [ -73.469648482948983, -12.219966480013099 ], [ -73.439521107920925, -12.152007729949791 ], [ -73.361887357848687, -12.135964729934853 ], [ -73.356121357843307, -12.11107635491167 ], [ -73.401015482885086, -12.090833604892831 ], [ -73.391230357875997, -12.075711104878751 ], [ -73.408450482892007, -12.064205104868043 ], [ -73.39788485788219, -12.020943479827743 ], [ -73.405314482889096, -12.005494104813339 ], [ -73.421445857904104, -12.015441854822601 ], [ -73.436069482917731, -11.995849979804367 ], [ -73.43010135791215, -11.982101354791569 ], [ -73.445185232926192, -11.96103885477196 ], [ -73.442723732923909, -11.939314604751724 ], [ -73.462659107942457, -11.929808479742871 ], [ -73.490531607968407, -11.878170479694758 ], [ -73.506549107983304, -11.865265479682749 ], [ -73.555257608028654, -11.852361729670735 ], [ -73.57750510804938, -11.836484729655943 ], [ -73.581327358052917, -11.789062729611786 ], [ -73.57991423305161, -11.769388104593466 ], [ -73.570522983042878, -11.762889854587421 ], [ -73.571936608044211, -11.742627354568546 ], [ -73.612609608082039, -11.676336604506819 ], [ -73.582031983053611, -11.615575979450234 ], [ -73.559650983032739, -11.592050979428315 ], [ -73.502332482979384, -11.563161979401409 ], [ -73.487126232965238, -11.534915979375114 ], [ -73.450402232931054, -11.533067604373375 ], [ -73.453813357934251, -11.505327104347552 ], [ -73.479716232958353, -11.471363854315914 ], [ -73.476568732955414, -11.458351854303812 ], [ -73.467740607947192, -11.444149854290574 ], [ -73.45676285793698, -11.442115604288686 ], [ -73.443302732924451, -11.409678854258461 ], [ -73.419749482902532, -11.383938229234506 ], [ -73.410133982893598, -11.386610229236995 ], [ -73.389353857874241, -11.373939979225186 ], [ -73.378660482864319, -11.350740729203592 ], [ -73.331330607820277, -11.311264729166828 ], [ -73.255998857750185, -11.312535229167995 ], [ -73.205995232703714, -11.290195729147213 ], [ -73.131661982634597, -11.293927479150652 ], [ -73.08341373258979, -11.27733010413521 ], [ -73.06774285757524, -11.284586604141966 ], [ -73.042653857551926, -11.27609497913404 ], [ -73.026508857536911, -11.264084604122854 ], [ -72.998984857511388, -11.220417104082189 ], [ -72.987669982500861, -11.183349979047666 ], [ -72.977061607491024, -11.21229347907464 ], [ -72.966180482480922, -11.217323729079306 ], [ -72.975483232489552, -11.224351604085836 ], [ -72.967935482482531, -11.266226979124848 ], [ -72.955879482471346, -11.263380729122209 ], [ -72.956272857471731, -11.272868104131035 ], [ -72.945188857461446, -11.275436729133428 ], [ -72.935631982452577, -11.290824854147759 ], [ -72.952824982468513, -11.293277729150038 ], [ -72.955555607471069, -11.304616354160608 ], [ -72.932669982449823, -11.306004729161893 ], [ -72.939334357455991, -11.322387854177162 ], [ -72.94442535746073, -11.309869104165479 ], [ -72.959512482474722, -11.314196479169528 ], [ -72.950927607466767, -11.324632479179233 ], [ -72.964900107479721, -11.329498479183783 ], [ -72.962434482477448, -11.334372979188323 ], [ -72.949518107465423, -11.33049985418471 ], [ -72.944736982461023, -11.33991385419348 ], [ -72.924352607442103, -11.327405229181814 ], [ -72.920794482438808, -11.333835604187806 ], [ -72.932839857449977, -11.350383979203233 ], [ -72.920924232438921, -11.355443104207918 ], [ -72.926372482443966, -11.34825297920122 ], [ -72.919886482437974, -11.343638604196942 ], [ -72.894683857414591, -11.358259854210553 ], [ -72.8903661074106, -11.343175354196486 ], [ -72.887234357407692, -11.356499354208923 ], [ -72.876180607397444, -11.35528897920779 ], [ -72.877061107398248, -11.364306979216192 ], [ -72.85916748238165, -11.355431604207912 ], [ -72.852861982375828, -11.365282604217091 ], [ -72.844438607368005, -11.363283854215231 ], [ -72.844414857367994, -11.373348979224582 ], [ -72.8339689823583, -11.374300729225483 ], [ -72.842463732366184, -11.386840479237165 ], [ -72.822679607347837, -11.389608854239727 ], [ -72.816198107341847, -11.375083604226194 ], [ -72.799728607326585, -11.385570354235973 ], [ -72.797036232324103, -11.364430729216288 ], [ -72.789457857317075, -11.368602229220171 ], [ -72.794975482322187, -11.384556604235003 ], [ -72.76334923229291, -11.371610229222957 ], [ -72.738237607269681, -11.347429354200441 ], [ -72.723263732255816, -11.35075310420352 ], [ -72.717679732250645, -11.362110729214091 ], [ -72.712378232245783, -11.347352979200345 ], [ -72.709735607243303, -11.378812979229624 ], [ -72.698617482233018, -11.380408479231125 ], [ -72.692302232227178, -11.395698104245371 ], [ -72.665694982202609, -11.38590935423624 ], [ -72.645569107183988, -11.412765854261252 ], [ -72.634218232173524, -11.405054729254047 ], [ -72.631891607171369, -11.415674354263931 ], [ -72.617166982157784, -11.417784979265896 ], [ -72.624329857164398, -11.425612604273208 ], [ -72.607511232148866, -11.429252229276583 ], [ -72.608691232149937, -11.440137729286739 ], [ -72.601146107142995, -11.41843310426651 ], [ -72.591041732133675, -11.432094104279221 ], [ -72.5941162321365, -11.440835729287352 ], [ -72.580820857124252, -11.430797604278002 ], [ -72.581817982125173, -11.439123979285768 ], [ -72.553665357099206, -11.432079854279179 ], [ -72.547125982093192, -11.448313229294326 ], [ -72.548847357094772, -11.436888354283674 ], [ -72.536316482083237, -11.434801479281727 ], [ -72.533691107080827, -11.424838354272456 ], [ -72.534200857081288, -11.438513604285195 ], [ -72.525314857073084, -11.439244479285845 ], [ -72.524026107071919, -11.431041229278204 ], [ -72.515976857064516, -11.430723979277918 ], [ -72.517755982066163, -11.417683479265767 ], [ -72.511841607060703, -11.425030729272613 ], [ -72.50718698205641, -11.420712729268573 ], [ -72.509821982058853, -11.411509354260017 ], [ -72.501214982050925, -11.409018604257691 ], [ -72.49895160704888, -11.395023979244671 ], [ -72.49306135704343, -11.404009729253017 ], [ -72.482212232033476, -11.398119354247536 ], [ -72.487516607038344, -11.39334097924308 ], [ -72.481115357032465, -11.387555854237688 ], [ -72.474338482026212, -11.392349229242146 ], [ -72.469364732021646, -11.385256979235542 ], [ -72.464856857017537, -11.390606229240534 ], [ -72.449033982002973, -11.385767729236006 ], [ -72.449845482003738, -11.371477604222697 ], [ -72.425127106981023, -11.368487354219893 ], [ -72.423594356979649, -11.355173979207509 ], [ -72.403383981961113, -11.357112479209295 ], [ -72.399326856957387, -11.343152979196278 ], [ -72.396501856954799, -11.349764479202435 ], [ -72.39343648195198, -11.342101104195303 ], [ -72.38709535694619, -11.34766072920047 ], [ -72.381164106940773, -11.334023479187778 ], [ -72.361023481922302, -11.333863229187616 ], [ -72.338294981901527, -11.31708010417195 ], [ -72.315001981880243, -11.321775229176318 ], [ -72.307708981873574, -11.306999979162548 ], [ -72.283751981851708, -11.316890604171729 ], [ -72.280060606848281, -11.33960547919288 ], [ -72.252433606823132, -11.330306604184196 ], [ -72.247825231818908, -11.344839729197705 ], [ -72.239258356811121, -11.34506097919791 ], [ -72.247894481818918, -11.385005854235116 ], [ -72.270821356839818, -11.400189104249288 ], [ -72.29255073185962, -11.43327310428011 ], [ -72.287456731854917, -11.466647979311194 ], [ -72.289627731856882, -11.482852479326294 ], [ -72.304173481870166, -11.497114229339598 ], [ -72.298030356864544, -11.5041161043461 ], [ -72.313024856878187, -11.561518354399576 ], [ -72.307894481873461, -11.587537104423799 ], [ -72.348041981910157, -11.617858979452048 ], [ -72.355623106917108, -11.635025354468064 ], [ -72.370990731931187, -11.630784729464125 ], [ -72.378183481937782, -11.647179229479399 ], [ -72.390301731948867, -11.650684229482675 ], [ -72.3877102319465, -11.660459229491787 ], [ -72.405293856962629, -11.674796604505158 ], [ -72.410072981966962, -11.69301135452209 ], [ -72.42819760698363, -11.705184604533471 ], [ -72.425064481980712, -11.733169229559518 ], [ -72.385006481943918, -11.761721479586068 ], [ -72.370767981930854, -11.7849673546077 ], [ -72.390998981949394, -11.806610229627898 ], [ -72.390756856949153, -11.827556854647391 ], [ -72.331839731895116, -11.856086229673917 ], [ -72.347514231909443, -11.891267479706693 ], [ -72.336821481899605, -11.937336604749566 ], [ -72.340489731902935, -11.965767729776056 ], [ -72.28622173185326, -11.975316354784917 ], [ -72.281544481848954, -11.995797229803973 ], [ -72.259164606828477, -12.005723479813209 ], [ -72.269600231838012, -12.022836479829158 ], [ -72.268932856837353, -12.054375354858504 ], [ -72.230424606802202, -12.061778104865375 ], [ -72.173732981750547, -12.059810354863448 ], [ -72.094446606678517, -12.085190979886978 ], [ -72.087558606672161, -12.142690354940489 ], [ -72.100436231683815, -12.169418729965413 ], [ -72.092204981676304, -12.194417979988696 ], [ -72.105611356688357, -12.238792980030029 ], [ -72.075300106660904, -12.24326410503414 ], [ -72.056438981643765, -12.257278480047173 ], [ -72.04335885663194, -12.254884355044913 ], [ -72.028935731618844, -12.287234355075018 ], [ -71.945890356543913, -12.33022360511487 ], [ -71.967178981563009, -12.347641980131131 ], [ -71.963302481559467, -12.37690260515838 ], [ -71.976646856571421, -12.399453730179399 ], [ -72.009089731600682, -12.403670480183392 ], [ -72.017476606608227, -12.415178980194147 ], [ -72.047529231635409, -12.423006730201479 ], [ -72.049893106637512, -12.434442480212129 ], [ -72.06055760664718, -12.438361480215825 ], [ -72.064669481650824, -12.470226855245494 ], [ -72.078961606663739, -12.498627230271969 ], [ -72.072638231657962, -12.511065980283528 ], [ -72.057338356644109, -12.507956730280601 ], [ -72.04979023163726, -12.520946480292702 ], [ -72.028831981618268, -12.526371730297715 ], [ -72.000534981592622, -12.569615480337923 ], [ -71.981396106575303, -12.580490480347999 ], [ -71.984212981577784, -12.60816660537377 ], [ -71.965305481560719, -12.614533105379687 ], [ -71.956132356552359, -12.654458230416836 ], [ -71.970085481564908, -12.662139230424019 ], [ -71.978595481572555, -12.683331355443752 ], [ -71.964890981560146, -12.693581980453269 ], [ -71.917782106517706, -12.698914480458145 ], [ -71.918206981518026, -12.720165355477906 ], [ -71.900351606501971, -12.733355480490165 ], [ -71.881615231485156, -12.730439480487396 ], [ -71.812240231423047, -12.743857480499695 ], [ -71.799507856411623, -12.765556605519849 ], [ -71.764664106380593, -12.767458980521504 ], [ -71.760208981376564, -12.787921855540553 ], [ -71.747558606365317, -12.796164105548172 ], [ -71.708091856330441, -12.772923855526374 ], [ -71.694748106318727, -12.753736355508458 ], [ -71.694968731319008, -12.738793105494551 ], [ -71.660544981288737, -12.728923855485183 ], [ -71.638960981269861, -12.709435605466947 ], [ -71.600298481236095, -12.700058105458016 ], [ -71.552700981194604, -12.708705105465823 ], [ -71.546591356189154, -12.735416480490645 ], [ -71.523525731169087, -12.74719560550149 ], [ -71.513135731160133, -12.744386730498803 ], [ -71.495657606144803, -12.781980355533715 ], [ -71.464846481118101, -12.809697230559316 ], [ -71.459427856113336, -12.825183355573714 ], [ -71.446482856102193, -12.827215980575501 ], [ -71.456075731110346, -12.840321355587772 ], [ -71.445074231100932, -12.840731605588072 ], [ -71.448872231103991, -12.863340605609181 ], [ -71.437389356094073, -12.876267605621093 ], [ -71.423980856082608, -12.873254355618213 ], [ -71.427190356085291, -12.881973480626353 ], [ -71.417936231077391, -12.882597480626872 ], [ -71.416367231075967, -12.894062480637539 ], [ -71.396842856059408, -12.88263310562672 ], [ -71.375058356040739, -12.900546105643262 ], [ -71.35898873102731, -12.880754230624708 ], [ -71.314749980989546, -12.931482480671528 ], [ -71.272316355953777, -12.954140605692244 ], [ -71.271011730952623, -12.962492230699997 ], [ -71.230857480919127, -12.972482480708896 ], [ -71.220931605911076, -12.957663980694983 ], [ -71.195945855890471, -12.959581480696484 ], [ -71.176410105874297, -12.970943355706829 ], [ -71.162063105862643, -12.966768480702793 ], [ -71.159000605859987, -12.978678855713834 ], [ -71.171916230870522, -12.981982980717071 ], [ -71.179395105876409, -12.998342230732371 ], [ -71.166529730865662, -13.017670230750241 ], [ -71.173798855871141, -13.055007855785069 ], [ -71.161578105860997, -13.066461355795598 ], [ -71.166931855864931, -13.102146605828869 ], [ -71.161192605859995, -13.12042635584584 ], [ -71.143975605845682, -13.13723460586127 ], [ -71.131536605834441, -13.220017105938188 ], [ -71.122011730826486, -13.233529230950646 ], [ -71.09159185580171, -13.240037105956295 ], [ -71.036261230756722, -13.270494855983834 ], [ -71.012001980737466, -13.264962855978322 ], [ -71.01121285573727, -13.238714230953839 ], [ -70.990850855721447, -13.221546355937527 ], [ -70.994204605724434, -13.202222355919622 ], [ -70.977236230711654, -13.16968298088902 ], [ -70.942190230684574, -13.15649885587615 ], [ -70.942280355685028, -13.135486605856558 ], [ -70.927631355673839, -13.128779605850054 ], [ -70.921392855669367, -13.11083098083324 ], [ -70.887291105643456, -13.103364480825626 ], [ -70.89926623065324, -13.069684855794506 ], [ -70.863110355625622, -13.080324355803679 ], [ -70.842960980610812, -13.067048480790897 ], [ -70.817353480591677, -13.069851480792957 ], [ -70.799413855577939, -13.090352105811613 ], [ -70.75994123054862, -13.108095980827192 ], [ -70.685208730495276, -13.106781230823982 ], [ -70.682932230493918, -13.097624605815405 ], [ -70.660325230478421, -13.088332730806121 ], [ -70.627821730455921, -13.092316605808849 ], [ -70.586085730427328, -13.104141855818527 ], [ -70.549425230401269, -13.153170980862916 ], [ -70.464247730346315, -13.159690605865819 ], [ -70.395476480303202, -13.183050855884629 ], [ -70.388466855298617, -13.192388730892997 ], [ -70.389205855297277, -13.229880605927931 ], [ -70.41630885531309, -13.24260710594096 ], [ -70.422706480316464, -13.255464480953203 ], [ -70.405352355305212, -13.269408480965435 ], [ -70.370837480284138, -13.276411355970387 ], [ -70.346648105268969, -13.295187230986723 ], [ -70.345846605267639, -13.312746106003006 ], [ -70.36805748028101, -13.3070724809988 ], [ -70.39559873029711, -13.316665481008974 ], [ -70.402502605300725, -13.329410481021132 ], [ -70.392731105294061, -13.344771856035004 ], [ -70.399500355296951, -13.371643606060314 ], [ -70.419825355310095, -13.358553731049023 ], [ -70.451115855329434, -13.365169731056479 ], [ -70.442645980322766, -13.395405481084271 ], [ -70.471826980339557, -13.439927981126901 ], [ -70.452617980326878, -13.447918356133551 ], [ -70.488794730348161, -13.500380731183835 ], [ -70.538873605380346, -13.53125673121445 ], [ -70.546597730384917, -13.549843356232014 ], [ -70.543625480381849, -13.577635231257766 ], [ -70.577870105405097, -13.585841106266617 ], [ -70.58860423041213, -13.598584481278834 ], [ -70.616190855431128, -13.609062481289481 ], [ -70.662806980462832, -13.660567106338835 ], [ -70.689519980482459, -13.652593106332205 ], [ -70.715128855501021, -13.662253981341896 ], [ -70.721235105504476, -13.700155606377331 ], [ -70.735866855514999, -13.712450356389169 ], [ -70.735375730514036, -13.73529935641044 ], [ -70.718702105500796, -13.764901856437531 ], [ -70.722091480503167, -13.770641981442981 ], [ -70.713863980496981, -13.77280135644477 ], [ -70.698858230485001, -13.803167606472607 ], [ -70.709185730491541, -13.843148481510132 ], [ -70.732216855509293, -13.823449231492402 ], [ -70.767726605536325, -13.814384731484886 ], [ -70.82840035558246, -13.82763085649864 ], [ -70.84908285559878, -13.81529923148762 ], [ -70.853926480602922, -13.798604981472181 ], [ -70.87931598062238, -13.81567260648861 ], [ -70.875135855618623, -13.838986106510225 ], [ -70.854160605601891, -13.853548231523336 ], [ -70.832420355584887, -13.856872481525977 ], [ -70.825624730579136, -13.878053731545524 ], [ -70.83085960558283, -13.895075106561482 ], [ -70.814184230569737, -13.901128356566762 ], [ -70.809672855566006, -13.912264231577005 ], [ -70.846275605593277, -13.963541231625575 ], [ -70.852636105597512, -13.998196731657991 ], [ -70.840362230587658, -14.008167106666985 ], [ -70.853534605597872, -14.012859356671656 ], [ -70.860391105602901, -14.030841856688554 ], [ -70.849524105593801, -14.054171481710025 ], [ -70.831665980579615, -14.06152148171647 ], [ -70.829471730577552, -14.076336856730219 ], [ -70.817914730568717, -14.067582856721788 ], [ -70.795882855551469, -14.072119106725506 ], [ -70.79004298054673, -14.080968356733614 ], [ -70.805610230558386, -14.099284356751031 ], [ -70.806130105558253, -14.120320106770627 ], [ -70.821144480569544, -14.141146856790366 ], [ -70.846259730589125, -14.14889910679813 ], [ -70.867337980605356, -14.169561231817827 ], [ -70.886610105620676, -14.172314356820822 ], [ -70.889393480622587, -14.187038856834558 ], [ -70.882143855616548, -14.198785606845368 ], [ -70.894579730626248, -14.20910860685523 ], [ -70.899792605629969, -14.232986231877566 ], [ -70.882164980615414, -14.253465231896264 ], [ -70.879914605613237, -14.270434106912013 ], [ -70.890989355622054, -14.272714981914381 ], [ -70.892822730623266, -14.286671856927422 ], [ -70.913456855639538, -14.303319481943312 ], [ -70.912182105637754, -14.341473106978812 ], [ -70.929772730652047, -14.340878231978616 ], [ -70.962084980678014, -14.361168231998096 ], [ -70.970482480684581, -14.3782838570142 ], [ -70.986035980697324, -14.379762482015838 ], [ -70.97869160569104, -14.394484357029416 ], [ -70.985820855696701, -14.406725607040929 ], [ -70.962352980676712, -14.444538982075734 ], [ -70.987972605697607, -14.455320357086215 ], [ -70.986585355695709, -14.498717982126609 ], [ -70.999348855706216, -14.502638107130474 ], [ -70.966116480677513, -14.568335982191051 ], [ -70.977703230686856, -14.583021107204946 ], [ -70.999542855705172, -14.572301482195352 ], [ -71.014710355717725, -14.57797848220088 ], [ -71.020430730722367, -14.585345482207835 ], [ -71.010053105713482, -14.597541982219019 ], [ -71.031041980731104, -14.593262607215378 ], [ -71.073904855766528, -14.631446482251603 ], [ -71.109118480796269, -14.633950857254444 ], [ -71.117880105803536, -14.647012232266697 ], [ -71.110106980796573, -14.673537107291294 ], [ -71.08804298077753, -14.695701107311645 ], [ -71.089510355778486, -14.713188107327934 ], [ -71.053240480747206, -14.754330482365708 ], [ -71.035693855732418, -14.752117357363373 ], [ -71.027763480725639, -14.760074982370648 ], [ -71.01309348071365, -14.739693857351424 ], [ -70.975059230681396, -14.764981982374319 ], [ -70.983708980688249, -14.786031232394071 ], [ -70.97832660568308, -14.824154607429481 ], [ -70.994675480696657, -14.829898982435118 ], [ -70.996591855698043, -14.843943482448225 ], [ -70.991367855693326, -14.861269357464257 ], [ -70.99597335569662, -14.893905232494729 ], [ -70.984740355686284, -14.946068482543096 ], [ -71.004050105702134, -14.971877232567465 ], [ -71.004206355701797, -14.99865673259241 ], [ -70.993383480692003, -15.03581485762683 ], [ -70.994138855691602, -15.094801857681761 ], [ -70.978641855678205, -15.111367857696921 ], [ -70.982009730680389, -15.149451982732433 ], [ -70.962502480662664, -15.215636857793728 ], [ -70.985280605681396, -15.249029607825229 ], [ -70.974393605671679, -15.274151732848422 ], [ -70.951740230652163, -15.290836857863541 ], [ -70.955412230654829, -15.314711107885834 ], [ -70.98511335568007, -15.316676607888201 ], [ -71.006118980697707, -15.335227357905847 ], [ -71.044082605728917, -15.418115607983648 ], [ -71.075454730755723, -15.438301108002921 ], [ -71.072959855753368, -15.452133233015768 ], [ -71.101791355778332, -15.454826358018694 ], [ -71.121856730796154, -15.42675585799285 ], [ -71.153271230823364, -15.439834858005437 ], [ -71.174705480842348, -15.422350857989427 ], [ -71.169494605838281, -15.382284107952055 ], [ -71.150337230821833, -15.362491607933393 ], [ -71.166239980836224, -15.320869982894834 ], [ -71.164237980834855, -15.290927857866913 ], [ -71.194618230861593, -15.270928357848666 ], [ -71.202079730868419, -15.245132482824749 ], [ -71.160328605832518, -15.207768232789437 ], [ -71.176757855847256, -15.1725997327569 ], [ -71.184906105854381, -15.169772107754358 ], [ -71.149040230823658, -15.137721982724074 ], [ -71.143577605819146, -15.120560607708015 ], [ -71.161651605834933, -15.109302482697768 ], [ -71.165611230838522, -15.096799857686159 ], [ -71.195358230864414, -15.090189982680382 ], [ -71.207275355875026, -15.070551857662242 ], [ -71.206962605874992, -15.050965357643992 ], [ -71.215393105882342, -15.048888232642156 ], [ -71.225921605891259, -15.069413232661393 ], [ -71.24363723090687, -15.056817107649863 ], [ -71.265541105925948, -15.062999732655847 ], [ -71.260588480921456, -15.078270232670018 ], [ -71.31008898096448, -15.118760107708212 ], [ -71.321678105974698, -15.119058607708615 ], [ -71.329940855982173, -15.09946060769043 ], [ -71.353713981003182, -15.092702857684364 ], [ -71.361846981010501, -15.079142607671802 ], [ -71.371704106019209, -15.080225982672902 ], [ -71.396865856041771, -15.045240357640528 ], [ -71.417365856060044, -15.03372573262997 ], [ -71.421470606063849, -15.012394857610138 ], [ -71.430427606071831, -15.007965107606083 ], [ -71.426727356068582, -15.00212385760061 ], [ -71.44303898108312, -14.995569232594631 ], [ -71.447501981087214, -14.979785857579978 ], [ -71.46504448110278, -14.984069357584085 ], [ -71.506530731139833, -14.975624982576518 ], [ -71.510169981142866, -15.004634857603541 ] ], [ [ -71.273652355939333, -14.459448732093925 ], [ -71.228146730899653, -14.500379982131541 ], [ -71.174324480853244, -14.523905107152807 ], [ -71.156514480838396, -14.500000107130319 ], [ -71.166353980846949, -14.484172232115714 ], [ -71.196342355872659, -14.476640607109083 ], [ -71.248166605917575, -14.438878982074483 ], [ -71.284263105948739, -14.435577232071793 ], [ -71.273652355939333, -14.459448732093925 ] ] ] } },
{ "type": "Feature", "properties": { "NOMBDEP": "HUANCAVELICA", "COUNT": 94, "FIRST_IDDP": "09", "HECTARES": 2206503.876 }, "geometry": { "type": "Polygon", "coordinates": [ [ [ -74.295919983718363, -12.749239980505969 ], [ -74.28554260870871, -12.799720730553002 ], [ -74.295729858718204, -12.798949980552276 ], [ -74.298414108720692, -12.805744980558599 ], [ -74.294632358717166, -12.829797355581022 ], [ -74.327824358748074, -12.834457355585341 ], [ -74.33325348375314, -12.851745730601449 ], [ -74.319229983740087, -12.885799980633159 ], [ -74.327672858747945, -12.928390855672832 ], [ -74.296553233718953, -12.935008730678993 ], [ -74.292073733714801, -12.987220980727605 ], [ -74.270165358694385, -13.025550355763297 ], [ -74.275029858698929, -13.071699980806306 ], [ -74.3103488587318, -13.059605605795001 ], [ -74.345876358764912, -13.025844605763586 ], [ -74.379909983796608, -13.024489980762329 ], [ -74.411269983825804, -13.079389980813461 ], [ -74.410869983825421, -13.119699980850969 ], [ -74.388719983804819, -13.129659980860254 ], [ -74.396009983811581, -13.168829980896744 ], [ -74.420425733834321, -13.159539105888085 ], [ -74.458438858869727, -13.19003810591648 ], [ -74.494171858903002, -13.186595730913291 ], [ -74.51705873392433, -13.196691855922685 ], [ -74.525611358932281, -13.189593730916069 ], [ -74.54221285894775, -13.200501980926237 ], [ -74.557795983962279, -13.185558480912318 ], [ -74.572326983975785, -13.184734480911558 ], [ -74.585953108988491, -13.210759730935786 ], [ -74.595634733997514, -13.212845730937726 ], [ -74.600688734002205, -13.227385480951277 ], [ -74.644654234043145, -13.274136730994812 ], [ -74.663498109060697, -13.271484355992346 ], [ -74.686056484081718, -13.286370981006206 ], [ -74.666995609063974, -13.327435731044437 ], [ -74.633209984032504, -13.345099981060898 ], [ -74.718279984111717, -13.363789981078309 ], [ -74.734354609126711, -13.357403981072338 ], [ -74.739029234131038, -13.339572231055753 ], [ -74.759622234150243, -13.325071106042246 ], [ -74.770087859159986, -13.346328106062048 ], [ -74.808879984196096, -13.357419981072365 ], [ -74.848549984233046, -13.353359856068591 ], [ -74.869189984252273, -13.360099981074866 ], [ -74.897529984278663, -13.394679856107055 ], [ -74.892659984274133, -13.414459981125473 ], [ -74.904019984284702, -13.430469981140391 ], [ -74.902099984282927, -13.46643998117389 ], [ -74.862179984245756, -13.481789981188181 ], [ -74.831859984217516, -13.532189981235124 ], [ -74.799569984187428, -13.547469981249346 ], [ -74.771388234161179, -13.606498856304343 ], [ -74.781151359170281, -13.648183731343151 ], [ -74.775391234164914, -13.710538481401199 ], [ -74.753890609144889, -13.73697660642585 ], [ -74.766792984156922, -13.772488231458894 ], [ -74.762314484152739, -13.781904356467681 ], [ -74.778923859168202, -13.784605481470187 ], [ -74.760363734150928, -13.831487231513854 ], [ -74.767386734157469, -13.866587856546518 ], [ -74.784222859173155, -13.883154356561977 ], [ -74.777076109166472, -13.898851606576589 ], [ -74.786416734175191, -13.924510231600463 ], [ -74.767954734157996, -13.978552356650804 ], [ -74.785330734174181, -13.990267981661711 ], [ -74.778590984167892, -13.998345981669242 ], [ -74.783570484172543, -14.019214856688672 ], [ -74.758712859149369, -14.078595731743963 ], [ -74.765328109155547, -14.086578106751405 ], [ -74.825187484211284, -14.092279231756724 ], [ -74.841765609226741, -14.071304731737177 ], [ -74.852744109236966, -14.076205106741748 ], [ -74.860794859244464, -14.06719335673335 ], [ -74.878113234260582, -14.076253856741795 ], [ -74.896201234277441, -14.103904231767551 ], [ -74.90789060928833, -14.092154231756606 ], [ -74.925156109304396, -14.099419981763361 ], [ -74.975113234350914, -14.074285106739945 ], [ -75.014503859387617, -14.069152356735174 ], [ -75.029919984401985, -14.073039981738784 ], [ -75.036499984408096, -14.097929981761979 ], [ -75.054254109424619, -14.114785856777665 ], [ -75.057889984428016, -14.129919981791769 ], [ -75.063532484433267, -14.088407231753106 ], [ -75.069599984438923, -14.079846481745127 ], [ -75.088502109456527, -14.081569856746745 ], [ -75.108841734475476, -14.032884731701422 ], [ -75.165679984528396, -14.07252998173831 ], [ -75.186591734547875, -14.054113231721173 ], [ -75.258529109614869, -14.04316623171098 ], [ -75.233442734591506, -14.00328523167383 ], [ -75.251677359608493, -13.997846481668777 ], [ -75.270424734625948, -14.010594481680636 ], [ -75.329010984680508, -14.018023356687564 ], [ -75.355683609705352, -13.995765606666827 ], [ -75.359218734708662, -13.971503856644244 ], [ -75.381689484729577, -13.9627637316361 ], [ -75.43381635977812, -13.913900356590602 ], [ -75.457218734799909, -13.905464856582753 ], [ -75.475171859816641, -13.912716856589507 ], [ -75.52206010986032, -13.885114731563794 ], [ -75.549679734886041, -13.886951231565503 ], [ -75.564828359900133, -13.843486981525032 ], [ -75.543089859879899, -13.835083981517192 ], [ -75.524861234862925, -13.813117481496747 ], [ -75.527522359865401, -13.796958356481673 ], [ -75.538359109875472, -13.792822481477845 ], [ -75.541757734878644, -13.781889356467662 ], [ -75.537589734874757, -13.762395856449515 ], [ -75.554582359890588, -13.749571231437578 ], [ -75.531200984868832, -13.742710606431173 ], [ -75.515910484854572, -13.696393106388038 ], [ -75.501055359840734, -13.686732981379064 ], [ -75.496208734836216, -13.673330356366556 ], [ -75.488196859828776, -13.675902106368952 ], [ -75.48456210982539, -13.654708481349212 ], [ -75.519575359857981, -13.603514856301548 ], [ -75.510699984849737, -13.590179981289138 ], [ -75.509690984848788, -13.565427856266062 ], [ -75.495821859835871, -13.567053856267588 ], [ -75.477310484818616, -13.525484356228871 ], [ -75.494929984835039, -13.524049981227542 ], [ -75.47016210981198, -13.483835981190076 ], [ -75.473439484815032, -13.46325973117092 ], [ -75.465705109807828, -13.434138731143801 ], [ -75.499810484839571, -13.389080106101844 ], [ -75.492188609832482, -13.377531856091094 ], [ -75.500391484840122, -13.355417606070493 ], [ -75.505229859844633, -13.371848231085812 ], [ -75.522349234860584, -13.391338481103958 ], [ -75.531169609868797, -13.389380606102133 ], [ -75.538064484875207, -13.404756481116443 ], [ -75.585122109919041, -13.402668231114493 ], [ -75.598971109931938, -13.389987981102681 ], [ -75.614945484946816, -13.416796231127647 ], [ -75.633421859964017, -13.411183106122429 ], [ -75.651198484980569, -13.426845606137023 ], [ -75.677413235004991, -13.429969356139935 ], [ -75.68928098501604, -13.439670106148954 ], [ -75.718829610043571, -13.412576481123718 ], [ -75.744938110067864, -13.404794356116474 ], [ -75.762523485084245, -13.413765856124837 ], [ -75.805985235124723, -13.401433356113358 ], [ -75.809657985128155, -13.388856481101643 ], [ -75.784479360104712, -13.332447481049089 ], [ -75.754158735076459, -13.308939231027219 ], [ -75.73092773505482, -13.310306606028496 ], [ -75.706481485032072, -13.288286856007982 ], [ -75.702441360028303, -13.226886980950791 ], [ -75.688949360015727, -13.214274105939056 ], [ -75.706289860031887, -13.187651105914265 ], [ -75.693993110020443, -13.146627730876071 ], [ -75.70784961003335, -13.142722605872413 ], [ -75.718768235043513, -13.109764730841729 ], [ -75.705515485031157, -13.08043710581441 ], [ -75.694962485021335, -13.074792480809169 ], [ -75.686618360013568, -13.043071980779606 ], [ -75.676310610003952, -13.042703855779282 ], [ -75.67759898500519, -13.054483980790243 ], [ -75.652518859981797, -13.070503855805176 ], [ -75.628608234959529, -13.057066730792654 ], [ -75.6389898599692, -13.030778230768155 ], [ -75.609950234942147, -13.006763480745796 ], [ -75.602608484935331, -12.980183355721064 ], [ -75.636337484966731, -12.915582230660904 ], [ -75.612714359944732, -12.859151855608346 ], [ -75.570411109905336, -12.842858855593171 ], [ -75.560332109895938, -12.817399730569473 ], [ -75.530228609867919, -12.821619230573408 ], [ -75.52022360985859, -12.788728730542747 ], [ -75.508242609847429, -12.779827355534469 ], [ -75.577117109911569, -12.715701230474746 ], [ -75.553653984889735, -12.704243355464065 ], [ -75.55145498488767, -12.683992605445219 ], [ -75.56325935989868, -12.675728105437523 ], [ -75.56133073489687, -12.663084105425733 ], [ -75.575048859909657, -12.65945310542237 ], [ -75.579613234913893, -12.641484355405634 ], [ -75.551536984887747, -12.623474980388856 ], [ -75.525389609863396, -12.618367230384091 ], [ -75.490854234831232, -12.647937355411623 ], [ -75.483300859824197, -12.677087230438799 ], [ -75.467200734809211, -12.683330605444599 ], [ -75.452561359795567, -12.657194230420272 ], [ -75.460793984803246, -12.631385980396217 ], [ -75.44264523478634, -12.617741480383517 ], [ -75.415382734760954, -12.628417105393464 ], [ -75.409447234755419, -12.584730480352773 ], [ -75.391907984739106, -12.576212730344839 ], [ -75.367037984715921, -12.542948730313867 ], [ -75.319339109671517, -12.514502855287374 ], [ -75.32473998467654, -12.485502105260361 ], [ -75.309487484662327, -12.479127480254444 ], [ -75.297664484651349, -12.485247605260129 ], [ -75.277441484632476, -12.466796605242958 ], [ -75.251877234608685, -12.462880355239314 ], [ -75.229648984587982, -12.475571855251125 ], [ -75.215515359574823, -12.463421105239799 ], [ -75.223488109582235, -12.439077355217144 ], [ -75.21393348457336, -12.413890730193682 ], [ -75.220084609579061, -12.390454605171868 ], [ -75.182369984543953, -12.360279980143753 ], [ -75.154140984517653, -12.395699230176747 ], [ -75.131009984496103, -12.378499855160733 ], [ -75.140139984504629, -12.341409980126171 ], [ -75.098928484466228, -12.285317855073952 ], [ -75.105221484472082, -12.271142230060752 ], [ -75.100447109467638, -12.251100605042078 ], [ -75.085509609453737, -12.23672773002869 ], [ -75.07162785944081, -12.235202605027283 ], [ -75.059052859429102, -12.205472979999579 ], [ -75.049356609420073, -12.201342979995733 ], [ -75.048921109419666, -12.16754772996428 ], [ -75.072620609441742, -12.157799979955177 ], [ -75.076945359445773, -12.147145729945267 ], [ -75.062919734432711, -12.134715979933683 ], [ -75.07094685944017, -12.11293297991339 ], [ -75.065164109434789, -12.091917104893826 ], [ -75.073830359442866, -12.061311104865334 ], [ -75.086400859454557, -12.053255854857825 ], [ -75.047052609417932, -12.011563604818983 ], [ -75.048952484419686, -11.999228104807509 ], [ -75.026814734399068, -12.002196354810259 ], [ -75.021942234394544, -12.013071604820423 ], [ -74.99775435937201, -12.021080104827877 ], [ -74.939015734317309, -12.018355604825315 ], [ -74.870774109253745, -12.065991979869672 ], [ -74.837373609222652, -12.07081847987418 ], [ -74.818749984205311, -12.053529979858078 ], [ -74.794279984182509, -12.058289979862515 ], [ -74.744509984136158, -12.040899979846316 ], [ -74.716900109110441, -12.059419979863561 ], [ -74.683359984079203, -12.03813997984377 ], [ -74.679199984075325, -12.018259979825228 ], [ -74.661411359058775, -12.005643604813494 ], [ -74.657572859055193, -11.992684104801437 ], [ -74.624164609024064, -11.985181979794433 ], [ -74.602547484003935, -11.999512104807787 ], [ -74.592750108994807, -11.995495729804029 ], [ -74.594112858996084, -11.986974979796093 ], [ -74.571706858975233, -11.984808979794099 ], [ -74.566958858970793, -11.997463604805871 ], [ -74.543562983949016, -11.999012854807306 ], [ -74.528185733934691, -12.015236354822418 ], [ -74.501124233909479, -12.020806104827596 ], [ -74.487615733896916, -12.033712979839628 ], [ -74.480682233890434, -12.02658710483299 ], [ -74.454375733865959, -12.033945979839858 ], [ -74.453068358864726, -12.048620979853503 ], [ -74.442478108854857, -12.045037104850186 ], [ -74.433121608846164, -12.069891104873323 ], [ -74.421370983835203, -12.067526104871101 ], [ -74.414220983828557, -12.076462979879448 ], [ -74.419520233833481, -12.09377585489556 ], [ -74.410309983824902, -12.106485229907383 ], [ -74.398815608814203, -12.103611479904728 ], [ -74.363483983781293, -12.137842604936598 ], [ -74.351895608770519, -12.136721854935564 ], [ -74.361305233779262, -12.155222854952777 ], [ -74.343198733762392, -12.171118104967587 ], [ -74.378849983795618, -12.176009979972163 ], [ -74.387369983803552, -12.187979979983291 ], [ -74.37606998379303, -12.229189980021669 ], [ -74.39367998380942, -12.252469980043351 ], [ -74.384779983801138, -12.2715299800611 ], [ -74.414929983829211, -12.303749980091117 ], [ -74.433837858846829, -12.302943355090351 ], [ -74.444412733856666, -12.271521230061106 ], [ -74.474968733885134, -12.272074230061603 ], [ -74.490982483900041, -12.278892605067979 ], [ -74.507102358915063, -12.312464480099218 ], [ -74.555446858960067, -12.288089105076521 ], [ -74.581122858984003, -12.333318980118635 ], [ -74.575989983979213, -12.373169980155756 ], [ -74.564619983968612, -12.360909980144337 ], [ -74.549429983954468, -12.3738499801564 ], [ -74.534899983940932, -12.409999980190062 ], [ -74.52059998392761, -12.409649980189728 ], [ -74.52204998392898, -12.436129980214389 ], [ -74.506999983914966, -12.448239980225683 ], [ -74.453929983865521, -12.443909980221639 ], [ -74.409249983823912, -12.451919980229093 ], [ -74.401579983816788, -12.467479980243576 ], [ -74.415189983829464, -12.49174998026621 ], [ -74.398699983814083, -12.502689980276378 ], [ -74.400009983815323, -12.524559980296736 ], [ -74.384269983800664, -12.544849980315655 ], [ -74.386859983803078, -12.566809980336096 ], [ -74.366319983783939, -12.575829980344494 ], [ -74.363289983781129, -12.594269980361668 ], [ -74.324019983744535, -12.604499980371195 ], [ -74.342119983761393, -12.623799980389167 ], [ -74.327169983747467, -12.680199980441682 ], [ -74.340839983760219, -12.690159980450956 ], [ -74.349079983767894, -12.718219980477091 ], [ -74.328369983748587, -12.744239980501312 ], [ -74.313529983734782, -12.737099980494675 ], [ -74.295919983718363, -12.749239980505969 ] ] ] } },
{ "type": "Feature", "properties": { "NOMBDEP": "HUANUCO", "COUNT": 76, "FIRST_IDDP": "10", "HECTARES": 3720052.603 }, "geometry": { "type": "Polygon", "coordinates": [ [ [ -76.909585986151768, -9.368548852357563 ], [ -76.893552736136883, -9.332824227324293 ], [ -76.866074361111359, -9.307585977300773 ], [ -76.867898486113049, -9.291267602285574 ], [ -76.855470736101509, -9.289683602284128 ], [ -76.842839861089757, -9.26172847725808 ], [ -76.833964861081526, -9.266007852262073 ], [ -76.814062486063037, -9.326505852318395 ], [ -76.793839736044234, -9.332927727324405 ], [ -76.765040986017453, -9.367005852356135 ], [ -76.758080111011026, -9.362787102352208 ], [ -76.740333985994496, -9.330802727322402 ], [ -76.739742235993944, -9.274499977269993 ], [ -76.725744110980926, -9.256634727253353 ], [ -76.733837860988473, -9.208667977208686 ], [ -76.788580111039337, -9.136238227141206 ], [ -76.87074411111567, -9.113316352119876 ], [ -76.927896486168748, -9.071078102080511 ], [ -76.944964736184559, -9.074415977083644 ], [ -76.96645311120453, -9.060412102070568 ], [ -76.980101611217165, -9.062918102072921 ], [ -77.002787111238234, -9.032619102044704 ], [ -77.032628861265906, -9.014234352027577 ], [ -77.035708986268759, -8.999958977014284 ], [ -77.066019486296824, -8.990915977005846 ], [ -77.09209761132098, -8.971566351987835 ], [ -77.110037111337618, -8.969966851986339 ], [ -77.102490236330596, -8.960947226977938 ], [ -77.105728486333589, -8.949191351966984 ], [ -77.122628861349256, -8.946257851964248 ], [ -77.131023486357009, -8.916284976936334 ], [ -77.14741798637219, -8.895753851917224 ], [ -77.155160111379331, -8.900378851921523 ], [ -77.164835986388297, -8.889097601911036 ], [ -77.172662111395525, -8.876025351898848 ], [ -77.174263611396995, -8.834494101860178 ], [ -77.195734361416839, -8.814992226841994 ], [ -77.206537111426812, -8.781624976810908 ], [ -77.225812486444624, -8.766937476797233 ], [ -77.227490236446172, -8.742826226774769 ], [ -77.248167986465276, -8.727308601760329 ], [ -77.246189486463436, -8.702732476737429 ], [ -77.26115236147723, -8.66719722670434 ], [ -77.260595736476731, -8.648521476686943 ], [ -77.285773486499949, -8.64410935168284 ], [ -77.294183611507705, -8.635277351674599 ], [ -77.28871686150265, -8.58976935163221 ], [ -77.310997986523176, -8.555937476600716 ], [ -77.310624986522853, -8.534900351581117 ], [ -77.317486361529149, -8.530152351576699 ], [ -77.282783361497138, -8.505888726554105 ], [ -77.263835861479649, -8.467417976518277 ], [ -77.202677736423198, -8.485414101535071 ], [ -77.181828111403931, -8.478951226529039 ], [ -77.133843736359538, -8.440021476492783 ], [ -77.139927736365195, -8.480455101530453 ], [ -77.081937736311502, -8.487256351536805 ], [ -77.091650736320489, -8.516981351564466 ], [ -77.049801361281737, -8.553715226598698 ], [ -77.01159761124633, -8.53768747658377 ], [ -76.994841861230796, -8.555631726600494 ], [ -76.977300861214545, -8.560598726605122 ], [ -76.948889486188165, -8.545666101591186 ], [ -76.936667986176829, -8.566581976610671 ], [ -76.919175986160596, -8.57011497661397 ], [ -76.897084236140103, -8.568750601612699 ], [ -76.887358111131078, -8.554798101599713 ], [ -76.864701611110036, -8.566349601610449 ], [ -76.862540361108017, -8.552537351597607 ], [ -76.846842361093451, -8.545789726591332 ], [ -76.842659111089546, -8.525229976572188 ], [ -76.804449861054053, -8.510572726558518 ], [ -76.796318736046516, -8.511188226559087 ], [ -76.79014986104076, -8.523641351570708 ], [ -76.768424111020565, -8.526809351573636 ], [ -76.75459373600772, -8.51964460156697 ], [ -76.740989360995073, -8.524646851571621 ], [ -76.728403985983363, -8.515004476562657 ], [ -76.697271485954445, -8.532408226578873 ], [ -76.678435485936916, -8.521066351568312 ], [ -76.643484360904438, -8.523648476570703 ], [ -76.636794860898206, -8.514562476562254 ], [ -76.566292985832632, -8.508146476556258 ], [ -76.547806610815414, -8.497640601546488 ], [ -76.540074235808234, -8.512921851560735 ], [ -76.494837860766111, -8.549587851594859 ], [ -76.499090235770097, -8.563941101608245 ], [ -76.492503860763932, -8.575760851619251 ], [ -76.466167360739448, -8.569742976613657 ], [ -76.444344610719128, -8.489558351538975 ], [ -76.417496235694145, -8.443748226496311 ], [ -76.366709985646864, -8.411540726466301 ], [ -76.356099610637003, -8.42507422647892 ], [ -76.33283698561533, -8.430525851483978 ], [ -76.321716110604982, -8.469839476520599 ], [ -76.327426860610302, -8.47990835152997 ], [ -76.311436860595421, -8.505005351553352 ], [ -76.324025360607109, -8.525023476572006 ], [ -76.300960985585661, -8.558751976603403 ], [ -76.301808610586463, -8.573615226617232 ], [ -76.280358610566495, -8.573563976617187 ], [ -76.285271485571059, -8.586589851629343 ], [ -76.261599610549027, -8.61635760165704 ], [ -76.269552735556402, -8.627498101667426 ], [ -76.262464860549812, -8.638298976677499 ], [ -76.268726735555646, -8.651019226689352 ], [ -76.2527792355408, -8.665312476702649 ], [ -76.247085985535492, -8.685861351721785 ], [ -76.262992235550286, -8.682208976718373 ], [ -76.267943360554909, -8.688087726723849 ], [ -76.254884735542745, -8.690068351725719 ], [ -76.257126985544858, -8.70937110174369 ], [ -76.228505860518183, -8.746080101777883 ], [ -76.244027360532669, -8.751533226782945 ], [ -76.231705735521189, -8.759151476790052 ], [ -76.240884110529748, -8.768041976798333 ], [ -76.23015423551972, -8.79629497682463 ], [ -76.215523485506097, -8.786632851815646 ], [ -76.213772360504478, -8.773519976803428 ], [ -76.202257860493773, -8.773521476803422 ], [ -76.197337860489185, -8.75731447678832 ], [ -76.16643948546043, -8.756414101787479 ], [ -76.162857235457068, -8.731478476764284 ], [ -76.155978485450646, -8.732755851765443 ], [ -76.145265610440674, -8.711435601745601 ], [ -76.150880860445923, -8.708654351743027 ], [ -76.139488235435294, -8.666640601703888 ], [ -76.130029235426505, -8.655287101693316 ], [ -76.115499985412981, -8.65768360169556 ], [ -76.107128860405183, -8.648800726687274 ], [ -76.107617110405627, -8.640466851679509 ], [ -76.121074235418149, -8.633755976673283 ], [ -76.120160110417288, -8.589562476632105 ], [ -76.135021485431139, -8.56730472661137 ], [ -76.126396485423115, -8.545417976591006 ], [ -76.130667985427095, -8.467876976518776 ], [ -76.108714860406664, -8.415990226470452 ], [ -76.113234360410857, -8.384238226440882 ], [ -76.086068360385568, -8.336306601396236 ], [ -76.074253860374554, -8.340183601399858 ], [ -76.056347610357889, -8.329290976389716 ], [ -76.042595735345074, -8.341591851401166 ], [ -76.038060485340864, -8.330611351390949 ], [ -76.004470735309567, -8.32271097638356 ], [ -76.001044860306379, -8.314560601375986 ], [ -75.98496286029139, -8.322150351383067 ], [ -75.94959173525848, -8.391330101447481 ], [ -75.942298860251697, -8.42765822648132 ], [ -75.967554735275186, -8.45992572651137 ], [ -75.95453123526309, -8.49948635154821 ], [ -75.970726610278149, -8.512400351560228 ], [ -75.965023485272837, -8.579974601623169 ], [ -75.979173860286025, -8.654011726692138 ], [ -75.964095735271997, -8.697357476732483 ], [ -75.94646486025556, -8.713550726747584 ], [ -75.938529360248168, -8.75178510178317 ], [ -75.921646485232458, -8.780808601810227 ], [ -75.928191360238543, -8.844158226869194 ], [ -75.877556610191391, -8.955248101972662 ], [ -75.880919860194524, -9.006080102020029 ], [ -75.870497985184812, -9.029123102041479 ], [ -75.844390610160502, -9.051505852062302 ], [ -75.83603586015272, -9.08481085209333 ], [ -75.806464860125175, -9.121486352127492 ], [ -75.794113235113684, -9.188365227189776 ], [ -75.774933610095815, -9.20750972720761 ], [ -75.75782036007989, -9.247927727245244 ], [ -75.731757860055609, -9.272265602267924 ], [ -75.667246109995517, -9.397347602384405 ], [ -75.558394484894137, -9.399898477386762 ], [ -75.493644484833851, -9.377011727365456 ], [ -75.456254609799032, -9.324999977317026 ], [ -75.450142609793332, -9.296210977290205 ], [ -75.395179609742144, -9.295181602289247 ], [ -75.372337859720858, -9.309406227302521 ], [ -75.334960984686063, -9.304152352297596 ], [ -75.328941359680442, -9.297029352290981 ], [ -75.282722609637403, -9.309831977302885 ], [ -75.262330109618404, -9.270367227266135 ], [ -75.244392609601704, -9.261931602258278 ], [ -75.206130859566088, -9.223216852222224 ], [ -75.202011734562234, -9.205410102205647 ], [ -75.210601609570233, -9.159136727162558 ], [ -75.23803710959578, -9.107402352114359 ], [ -75.209296859569037, -9.102537102109856 ], [ -75.171470734533784, -9.069451227079028 ], [ -75.149193359513049, -9.034519477046484 ], [ -75.150742234514496, -9.00250972701668 ], [ -75.140708984505153, -8.96707422698368 ], [ -75.104300734471224, -8.928953101948176 ], [ -75.054167984424538, -8.904677726925589 ], [ -75.012642609385864, -8.913580101933876 ], [ -74.979705109355208, -8.951902351969567 ], [ -74.964958984341479, -8.938218726956805 ], [ -74.934164109312775, -8.93022460194938 ], [ -74.930673734309522, -8.906003601926797 ], [ -74.946500859324289, -8.888435476910455 ], [ -74.953645484330934, -8.858053476882152 ], [ -74.939901609318127, -8.857216976881364 ], [ -74.852198734236453, -8.763094351793731 ], [ -74.847978484232527, -8.691979601727491 ], [ -74.8407761092258, -8.679068976715479 ], [ -74.847284484231864, -8.66164472669924 ], [ -74.664147609061303, -8.561908726606344 ], [ -74.630328859029817, -8.550410351595636 ], [ -74.582982483985717, -8.551086726596276 ], [ -74.543752733949191, -8.593698351635958 ], [ -74.526874983933482, -8.723828226757144 ], [ -74.53217810893841, -8.776133226805864 ], [ -74.572874608976321, -8.792645851821245 ], [ -74.588089858990486, -8.812646476839868 ], [ -74.618308609018612, -8.832027351857924 ], [ -74.624214984024121, -8.888726601910713 ], [ -74.644310734042847, -8.918783226938725 ], [ -74.652740234050697, -8.979581976995327 ], [ -74.647874984046155, -8.995767602010419 ], [ -74.661709609059045, -9.003829602017916 ], [ -74.669163984065989, -9.020256727033207 ], [ -74.651366109049405, -9.048768352059776 ], [ -74.658399734055962, -9.071403727080861 ], [ -74.678093734074309, -9.094039102101908 ], [ -74.671864984068492, -9.110542477117297 ], [ -74.636538734035611, -9.125511227131238 ], [ -74.639564484038431, -9.159681602163069 ], [ -74.624466859024352, -9.215562477215093 ], [ -74.589904233992172, -9.267171727263163 ], [ -74.587150233989604, -9.296607477290582 ], [ -74.610619109011452, -9.333039102324516 ], [ -74.673095734069648, -9.39107035237855 ], [ -74.680580109076629, -9.434726602419213 ], [ -74.729376984122069, -9.472384727454289 ], [ -74.741354859133224, -9.516236477495122 ], [ -74.750522859141768, -9.524607102502927 ], [ -74.73559373412786, -9.574445227549319 ], [ -74.755848984146724, -9.584049102558295 ], [ -74.759063984149719, -9.599734477572889 ], [ -74.769651734159567, -9.6002963525734 ], [ -74.765688984155872, -9.627597977598851 ], [ -74.808410109195677, -9.688964852655971 ], [ -74.797261734185298, -9.712275352677699 ], [ -74.804425734191966, -9.729822227694031 ], [ -74.846341859230989, -9.749402352712277 ], [ -74.867492234250705, -9.735712852699521 ], [ -74.887749984269576, -9.733128852697122 ], [ -74.943103484321114, -9.761101602723157 ], [ -74.999442109373575, -9.838453977795213 ], [ -75.057789234427929, -9.818918602777021 ], [ -75.094467859462071, -9.8444777278008 ], [ -75.160124984523236, -9.839974602796621 ], [ -75.254650359611247, -9.77900222773982 ], [ -75.309765484662591, -9.774387477735534 ], [ -75.279218984634156, -9.838239727795022 ], [ -75.275736609630911, -9.852069852807894 ], [ -75.282407984637118, -9.864731352819689 ], [ -75.319939609672076, -9.877070352831163 ], [ -75.369355984718084, -9.870832602825377 ], [ -75.401761859748262, -9.879922227833807 ], [ -75.411181609757051, -9.888426102841738 ], [ -75.409600484755572, -9.902007602854381 ], [ -75.39554723474248, -9.912776852864418 ], [ -75.404783609751092, -9.930212102880663 ], [ -75.421442109766588, -9.94343510289298 ], [ -75.443795234787416, -9.936850102886837 ], [ -75.456531359799271, -9.95511972790384 ], [ -75.470041984811871, -9.958876477907355 ], [ -75.475564734816999, -9.979721352926761 ], [ -75.464085984806303, -9.994308602940343 ], [ -75.482735359823693, -9.993419852939519 ], [ -75.508799984847983, -9.978009977925192 ], [ -75.548641484885053, -9.983607977930395 ], [ -75.595168484928394, -9.952619227901518 ], [ -75.604027359936651, -10.019078102963412 ], [ -75.647529984977155, -10.025809977969688 ], [ -75.678659985006163, -10.054079977996015 ], [ -75.694149985020573, -10.103699978042236 ], [ -75.691439985018064, -10.117009978054615 ], [ -75.705159985030832, -10.141409978077336 ], [ -75.698620110024734, -10.175459978109066 ], [ -75.709429985034802, -10.215069978145943 ], [ -75.728679985052736, -10.232769978162437 ], [ -75.759529985081457, -10.237680103167005 ], [ -75.784769985104987, -10.252159978180483 ], [ -75.812709985130994, -10.244089978172964 ], [ -75.839679985156124, -10.257389978185342 ], [ -75.856399985171691, -10.301709978226649 ], [ -75.893539985206274, -10.324279978247658 ], [ -75.924939985235511, -10.356719978277866 ], [ -75.934539860244456, -10.374979978294862 ], [ -75.925049860235617, -10.406559978324296 ], [ -75.968455110276039, -10.470737353384056 ], [ -75.986307860292669, -10.484039353396421 ], [ -76.003113235308305, -10.488806603400878 ], [ -76.01133473531597, -10.454897478369292 ], [ -76.024939860328644, -10.467438978380972 ], [ -76.039222610341923, -10.454577978368988 ], [ -76.057037110358536, -10.465419978379103 ], [ -76.078283235378322, -10.451988228366606 ], [ -76.078268735378316, -10.434153728349981 ], [ -76.092892485391914, -10.429281228345427 ], [ -76.104187485402448, -10.435546853351287 ], [ -76.118804735416049, -10.42637310334273 ], [ -76.129630860426133, -10.430800728346853 ], [ -76.144480485439956, -10.408116478325743 ], [ -76.171949235465547, -10.411546853328922 ], [ -76.185396735478079, -10.395463103313963 ], [ -76.207169985498339, -10.388709978307666 ], [ -76.205396485496692, -10.376562478296348 ], [ -76.230888610520424, -10.371790978291912 ], [ -76.226329985516188, -10.396929978315303 ], [ -76.269476860556352, -10.368988228289304 ], [ -76.274705360561214, -10.402464728320478 ], [ -76.285287485571061, -10.416419978333451 ], [ -76.305517110589918, -10.412544728329857 ], [ -76.32340998560656, -10.359579978280529 ], [ -76.316940110600541, -10.340229978262512 ], [ -76.330679860613344, -10.316119978240058 ], [ -76.325759985608769, -10.305529978230187 ], [ -76.335789985618106, -10.286319978212294 ], [ -76.364499985644841, -10.299469978224542 ], [ -76.387219985665965, -10.289289978215052 ], [ -76.400679985678508, -10.308429978232894 ], [ -76.424939985701087, -10.31921997824295 ], [ -76.49397611076536, -10.310531228234844 ], [ -76.472804360745641, -10.337767603260223 ], [ -76.486581735758477, -10.352435603273864 ], [ -76.490941110762506, -10.378896478298534 ], [ -76.523839985793146, -10.377215978296952 ], [ -76.531895360800618, -10.386872978305954 ], [ -76.551880485819225, -10.38464447830388 ], [ -76.558243735825158, -10.393429728312064 ], [ -76.579253610844702, -10.375874853295706 ], [ -76.593380485857864, -10.387240228306286 ], [ -76.593358985857847, -10.401493978319545 ], [ -76.620394235882983, -10.415248103332349 ], [ -76.648976235909586, -10.415835978332906 ], [ -76.665248485924721, -10.438556603354082 ], [ -76.696819985954093, -10.442486353357744 ], [ -76.700875610957851, -10.461008728374969 ], [ -76.715663735971617, -10.46246485337633 ], [ -76.723694985979094, -10.472595728385762 ], [ -76.723233235978668, -10.485652478397926 ], [ -76.739210985993523, -10.467234353380771 ], [ -76.772349611024339, -10.464152353377896 ], [ -76.7873867360383, -10.438652353354145 ], [ -76.799853361049884, -10.439558478354998 ], [ -76.805675736055306, -10.392298853311001 ], [ -76.831671861079457, -10.393074228311725 ], [ -76.840497986087655, -10.363331978284013 ], [ -76.856394486102431, -10.377265603296983 ], [ -76.865851611111239, -10.37484372829473 ], [ -76.874669861119415, -10.320861353244444 ], [ -76.881367236125627, -10.30850785323295 ], [ -76.894507986137853, -10.304328103229075 ], [ -76.891023486134586, -10.294744103220127 ], [ -76.906216736148693, -10.274880853201637 ], [ -76.904841736147418, -10.237697228167011 ], [ -76.91600386115779, -10.225267603155435 ], [ -76.908535111150854, -10.176783228110287 ], [ -76.915697236157484, -10.120427728057798 ], [ -76.901943361144717, -10.113341853051196 ], [ -76.879886736124249, -10.116552728054188 ], [ -76.871337861116302, -10.094300728033469 ], [ -76.853580111099788, -10.101779353040442 ], [ -76.843238236090173, -10.08678510302644 ], [ -76.8071894860567, -10.084478478024305 ], [ -76.814964861063913, -10.02343160296747 ], [ -76.825027361073253, -10.00923247795423 ], [ -76.825615111073802, -9.989292977935673 ], [ -76.813757861062797, -9.960146477908539 ], [ -76.841861486088902, -9.930621102881036 ], [ -76.841988236088994, -9.910892602862654 ], [ -76.897757861140803, -9.809289102768028 ], [ -76.90158398614436, -9.769701227731153 ], [ -76.934249986174692, -9.729474602693687 ], [ -76.941365236181312, -9.705912102671737 ], [ -76.971839861209588, -9.711812477677242 ], [ -76.981042986218114, -9.724568352689118 ], [ -76.969482361207398, -9.757808602720086 ], [ -76.974277361211847, -9.760236352722341 ], [ -77.020611361254808, -9.711314477676785 ], [ -77.048658236280815, -9.649505852619203 ], [ -77.044974611277411, -9.628298852599444 ], [ -77.029236361262804, -9.612996102585216 ], [ -76.995271486231331, -9.60344335257631 ], [ -76.981187486218232, -9.56497260254049 ], [ -76.955111361194042, -9.560298852536143 ], [ -76.955095736194011, -9.542689477519739 ], [ -76.938009736178145, -9.526578102504736 ], [ -76.938619111178724, -9.491699227472237 ], [ -76.953294861192362, -9.467478477449694 ], [ -76.93030473617101, -9.433185602417764 ], [ -76.93523623617557, -9.398548852385508 ], [ -76.924132861165276, -9.391531227378961 ], [ -76.917900361159496, -9.369507852358435 ], [ -76.909585986151768, -9.368548852357563 ] ] ] } },
{ "type": "Feature", "properties": { "NOMBDEP": "ICA", "COUNT": 43, "FIRST_IDDP": "11", "HECTARES": 2108076.66 }, "geometry": { "type": "Polygon", "coordinates": [ [ [ -75.139826109504327, -14.415908232058094 ], [ -75.119137609485051, -14.421131107062964 ], [ -75.121942609487661, -14.427275732068708 ], [ -75.105841734472691, -14.434044232075006 ], [ -75.08896860945697, -14.426408982067873 ], [ -75.052994109423452, -14.431150357072294 ], [ -75.070190984439478, -14.449158482089054 ], [ -75.068459359437867, -14.458357607097636 ], [ -75.09813773446551, -14.48509723212254 ], [ -75.08667535945483, -14.530205857164537 ], [ -75.067328859436799, -14.527937357162415 ], [ -75.080822484449385, -14.551430232184313 ], [ -75.080089984448676, -14.569009982200665 ], [ -75.065858234435439, -14.574483482205773 ], [ -75.055957859426201, -14.626884857254591 ], [ -75.031764609403695, -14.610657107239453 ], [ -75.010033234383457, -14.606156232235259 ], [ -74.996196984370556, -14.611899607240609 ], [ -74.97801873435364, -14.602371607231751 ], [ -74.958919734335836, -14.606451232235544 ], [ -74.946628359324393, -14.58083523221168 ], [ -74.913392109293426, -14.565616357197518 ], [ -74.897204484278376, -14.544886732178206 ], [ -74.87620323425881, -14.553391982186128 ], [ -74.88396485926603, -14.576222607207395 ], [ -74.859029234242797, -14.608379607237337 ], [ -74.788166234176828, -14.615563232244023 ], [ -74.846581359231209, -14.666147232291127 ], [ -74.84651610923116, -14.688017607311501 ], [ -74.837798234223044, -14.695791107318762 ], [ -74.845313859230032, -14.709147732331179 ], [ -74.83110048421679, -14.718298732339704 ], [ -74.826466484212489, -14.735276857355514 ], [ -74.802697234190333, -14.75215235737123 ], [ -74.777380359166756, -14.729389232350043 ], [ -74.749845984141146, -14.729081482349738 ], [ -74.715873109109495, -14.709521482331542 ], [ -74.734340359126691, -14.729790732350391 ], [ -74.738526609130588, -14.753734482372705 ], [ -74.752692484143779, -14.76404135738229 ], [ -74.755763484146627, -14.783091982400041 ], [ -74.764702109154968, -14.79045648240691 ], [ -74.747755484139191, -14.813104357427997 ], [ -74.71439685910812, -14.817800982432376 ], [ -74.751504234142658, -14.827554482441451 ], [ -74.754580109145536, -14.835290982448658 ], [ -74.746244109137763, -14.843554732456347 ], [ -74.733404359125814, -14.837915982451104 ], [ -74.732509734124989, -14.846660107459236 ], [ -74.720795109114079, -14.836728482449994 ], [ -74.693840359088966, -14.838155232451319 ], [ -74.680960859076976, -14.854278857466337 ], [ -74.675821734072173, -14.862072482473604 ], [ -74.681066234077065, -14.87308323248384 ], [ -74.662392734059665, -14.900123107509037 ], [ -74.68532860908104, -14.93015448253699 ], [ -74.659385234056884, -14.970336107574409 ], [ -74.646241234044624, -14.977177857580784 ], [ -74.665693734062756, -14.997902357600084 ], [ -74.669003859065839, -15.053697232652056 ], [ -74.757999984148711, -15.092835982688488 ], [ -74.815917984202656, -15.13949773273194 ], [ -74.85520935923924, -15.15383048274529 ], [ -74.87734985925988, -15.153679857745164 ], [ -74.929305984308257, -15.192401857781221 ], [ -74.963638359340223, -15.253898607838492 ], [ -74.968200734344492, -15.299422232880886 ], [ -75.003879734377705, -15.330230357909567 ], [ -75.016555734389527, -15.351096232929001 ], [ -75.018485984391305, -15.382413857958172 ], [ -75.045547484416517, -15.430330233002794 ], [ -75.074515609443509, -15.443374983014934 ], [ -75.071078109440293, -15.435634733007731 ], [ -75.081912109450414, -15.424009732996907 ], [ -75.099644484466907, -15.423484357996411 ], [ -75.122191359487886, -15.405861357980005 ], [ -75.140404234504871, -15.407165982981207 ], [ -75.14468360950886, -15.393810482968773 ], [ -75.158570359521775, -15.392873107967903 ], [ -75.161509734524515, -15.378128857954186 ], [ -75.194527359555281, -15.368146482944884 ], [ -75.186279234547584, -15.354421857932097 ], [ -75.155872984519291, -15.355384732932993 ], [ -75.151351609515046, -15.335113232914118 ], [ -75.169156234531656, -15.307083982888004 ], [ -75.195925609556582, -15.291152357873177 ], [ -75.22913473458749, -15.285740232868147 ], [ -75.248648484605667, -15.25529510783978 ], [ -75.263812484619791, -15.251183607835957 ], [ -75.227107484585616, -15.259273482843485 ], [ -75.218410109577533, -15.249339857834242 ], [ -75.216624984575844, -15.231415982817552 ], [ -75.234169859592186, -15.200517607788782 ], [ -75.275632859630804, -15.167736357758242 ], [ -75.316869109669199, -15.149931607741664 ], [ -75.33622260968724, -15.146218732738207 ], [ -75.349496109699601, -15.158331982749486 ], [ -75.34812498469833, -15.148415982740248 ], [ -75.357923859707455, -15.139947232732375 ], [ -75.371744109720311, -15.151544982743165 ], [ -75.371339859719939, -15.128148482721373 ], [ -75.384134734731845, -15.116406232710446 ], [ -75.394785109741775, -15.080669982677172 ], [ -75.409214859755224, -15.067990232665363 ], [ -75.413574234759267, -15.043123107642197 ], [ -75.433164109777522, -15.026576107626795 ], [ -75.442693359786404, -15.000591857602599 ], [ -75.486322234827014, -14.979081982582553 ], [ -75.503142609842683, -14.962382857567007 ], [ -75.501863109841509, -14.941808607547848 ], [ -75.491648484831984, -14.934203107540769 ], [ -75.509790984848877, -14.910771482518939 ], [ -75.574521484909155, -14.86779698247893 ], [ -75.682025360009277, -14.817708982432276 ], [ -75.760308610082205, -14.761410107379852 ], [ -75.855566360170911, -14.716281232337833 ], [ -75.848906235164719, -14.708441482330517 ], [ -75.855755860171087, -14.694443357317498 ], [ -75.916765610227912, -14.658906232284398 ], [ -75.927763610238145, -14.642025357268686 ], [ -75.930455110240644, -14.571275357202776 ], [ -75.974732485281891, -14.524605357159322 ], [ -75.96478323527262, -14.505892607141911 ], [ -75.972279235279615, -14.470498107108936 ], [ -76.039109360341854, -14.424527357066133 ], [ -76.06619523536709, -14.386943357031141 ], [ -76.136517610432563, -14.34881060699562 ], [ -76.145240235440681, -14.330156231978252 ], [ -76.110955110408739, -14.329220731977374 ], [ -76.105304735403493, -14.314058606963245 ], [ -76.138021485433967, -14.234206981888882 ], [ -76.190480485482809, -14.198257856855395 ], [ -76.198042985489863, -14.172765606831675 ], [ -76.217855485508309, -14.167915981827143 ], [ -76.216437485506972, -14.157634731817572 ], [ -76.225800735515705, -14.150474606810906 ], [ -76.251982485540097, -14.154394481814556 ], [ -76.25991411054747, -14.142162106803161 ], [ -76.270925735557711, -14.14215635680317 ], [ -76.256578235544353, -14.167486356826762 ], [ -76.254933610542849, -14.154912106815056 ], [ -76.25321286054124, -14.160456981820198 ], [ -76.272146485558878, -14.200199231857223 ], [ -76.275486360561956, -14.182898481841093 ], [ -76.293380860578623, -14.163251981822805 ], [ -76.278724610564979, -14.152429731812715 ], [ -76.285763610571536, -14.13822073179948 ], [ -76.279890610566085, -14.127537106789552 ], [ -76.284443360570293, -14.100013731763912 ], [ -76.292160110577498, -14.089003731753682 ], [ -76.276130860562589, -14.082490231747606 ], [ -76.276365235562793, -14.061872981728406 ], [ -76.260632860548128, -14.055767606722721 ], [ -76.27051373555733, -14.03614648170444 ], [ -76.262624985549991, -14.020232356689627 ], [ -76.285783235571571, -13.996789106667782 ], [ -76.270234235557069, -13.980869106652966 ], [ -76.273037110559684, -13.951873106625955 ], [ -76.295361360580472, -13.928367231604064 ], [ -76.28251561056851, -13.918048731594478 ], [ -76.282872985568844, -13.909042856586078 ], [ -76.306154360590526, -13.892167981570351 ], [ -76.314271485598084, -13.894177731572238 ], [ -76.316326235600002, -13.915445356592016 ], [ -76.328078110610932, -13.924882856600812 ], [ -76.339128985621244, -13.915322356591936 ], [ -76.356005860636927, -13.922804856598873 ], [ -76.362263610642756, -13.913820356590527 ], [ -76.396474610674616, -13.908763606585811 ], [ -76.385947235664844, -13.843853481525347 ], [ -76.36791011064804, -13.82863285651119 ], [ -76.371290985651171, -13.808880731492797 ], [ -76.365439485645723, -13.803281231487585 ], [ -76.296417985581456, -13.793277356478272 ], [ -76.288884735574442, -13.797863231482539 ], [ -76.31164848559564, -13.847074231528365 ], [ -76.2976367355826, -13.838036981519947 ], [ -76.261408235548856, -13.865826106545832 ], [ -76.250656235538841, -13.853458981534292 ], [ -76.258154235545817, -13.838568356520444 ], [ -76.248031235536402, -13.831388731513767 ], [ -76.250300735538502, -13.813042981496677 ], [ -76.220398485510685, -13.717646481407836 ], [ -76.217040985507552, -13.681199231373894 ], [ -76.19766011048948, -13.64087698133633 ], [ -76.185066360477776, -13.526835981230139 ], [ -76.190896485483208, -13.425833981136064 ], [ -76.213646485504384, -13.370785106084826 ], [ -76.244792860533394, -13.323513731040778 ], [ -76.202879985494363, -13.301679856020472 ], [ -76.162679985456904, -13.226069980950038 ], [ -76.155252610450006, -13.192200855918511 ], [ -76.011936735316539, -13.085499355819135 ], [ -75.968613860276179, -13.040836355777532 ], [ -75.957529860265879, -12.999129105738687 ], [ -75.937682860247378, -12.991324855731422 ], [ -75.9138663602252, -13.006866105745896 ], [ -75.87878123519252, -13.015994105754395 ], [ -75.852218110167811, -13.035311980772407 ], [ -75.826888610144209, -13.02941010576691 ], [ -75.81792348513585, -13.052148980788072 ], [ -75.807746735126386, -13.051569855787529 ], [ -75.80206248512107, -13.060429730795779 ], [ -75.772484360093529, -13.037861355774764 ], [ -75.764587735086167, -13.018236355756496 ], [ -75.723230485047651, -13.03874548077559 ], [ -75.69054923501723, -13.035105105772191 ], [ -75.686072110013043, -13.02531835576308 ], [ -75.665727984994106, -13.016489230754861 ], [ -75.667048609995334, -12.996556230736296 ], [ -75.635171484965639, -12.986580105727002 ], [ -75.635955109966375, -12.972007730713448 ], [ -75.614393109946292, -12.964933355706853 ], [ -75.604937984937493, -12.974463105715722 ], [ -75.609950234942147, -13.006763480745796 ], [ -75.6389898599692, -13.030778230768155 ], [ -75.628608234959529, -13.057066730792654 ], [ -75.652518859981797, -13.070503855805176 ], [ -75.67759898500519, -13.054483980790243 ], [ -75.678826110006298, -13.041108605777787 ], [ -75.692753735019267, -13.048961980785119 ], [ -75.694962485021335, -13.074792480809169 ], [ -75.705515485031157, -13.08043710581441 ], [ -75.718768235043513, -13.109764730841729 ], [ -75.70784961003335, -13.142722605872413 ], [ -75.693993110020443, -13.146627730876071 ], [ -75.706289860031887, -13.187651105914265 ], [ -75.688949360015727, -13.214274105939056 ], [ -75.702441360028303, -13.226886980950791 ], [ -75.706481485032072, -13.288286856007982 ], [ -75.73092773505482, -13.310306606028496 ], [ -75.754158735076459, -13.308939231027219 ], [ -75.785102110105271, -13.333070356049703 ], [ -75.809388610127925, -13.396846356109096 ], [ -75.762523485084245, -13.413765856124837 ], [ -75.744938110067864, -13.404794356116474 ], [ -75.718829610043571, -13.412576481123718 ], [ -75.68928098501604, -13.439670106148954 ], [ -75.677413235004991, -13.429969356139935 ], [ -75.651198484980569, -13.426845606137023 ], [ -75.633421859964017, -13.411183106122429 ], [ -75.614945484946816, -13.416796231127647 ], [ -75.598971109931938, -13.389987981102681 ], [ -75.585122109919041, -13.402668231114493 ], [ -75.538064484875207, -13.404756481116443 ], [ -75.531169609868797, -13.389380606102133 ], [ -75.522349234860584, -13.391338481103958 ], [ -75.505229859844633, -13.371848231085812 ], [ -75.500391484840122, -13.355417606070493 ], [ -75.492188609832482, -13.377531856091094 ], [ -75.499810484839571, -13.389080106101844 ], [ -75.465705109807828, -13.434138731143801 ], [ -75.473439484815032, -13.46325973117092 ], [ -75.47016210981198, -13.483835981190076 ], [ -75.494929984835039, -13.524049981227542 ], [ -75.477310484818616, -13.525484356228871 ], [ -75.495821859835871, -13.567053856267588 ], [ -75.509690984848788, -13.565427856266062 ], [ -75.510699984849737, -13.590179981289138 ], [ -75.519575359857981, -13.603514856301548 ], [ -75.48456210982539, -13.654708481349212 ], [ -75.488196859828776, -13.675902106368952 ], [ -75.496208734836216, -13.673330356366556 ], [ -75.501055359840734, -13.686732981379064 ], [ -75.515910484854572, -13.696393106388038 ], [ -75.531200984868832, -13.742710606431173 ], [ -75.554582359890588, -13.749571231437578 ], [ -75.537589734874757, -13.762395856449515 ], [ -75.541757734878644, -13.781889356467662 ], [ -75.538359109875472, -13.792822481477845 ], [ -75.527522359865401, -13.796958356481673 ], [ -75.524878484862938, -13.817899231501178 ], [ -75.543431609880201, -13.835298856517399 ], [ -75.563376984898781, -13.840869231522593 ], [ -75.566022734901253, -13.85464360653541 ], [ -75.546537109883104, -13.889343731567728 ], [ -75.52206010986032, -13.885114731563794 ], [ -75.481900234822916, -13.910595731587522 ], [ -75.457218734799909, -13.905464856582753 ], [ -75.42886723477352, -13.917302731593765 ], [ -75.381689484729577, -13.9627637316361 ], [ -75.359218734708662, -13.971503856644244 ], [ -75.355683609705352, -13.995765606666827 ], [ -75.331883984683202, -14.016725856686346 ], [ -75.270424734625948, -14.010594481680636 ], [ -75.251677359608493, -13.997846481668777 ], [ -75.232435234590582, -14.005830481676211 ], [ -75.258529109614869, -14.04316623171098 ], [ -75.186591734547875, -14.054113231721173 ], [ -75.165679984528396, -14.07252998173831 ], [ -75.108841734475476, -14.032884731701422 ], [ -75.088502109456527, -14.081569856746745 ], [ -75.069599984438923, -14.079846481745127 ], [ -75.057433359427591, -14.123953731786235 ], [ -75.076380109445239, -14.165905356825267 ], [ -75.088922109456917, -14.228983606884031 ], [ -75.073668109442707, -14.23561235689021 ], [ -75.066042984435597, -14.25161085690509 ], [ -75.039512109410907, -14.254167481907491 ], [ -75.032197859404079, -14.265679106918203 ], [ -75.049703609420391, -14.286538731937622 ], [ -75.082211234450654, -14.297281981947615 ], [ -75.09392685946159, -14.312424481961735 ], [ -75.107911609474598, -14.347015856993938 ], [ -75.105086859471982, -14.358777857004899 ], [ -75.139826109504327, -14.415908232058094 ] ] ] } },
{ "type": "Feature", "properties": { "NOMBDEP": "JUNIN", "COUNT": 123, "FIRST_IDDP": "12", "HECTARES": 4399729.222 }, "geometry": { "type": "Polygon", "coordinates": [ [ [ -75.993288985299174, -10.820842603710103 ], [ -75.937146485246913, -10.871507853757286 ], [ -75.935923860245737, -10.889722603774256 ], [ -75.913160235224552, -10.872001103757762 ], [ -75.876069985190028, -10.867495228753533 ], [ -75.864781860179477, -10.87658597876203 ], [ -75.858259360173406, -10.867856978753885 ], [ -75.836967985153592, -10.886036728770828 ], [ -75.815578860133655, -10.872493228758206 ], [ -75.815447485133546, -10.846981603734429 ], [ -75.789139985109045, -10.825269978714227 ], [ -75.758569985080584, -10.830089978718714 ], [ -75.73280686005657, -10.809264478699305 ], [ -75.693252610019755, -10.817219353706722 ], [ -75.692962860019463, -10.835138728723432 ], [ -75.678549985006043, -10.840179978728123 ], [ -75.649769984979258, -10.823379978712468 ], [ -75.606621734939068, -10.823115978712229 ], [ -75.584095859918079, -10.801567103692161 ], [ -75.567769984902867, -10.727119978622826 ], [ -75.556919984892772, -10.744069978638615 ], [ -75.542479984879321, -10.740969978635729 ], [ -75.514469984853235, -10.756369978650055 ], [ -75.494539984834688, -10.755229853648995 ], [ -75.480089984821205, -10.78015985367222 ], [ -75.469049984810937, -10.773879978666383 ], [ -75.460190234802695, -10.778411478670595 ], [ -75.470471609812265, -10.798034228688872 ], [ -75.467212984809237, -10.80686722869709 ], [ -75.479381609820564, -10.816635103706185 ], [ -75.475041984816528, -10.842416853730182 ], [ -75.480761484821841, -10.849782603737054 ], [ -75.466673859808736, -10.898537478782455 ], [ -75.457639734800324, -10.901249353784969 ], [ -75.436852234780957, -10.879502228764728 ], [ -75.418039484763426, -10.890426228774906 ], [ -75.409966109755914, -10.85851560374519 ], [ -75.397350484744152, -10.853307103740324 ], [ -75.386926609734445, -10.864936853751173 ], [ -75.365755984714724, -10.84969360373697 ], [ -75.348739484698882, -10.86542272875162 ], [ -75.314303734666822, -10.86360047874993 ], [ -75.263279984619288, -10.826969978715793 ], [ -75.24346998460085, -10.790560103681887 ], [ -75.244049984601389, -10.766949978659911 ], [ -75.204335984564409, -10.764734353657852 ], [ -75.212952109572427, -10.746269978640644 ], [ -75.191796859552738, -10.731039103626483 ], [ -75.193234109554055, -10.716341728612784 ], [ -75.119033984484958, -10.729999603625494 ], [ -75.102452859469508, -10.714328353610922 ], [ -75.088447234456481, -10.683537103582223 ], [ -75.071622734440808, -10.677849603576947 ], [ -75.074316484443301, -10.665810478565705 ], [ -75.064608734434273, -10.653399478554167 ], [ -75.035996609407619, -10.682264728581041 ], [ -75.017508359390405, -10.676969103576125 ], [ -75.006921484380541, -10.68784360358625 ], [ -75.003451859377321, -10.717953478614291 ], [ -74.982817609358108, -10.749787103643911 ], [ -74.956481609333565, -10.732791353628103 ], [ -74.938289859316626, -10.74956960364373 ], [ -74.918009734297726, -10.755097478648878 ], [ -74.913284734293342, -10.748352978642604 ], [ -74.885238734267233, -10.77056522866329 ], [ -74.865956984249266, -10.7594062286529 ], [ -74.886183609268102, -10.709543978606446 ], [ -74.877717609260202, -10.702251478599676 ], [ -74.851135484235471, -10.732937728628244 ], [ -74.831310984216998, -10.78050410367255 ], [ -74.794826859183019, -10.829839978718477 ], [ -74.760363109150916, -10.825109853714093 ], [ -74.734242234126583, -10.834505603722821 ], [ -74.707946609102095, -10.85813235374482 ], [ -74.690845609086182, -10.886795353771539 ], [ -74.681346859077337, -10.889157103773726 ], [ -74.675240234071651, -10.877166728762553 ], [ -74.640182984039001, -10.869121228755072 ], [ -74.614102484014694, -10.904625478788125 ], [ -74.562363483966521, -10.91368247879657 ], [ -74.508383733916247, -10.95029972883065 ], [ -74.496471608905154, -11.00023872887717 ], [ -74.450309733862156, -11.001866978878688 ], [ -74.373654733790772, -11.056522353929578 ], [ -74.341634233760942, -11.054772853927961 ], [ -74.316450233737498, -11.03671297891114 ], [ -74.281506858704944, -11.033125978907799 ], [ -74.256435983681598, -11.018222728893923 ], [ -74.202767358631633, -11.021013478896517 ], [ -74.19086998362053, -10.985997103863918 ], [ -74.155652733587743, -10.998760978875788 ], [ -74.137384483570713, -10.988693978866426 ], [ -74.102906233538619, -10.9864044788643 ], [ -74.061358358499916, -10.995744978872967 ], [ -74.007201858449491, -10.991308478868852 ], [ -73.978837983423077, -11.069038478941257 ], [ -73.983717733427639, -11.092441228963045 ], [ -73.975926733420366, -11.125498478993814 ], [ -73.954551483400465, -11.150398854017023 ], [ -73.916487233365004, -11.143101979010215 ], [ -73.890613983340913, -11.16965297903495 ], [ -73.870196608321905, -11.169981229035269 ], [ -73.852695483305595, -11.164261479029927 ], [ -73.86564698331766, -11.098680478968841 ], [ -73.86220173331445, -10.978774978857187 ], [ -73.855748108308447, -10.956965603836872 ], [ -73.823660233278588, -10.921578603803905 ], [ -73.826748608281463, -10.911353603794392 ], [ -73.813004983268655, -10.889241103773804 ], [ -73.820774358275884, -10.879013728764276 ], [ -73.81601235827145, -10.857368228744123 ], [ -73.82215773327718, -10.8360721037243 ], [ -73.814216858269788, -10.799896478690595 ], [ -73.786939483244367, -10.794138728685233 ], [ -73.778368108236407, -10.774528603666971 ], [ -73.781986358239777, -10.750624978644717 ], [ -73.742116108202637, -10.734008228629223 ], [ -73.731742483192974, -10.753818478647672 ], [ -73.668029483133665, -10.791113228682415 ], [ -73.666568358132309, -10.802639603693136 ], [ -73.61039623308001, -10.84657385373408 ], [ -73.56089835803391, -10.859255978745871 ], [ -73.56425898303705, -10.934033478815499 ], [ -73.572577108044797, -10.954499978834578 ], [ -73.55877910803197, -10.974962728853619 ], [ -73.553011608026566, -11.014051603890039 ], [ -73.540992858015414, -11.022098103897509 ], [ -73.542578733016867, -11.047424478921121 ], [ -73.482603482961039, -11.065242228937693 ], [ -73.471325232950548, -11.08700047895797 ], [ -73.466780607946333, -11.11907247898783 ], [ -73.475186482954129, -11.128355853996469 ], [ -73.449811607930513, -11.236767979097452 ], [ -73.463230607943004, -11.284408979141814 ], [ -73.459194232939268, -11.300924104157202 ], [ -73.483229982961618, -11.317000979172166 ], [ -73.485519982963751, -11.345119604198349 ], [ -73.480694232959266, -11.354096104206704 ], [ -73.467868857947323, -11.343651229196986 ], [ -73.449758607930477, -11.368082979219745 ], [ -73.419753357902536, -11.382970229233603 ], [ -73.443302732924451, -11.409678854258461 ], [ -73.45676285793698, -11.442115604288686 ], [ -73.469045607948416, -11.445224604291585 ], [ -73.479831357958474, -11.469905354314569 ], [ -73.453813357934251, -11.505327104347552 ], [ -73.449727607930441, -11.531943104372347 ], [ -73.487126232965238, -11.534915979375114 ], [ -73.502332482979384, -11.563161979401409 ], [ -73.559650983032739, -11.592050979428315 ], [ -73.582031983053611, -11.615575979450234 ], [ -73.612510983081975, -11.677914979508266 ], [ -73.571936608044211, -11.742627354568546 ], [ -73.570522983042878, -11.762889854587421 ], [ -73.57991423305161, -11.769388104593466 ], [ -73.581327358052917, -11.789062729611786 ], [ -73.57750510804938, -11.836484729655943 ], [ -73.555257608028654, -11.852361729670735 ], [ -73.506549107983304, -11.865265479682749 ], [ -73.490531607968407, -11.878170479694758 ], [ -73.462659107942457, -11.929808479742871 ], [ -73.442723732923909, -11.939314604751724 ], [ -73.445185232926192, -11.96103885477196 ], [ -73.43010135791215, -11.982101354791569 ], [ -73.436069482917731, -11.995849979804367 ], [ -73.421445857904104, -12.015441854822601 ], [ -73.405314482889096, -12.005494104813339 ], [ -73.39788485788219, -12.020943479827743 ], [ -73.408450482892007, -12.064205104868043 ], [ -73.391230357875997, -12.075711104878751 ], [ -73.401015482885086, -12.090833604892831 ], [ -73.356121357843307, -12.11107635491167 ], [ -73.361887357848687, -12.135964729934853 ], [ -73.439521107920925, -12.152007729949791 ], [ -73.469648482948983, -12.219966480013099 ], [ -73.469865232949161, -12.236894480028841 ], [ -73.497834107975208, -12.252374730043273 ], [ -73.521703982997437, -12.249980980041027 ], [ -73.548121108022031, -12.260929730051238 ], [ -73.5589474830321, -12.274888355064242 ], [ -73.574326358046406, -12.276842355066037 ], [ -73.584953858056281, -12.313106480099842 ], [ -73.586169608057418, -12.366579980149622 ], [ -73.6037602330738, -12.386985855168628 ], [ -73.616010358085219, -12.376174355158552 ], [ -73.636500983104284, -12.378785480160989 ], [ -73.657694483124018, -12.359539480143066 ], [ -73.659915608126099, -12.328747730114408 ], [ -73.689066608153254, -12.299405980087068 ], [ -73.703109358166301, -12.270494105060132 ], [ -73.737500858198331, -12.266622230056527 ], [ -73.801893983258296, -12.220297105013376 ], [ -73.831235233285625, -12.227760230020325 ], [ -73.843249983296815, -12.239429980031201 ], [ -73.883326608334144, -12.235786855027822 ], [ -73.901423858350981, -12.249000730040123 ], [ -73.923836858371871, -12.224749230017521 ], [ -73.937407358384505, -12.222711730015657 ], [ -73.949049983395341, -12.234730105026824 ], [ -73.980451608424573, -12.242588355034149 ], [ -73.987496608431144, -12.27166473006122 ], [ -73.999850483442629, -12.283576855072319 ], [ -74.021875483463162, -12.277363855066552 ], [ -74.039786733479843, -12.261408730051679 ], [ -74.059281608497997, -12.276550855065791 ], [ -74.097353608533439, -12.283709355072441 ], [ -74.104120608539745, -12.313243230099946 ], [ -74.121439483555889, -12.333601480118917 ], [ -74.129783483563642, -12.331221605116705 ], [ -74.131159983564942, -12.31460510510122 ], [ -74.146156233578893, -12.324382730110331 ], [ -74.166227733597594, -12.31239735509917 ], [ -74.183747358613914, -12.3166409801031 ], [ -74.188262983618102, -12.303055605090472 ], [ -74.218701608646455, -12.301735605089233 ], [ -74.218042608645845, -12.278080230067204 ], [ -74.232632108659431, -12.267505980057368 ], [ -74.245509858671426, -12.269479230059169 ], [ -74.247756233673528, -12.25804335504853 ], [ -74.257538858682636, -12.25644235504706 ], [ -74.269830358694065, -12.239347855031134 ], [ -74.284072108707335, -12.240642605032324 ], [ -74.290850483713655, -12.223404980016294 ], [ -74.31158535873297, -12.223786605016649 ], [ -74.316831233737844, -12.231318605023672 ], [ -74.330357983750446, -12.221926105014923 ], [ -74.336520983756174, -12.214933480008412 ], [ -74.329733733749862, -12.211238855004963 ], [ -74.334185483753998, -12.19446422998935 ], [ -74.344238608763362, -12.195327354990129 ], [ -74.351700733770315, -12.177999979974018 ], [ -74.343298858762495, -12.169089479965699 ], [ -74.361305233779262, -12.155222854952777 ], [ -74.351715858770362, -12.136980229935817 ], [ -74.363483983781293, -12.137842604936598 ], [ -74.398815608814203, -12.103611479904728 ], [ -74.410309983824902, -12.106485229907383 ], [ -74.419520233833481, -12.09377585489556 ], [ -74.414220983828557, -12.076462979879448 ], [ -74.421370983835203, -12.067526104871101 ], [ -74.433121608846164, -12.069891104873323 ], [ -74.442478108854857, -12.045037104850186 ], [ -74.453068358864726, -12.048620979853503 ], [ -74.454375733865959, -12.033945979839858 ], [ -74.480682233890434, -12.02658710483299 ], [ -74.487615733896916, -12.033712979839628 ], [ -74.501124233909479, -12.020806104827596 ], [ -74.528185733934691, -12.015236354822418 ], [ -74.543562983949016, -11.999012854807306 ], [ -74.566958858970793, -11.997463604805871 ], [ -74.571706858975233, -11.984808979794099 ], [ -74.594112858996084, -11.986974979796093 ], [ -74.592750108994807, -11.995495729804029 ], [ -74.602547484003935, -11.999512104807787 ], [ -74.624164609024064, -11.985181979794433 ], [ -74.657572859055193, -11.992684104801437 ], [ -74.661411359058775, -12.005643604813494 ], [ -74.679199984075325, -12.018259979825228 ], [ -74.683359984079203, -12.03813997984377 ], [ -74.716900109110441, -12.059419979863561 ], [ -74.744509984136158, -12.040899979846316 ], [ -74.794279984182509, -12.058289979862515 ], [ -74.818749984205311, -12.053529979858078 ], [ -74.837373609222652, -12.07081847987418 ], [ -74.870774109253745, -12.065991979869672 ], [ -74.939015734317309, -12.018355604825315 ], [ -74.99775435937201, -12.021080104827877 ], [ -75.021942234394544, -12.013071604820423 ], [ -75.026814734399068, -12.002196354810259 ], [ -75.047542359418387, -11.998558979806909 ], [ -75.047052609417932, -12.011563604818983 ], [ -75.086400859454557, -12.053255854857825 ], [ -75.073830359442866, -12.061311104865334 ], [ -75.065164109434789, -12.091917104893826 ], [ -75.07094685944017, -12.11293297991339 ], [ -75.062919734432711, -12.134715979933683 ], [ -75.076945359445773, -12.147145729945267 ], [ -75.072620609441742, -12.157799979955177 ], [ -75.048921109419666, -12.16754772996428 ], [ -75.049356609420073, -12.201342979995733 ], [ -75.059052859429102, -12.205472979999579 ], [ -75.07162785944081, -12.235202605027283 ], [ -75.085509609453737, -12.23672773002869 ], [ -75.100447109467638, -12.251100605042078 ], [ -75.105221484472082, -12.271142230060752 ], [ -75.098928484466228, -12.285317855073952 ], [ -75.140139984504629, -12.341409980126171 ], [ -75.131009984496103, -12.378499855160733 ], [ -75.154140984517653, -12.395699230176747 ], [ -75.182369984543953, -12.360279980143753 ], [ -75.220084609579061, -12.390454605171868 ], [ -75.21393348457336, -12.413890730193682 ], [ -75.223488109582235, -12.439077355217144 ], [ -75.215515359574823, -12.463421105239799 ], [ -75.229648984587982, -12.475571855251125 ], [ -75.251877234608685, -12.462880355239314 ], [ -75.277441484632476, -12.466796605242958 ], [ -75.297664484651349, -12.485247605260129 ], [ -75.309487484662327, -12.479127480254444 ], [ -75.32473998467654, -12.485502105260361 ], [ -75.319339109671517, -12.514502855287374 ], [ -75.367037984715921, -12.542948730313867 ], [ -75.391907984739106, -12.576212730344839 ], [ -75.409447234755419, -12.584730480352773 ], [ -75.415382734760954, -12.628417105393464 ], [ -75.44264523478634, -12.617741480383517 ], [ -75.460793984803246, -12.631385980396217 ], [ -75.452561359795567, -12.657194230420272 ], [ -75.467200734809211, -12.683330605444599 ], [ -75.483300859824197, -12.677087230438799 ], [ -75.490854234831232, -12.647937355411623 ], [ -75.525389609863396, -12.618367230384091 ], [ -75.551536984887747, -12.623474980388856 ], [ -75.579613234913893, -12.641484355405634 ], [ -75.579378734913689, -12.595081230362437 ], [ -75.566211609901416, -12.572462355341356 ], [ -75.571840609906673, -12.564067855333541 ], [ -75.535973984873266, -12.518548105291147 ], [ -75.557407609893232, -12.456590480233439 ], [ -75.56159035989711, -12.390104855171529 ], [ -75.548701109885116, -12.364243980147453 ], [ -75.568216484903303, -12.331638730117074 ], [ -75.588596484922277, -12.3250032301109 ], [ -75.586699859920515, -12.299252980086914 ], [ -75.664465109992932, -12.193428854988365 ], [ -75.658487109987362, -12.175248229971444 ], [ -75.648466234978031, -12.174208354970474 ], [ -75.641421609971474, -12.149221979947196 ], [ -75.627523484958516, -12.141740229940217 ], [ -75.63870310996893, -12.12153185492142 ], [ -75.634563234965071, -12.114639104914982 ], [ -75.663581859992121, -12.090926729892933 ], [ -75.688221860015062, -12.082133479884718 ], [ -75.673889985001722, -12.057919979862179 ], [ -75.694304735020722, -12.042691354848014 ], [ -75.716734360041613, -12.046519479851563 ], [ -75.742039485065192, -12.036547104842263 ], [ -75.751123360073649, -12.054857104859323 ], [ -75.765662985087175, -12.059627354863768 ], [ -75.818936860136802, -12.013737229821029 ], [ -75.832367235149292, -12.025052729831556 ], [ -75.842549360158785, -12.006452854814242 ], [ -75.886299110199531, -11.99316885480189 ], [ -75.904147110216144, -11.998396604806734 ], [ -75.923336610234031, -11.984252104793555 ], [ -75.948584110257542, -11.994402229803015 ], [ -75.954260110262823, -11.986176104795359 ], [ -75.975305485282433, -11.98394060479327 ], [ -75.993179735299066, -11.994679729803277 ], [ -76.037375360340221, -11.964204979774903 ], [ -76.05537936035698, -11.937378229749921 ], [ -76.05822073535964, -11.912808604727038 ], [ -76.049768360351777, -11.901086604716101 ], [ -76.058179485359588, -11.879958229696449 ], [ -76.094435485393362, -11.848468354667121 ], [ -76.137327610433303, -11.780511354603817 ], [ -76.154380860449194, -11.781388604604643 ], [ -76.18506311047777, -11.739909354566015 ], [ -76.198949485490687, -11.736476854562826 ], [ -76.207502860498636, -11.699786104528643 ], [ -76.196685860488572, -11.692565104521913 ], [ -76.193297485485402, -11.673486979504155 ], [ -76.204882735496213, -11.659531104491153 ], [ -76.188374235480836, -11.643062229475818 ], [ -76.197264110489101, -11.622312854456515 ], [ -76.179550735472631, -11.612873104447717 ], [ -76.187707110480204, -11.592789854429014 ], [ -76.228743860518421, -11.553810604392709 ], [ -76.237413610526517, -11.569009104406863 ], [ -76.264729485551953, -11.567194479405179 ], [ -76.273085985559732, -11.582005854418957 ], [ -76.29765036058258, -11.596173854432154 ], [ -76.304369610588836, -11.567527979405467 ], [ -76.31751448560108, -11.562699604401002 ], [ -76.327859860610729, -11.544322729383854 ], [ -76.350002485631336, -11.542297979381976 ], [ -76.350645860631957, -11.520413604361604 ], [ -76.359399485640083, -11.522867479363882 ], [ -76.376839110656334, -11.501488604343967 ], [ -76.380989735660179, -11.486045354329576 ], [ -76.371484985651321, -11.476480104320681 ], [ -76.377408235656844, -11.444220729290649 ], [ -76.394340610672629, -11.44500747929138 ], [ -76.411648485688715, -11.415884729264237 ], [ -76.401417985679217, -11.402851729252124 ], [ -76.42005748569656, -11.375092604226285 ], [ -76.422683610698996, -11.354855479207417 ], [ -76.43035161070614, -11.345864229199044 ], [ -76.45097261072533, -11.343904354197221 ], [ -76.478470110750933, -11.292045979148936 ], [ -76.457808610731718, -11.269644479128068 ], [ -76.477090985749655, -11.263912854122728 ], [ -76.490714860762338, -11.246595729106597 ], [ -76.48319923575535, -11.236943354097614 ], [ -76.494208610765583, -11.20973960407229 ], [ -76.492077235763588, -11.189313979053244 ], [ -76.505563235776151, -11.173665479038686 ], [ -76.505174610775782, -11.143788104010854 ], [ -76.518997985788658, -11.116753853985692 ], [ -76.495659110766923, -11.109552978978968 ], [ -76.490955610762541, -11.08909685395991 ], [ -76.461197235734844, -11.084128853955285 ], [ -76.446806610721467, -11.071247353943299 ], [ -76.433662110709207, -11.080093728951541 ], [ -76.389496110668105, -11.070988228943055 ], [ -76.350958985632218, -11.09419335396467 ], [ -76.331902360614464, -11.083597603954814 ], [ -76.318070235601596, -11.091642603962297 ], [ -76.307900360592143, -11.132664104000487 ], [ -76.257769985545451, -11.151749979018275 ], [ -76.24458998553321, -11.142939979010054 ], [ -76.227449985517211, -11.155759979022008 ], [ -76.214629985505297, -11.150309979016939 ], [ -76.250149985538371, -11.105199978974914 ], [ -76.239570360528532, -11.049199103922767 ], [ -76.259667860547225, -11.027401853902461 ], [ -76.253443110541426, -11.022878478898262 ], [ -76.259951485547504, -11.015006478890939 ], [ -76.255671110543503, -11.002395103879188 ], [ -76.263745610551013, -10.998587353875653 ], [ -76.272947735559598, -10.971019228849967 ], [ -76.265482485552624, -10.959578353839307 ], [ -76.276720110563105, -10.950351228830732 ], [ -76.276275360562678, -10.9188593538014 ], [ -76.252654235540689, -10.927704603809607 ], [ -76.191445360483712, -11.029152353904095 ], [ -76.156699235451342, -11.055818353928935 ], [ -76.147505860442791, -11.078722603950263 ], [ -76.12188673541894, -11.085644478956699 ], [ -76.123246110420197, -11.098435603968614 ], [ -76.113632860411244, -11.110244103979618 ], [ -76.096367235395164, -11.120787103989429 ], [ -76.096396485395175, -11.108380853977863 ], [ -76.066955110367772, -11.11447260398355 ], [ -76.064421860365414, -11.095439478965819 ], [ -76.029656235333036, -11.087197228958155 ], [ -76.028908235332338, -11.065458978937915 ], [ -76.009406360314173, -11.048208978921846 ], [ -76.013863235318311, -11.028208978903214 ], [ -76.044578110346947, -11.024732478899965 ], [ -76.048964860351006, -10.998484353875533 ], [ -76.073081985373463, -10.974337853853058 ], [ -76.109169860407079, -10.971458978850361 ], [ -76.110587860408387, -10.962058603841628 ], [ -76.122525360419516, -10.967595728846767 ], [ -76.122899985419863, -10.962109978841644 ], [ -76.082139985381914, -10.895139978779303 ], [ -76.045509985347806, -10.880739978765899 ], [ -76.007381735312279, -10.829383478718052 ], [ -75.993288985299174, -10.820842603710103 ] ] ] } },
{ "type": "Feature", "properties": { "NOMBDEP": "LA LIBERTAD", "COUNT": 83, "FIRST_IDDP": "13", "HECTARES": 2529596.876 }, "geometry": { "type": "Polygon", "coordinates": [ [ [ -77.895625612054516, -8.061949101140266 ], [ -77.933212862088169, -8.197009726266012 ], [ -78.018634737163794, -8.224316476291319 ], [ -78.03679886217985, -8.255951226320734 ], [ -78.081980487219496, -8.281085851344052 ], [ -78.102229987237251, -8.305379976366646 ], [ -78.119431612252257, -8.313652351374296 ], [ -78.108394487242691, -8.338109351397108 ], [ -78.137497987268077, -8.368667976425519 ], [ -78.139273487269762, -8.427152226479983 ], [ -78.15738673728562, -8.478853476528066 ], [ -78.173656237299767, -8.503537101551 ], [ -78.187872987312048, -8.508099726555244 ], [ -78.202597612324794, -8.526066351571917 ], [ -78.216878737337169, -8.556917976600612 ], [ -78.201654237324135, -8.574178101616711 ], [ -78.193525362317189, -8.600111351640901 ], [ -78.205009737327174, -8.63058785166926 ], [ -78.246134862362567, -8.658363226695005 ], [ -78.296261737405288, -8.658718726695176 ], [ -78.310947237417778, -8.667206976703021 ], [ -78.334249987437431, -8.666451226702247 ], [ -78.337683612440372, -8.675861351710996 ], [ -78.354810487454742, -8.673279351708526 ], [ -78.438414362524611, -8.732746601763562 ], [ -78.487242487564757, -8.751163226780486 ], [ -78.518138737589879, -8.752980601782031 ], [ -78.551573487616963, -8.775022726802387 ], [ -78.565343112628099, -8.79259897681866 ], [ -78.588281112646811, -8.858677476880056 ], [ -78.576484737637614, -8.889046601908378 ], [ -78.589943612648682, -8.942622351958203 ], [ -78.619511362672299, -8.966529976980279 ], [ -78.644923862692309, -8.96922847698262 ], [ -78.643693362691081, -8.935081976950844 ], [ -78.651662112697167, -8.914355476931476 ], [ -78.76115823777981, -8.773956976799935 ], [ -78.761015612779573, -8.756999976784147 ], [ -78.742771487765708, -8.74032422676877 ], [ -78.737359362761367, -8.711523351742022 ], [ -78.746724612768205, -8.684273476716553 ], [ -78.73799798776146, -8.666939476700506 ], [ -78.74155073776393, -8.642312476677532 ], [ -78.761085987778173, -8.594847476633189 ], [ -78.813263612816058, -8.533322226575475 ], [ -78.914253862887051, -8.46078510150695 ], [ -78.934480487900686, -8.437044976484604 ], [ -78.934519487900587, -8.427960976476168 ], [ -78.914021487886558, -8.429531101477844 ], [ -78.905226612880341, -8.420718726469744 ], [ -78.895408237873056, -8.382888726434635 ], [ -78.958312487915052, -8.292451226349771 ], [ -78.957841737914364, -8.262101601321531 ], [ -78.983464862930987, -8.229027351290442 ], [ -78.986087862932493, -8.212361351274875 ], [ -79.11556636301215, -8.096662101165474 ], [ -79.123101613016416, -8.083757851153345 ], [ -79.119347613014, -8.071855351142332 ], [ -79.130078113020161, -8.059849601131004 ], [ -79.307855488113063, -7.925431601002829 ], [ -79.311099613114322, -7.912394475990629 ], [ -79.374484363141747, -7.844435600926057 ], [ -79.389568363146921, -7.791214850876218 ], [ -79.465455113174755, -7.716572225804966 ], [ -79.437701113163897, -7.698314475788694 ], [ -79.437718738163198, -7.671349600763599 ], [ -79.576611363201678, -7.461509725564769 ], [ -79.588636738203178, -7.4149023505211 ], [ -79.56953898819755, -7.389988225498503 ], [ -79.588540863201075, -7.350931600461663 ], [ -79.587621113199788, -7.318382850431438 ], [ -79.599185488201442, -7.286630850401582 ], [ -79.621343738205027, -7.250273475367101 ], [ -79.690621113214107, -7.177126975296864 ], [ -79.528767613174978, -7.005285100142029 ], [ -79.508016363168053, -6.970435975110177 ], [ -79.468787488155726, -6.966504850107461 ], [ -79.455005363150619, -6.946313600089002 ], [ -79.400761738131337, -6.956927725100069 ], [ -79.359606488116071, -7.004966475145602 ], [ -79.32258598810067, -7.025683600165562 ], [ -79.330488363105175, -7.075973350212225 ], [ -79.312916238097685, -7.090386225225955 ], [ -79.313704488098665, -7.120663100254097 ], [ -79.296191363090855, -7.129617225262735 ], [ -79.305301238095382, -7.147146225278892 ], [ -79.280956363084258, -7.157078975288584 ], [ -79.274548988081719, -7.182782975312581 ], [ -79.251803738070976, -7.198348600327449 ], [ -79.275552988082836, -7.215539350343048 ], [ -79.269025363079948, -7.2280547253548 ], [ -79.279321988085272, -7.247702475372884 ], [ -79.26915498808097, -7.278338850401573 ], [ -79.282626988087387, -7.275060600398302 ], [ -79.306853488098909, -7.283714850405889 ], [ -79.327525488108819, -7.308937475428966 ], [ -79.36927536312723, -7.324124975442231 ], [ -79.366484113126205, -7.331439350449087 ], [ -79.315797613104579, -7.359554100476268 ], [ -79.28290211308898, -7.348743475466835 ], [ -79.260874613078855, -7.378995100495359 ], [ -79.231472363064313, -7.390929725506977 ], [ -79.194442738044657, -7.373373725491244 ], [ -79.186498488040456, -7.377347225495057 ], [ -79.187790113041487, -7.396876475513213 ], [ -79.161769613027644, -7.418381225533617 ], [ -79.154492238023963, -7.43913485055304 ], [ -79.12276173800602, -7.441644475555846 ], [ -79.065428112972654, -7.472708600585517 ], [ -79.071551862976818, -7.50534572561581 ], [ -79.057005612968311, -7.527702100636811 ], [ -79.059847237970303, -7.546675475654437 ], [ -79.038604237957472, -7.562062475669014 ], [ -79.041232487959604, -7.599887475704174 ], [ -78.993398612930193, -7.660539850761194 ], [ -78.962391737910053, -7.658794850759935 ], [ -78.953540987904134, -7.649800725751651 ], [ -78.942187487896376, -7.627201225730715 ], [ -78.944343737897469, -7.598417975703907 ], [ -78.912773987875838, -7.55108660066017 ], [ -78.895908362864262, -7.537437350647655 ], [ -78.861496987840582, -7.531857850642758 ], [ -78.851087987833239, -7.522117225633781 ], [ -78.861058362839941, -7.497857225611103 ], [ -78.886685112857435, -7.484101600598074 ], [ -78.847756487830253, -7.452768850569259 ], [ -78.841619362825824, -7.437617350555219 ], [ -78.803689612798891, -7.419377850538558 ], [ -78.79435473779202, -7.397224975517982 ], [ -78.785180362785468, -7.399606475520288 ], [ -78.781287487782862, -7.423668725542704 ], [ -78.760124987767384, -7.401984350522692 ], [ -78.733724612748205, -7.420677725540266 ], [ -78.713326237733042, -7.409636725530145 ], [ -78.688638612714655, -7.414081975534423 ], [ -78.663993737696003, -7.40362135052485 ], [ -78.654935237689287, -7.426032850545763 ], [ -78.639108987677261, -7.432537100551913 ], [ -78.627794737668722, -7.452641850570715 ], [ -78.627317237668521, -7.478857350595092 ], [ -78.65024236268637, -7.52779860064055 ], [ -78.624572237666868, -7.548558600660015 ], [ -78.49139261256208, -7.55487310066658 ], [ -78.415632862500374, -7.485070350601878 ], [ -78.403084487490091, -7.483492600600465 ], [ -78.368169862461372, -7.500316350616251 ], [ -78.327787112427799, -7.497468725613717 ], [ -78.32574998742615, -7.509904350625324 ], [ -78.349001987445519, -7.511246100626497 ], [ -78.360827237455396, -7.529961350643895 ], [ -78.356792237452211, -7.574006100684892 ], [ -78.366150612460046, -7.590236225699996 ], [ -78.378165987470013, -7.59403510070348 ], [ -78.376892237469079, -7.624650725731976 ], [ -78.382819237473967, -7.630107100737037 ], [ -78.371863237464964, -7.644601600750589 ], [ -78.360236237455325, -7.644890100750898 ], [ -78.359462737454777, -7.668005350772436 ], [ -78.34796498744528, -7.685716475788948 ], [ -78.330138862430459, -7.699628225801987 ], [ -78.312351362415583, -7.702871475805049 ], [ -78.302802737407518, -7.696462725799108 ], [ -78.276206987385194, -7.719557975820694 ], [ -78.281156112389468, -7.747277600846488 ], [ -78.221820362339116, -7.763460975861722 ], [ -78.212786112331401, -7.75686372585558 ], [ -78.211262987330045, -7.742506600842224 ], [ -78.219350737336924, -7.724458100825388 ], [ -78.198087362318731, -7.729085850829765 ], [ -78.190287737312033, -7.717504475818992 ], [ -78.171345112295754, -7.713393850815216 ], [ -78.158862737284934, -7.693350725796567 ], [ -78.1410038622695, -7.682720850786712 ], [ -78.14230386227058, -7.664832475770044 ], [ -78.128384237258516, -7.653224225759272 ], [ -78.116053362247825, -7.654007350760038 ], [ -78.081221112217648, -7.696168850799338 ], [ -78.049568362189973, -7.678562475783025 ], [ -77.998642237145233, -7.679073975783572 ], [ -77.973846237123354, -7.6670368507724 ], [ -77.962802237113593, -7.674313600779197 ], [ -77.960138987111208, -7.655261225761475 ], [ -77.936584237090372, -7.65747722576355 ], [ -77.931952487086249, -7.652493100758914 ], [ -77.940503237093836, -7.640627350747872 ], [ -77.913137862069519, -7.625865850734162 ], [ -77.922415987077713, -7.599736350709789 ], [ -77.867941362029228, -7.583025350694293 ], [ -77.856855487019246, -7.523531225638907 ], [ -77.791195361960405, -7.500001975617053 ], [ -77.764872986936723, -7.479449225597948 ], [ -77.745982736919714, -7.479159725597704 ], [ -77.741371611915554, -7.46669472558608 ], [ -77.755421361928171, -7.441045975562179 ], [ -77.768012486939526, -7.440147350561332 ], [ -77.771630736942754, -7.418814100541459 ], [ -77.824995736990601, -7.378663850504031 ], [ -77.820797736986833, -7.368649350494703 ], [ -77.828925361994067, -7.344413350472132 ], [ -77.838371737002532, -7.341119350469039 ], [ -77.832827861997515, -7.304550975434982 ], [ -77.841488987005263, -7.288769600420294 ], [ -77.856810862018918, -7.282620975414568 ], [ -77.859427737021221, -7.254023475387904 ], [ -77.849239612012127, -7.235571475370729 ], [ -77.882009737041315, -7.220549600356721 ], [ -77.881068612040451, -7.19461597533256 ], [ -77.897780112055287, -7.182487100321251 ], [ -77.897868987055347, -7.166807225306663 ], [ -77.925612487079945, -7.154573100295219 ], [ -77.92974023708355, -7.10554672524956 ], [ -77.949287112100791, -7.078424725224271 ], [ -77.948365362099963, -7.066804725213446 ], [ -77.965921112115439, -7.050773975198513 ], [ -77.971122237119985, -7.025887350175315 ], [ -77.987195112134117, -7.012597850162924 ], [ -77.984891987132059, -7.001248725152376 ], [ -78.001180487146371, -6.986547850138653 ], [ -77.98855473713526, -6.976622725129418 ], [ -77.998744112144195, -6.967675725121067 ], [ -77.986059987133032, -6.962969975116707 ], [ -77.961855487111734, -6.976642600129482 ], [ -77.939822237092301, -6.976136725129031 ], [ -77.928650237082408, -6.986759350138936 ], [ -77.898665362055837, -6.980124225132798 ], [ -77.880341737039529, -6.962503850116408 ], [ -77.842194987005527, -6.976884850129846 ], [ -77.834345986998514, -6.957205725111516 ], [ -77.801931986969507, -6.966144475119869 ], [ -77.778152986948186, -6.941757100097184 ], [ -77.747188736920393, -6.986061850138459 ], [ -77.739160986913191, -7.036966725185869 ], [ -77.723830986899387, -7.059598975206959 ], [ -77.707005986884212, -7.068524850215295 ], [ -77.718047111894222, -7.087552850233017 ], [ -77.713378611890022, -7.10788710025194 ], [ -77.642429486825861, -7.149756475290984 ], [ -77.634266361818462, -7.169414850309293 ], [ -77.615504236801428, -7.177997225317284 ], [ -77.621048736806472, -7.191630725329996 ], [ -77.605530236792404, -7.219161850355624 ], [ -77.633812486818087, -7.233097600368604 ], [ -77.638139236821999, -7.243403475378202 ], [ -77.647350611830376, -7.241514350376415 ], [ -77.645125486828377, -7.253454725387556 ], [ -77.637200486821172, -7.253509975387623 ], [ -77.646920236830013, -7.270050225403021 ], [ -77.628419236813244, -7.320808725450295 ], [ -77.639211611823072, -7.343701225471616 ], [ -77.621678361807184, -7.396994100521252 ], [ -77.630917736815576, -7.413874600536954 ], [ -77.613649986799885, -7.419949475542635 ], [ -77.598968236786561, -7.44851035056923 ], [ -77.591867236780118, -7.443507100564593 ], [ -77.559659986750773, -7.464187475583861 ], [ -77.539076861732028, -7.507385350624091 ], [ -77.521388736715863, -7.509552600626134 ], [ -77.529127736722927, -7.516192350632301 ], [ -77.54006723673298, -7.577413600689317 ], [ -77.496944736693564, -7.582741475694303 ], [ -77.485763611683367, -7.603992225714081 ], [ -77.495247111692038, -7.614134975723552 ], [ -77.528388736722334, -7.615950100725214 ], [ -77.522704236717132, -7.633407225741477 ], [ -77.538391361731456, -7.650227975757149 ], [ -77.511602486707005, -7.657404975763821 ], [ -77.509474611705073, -7.676536225781658 ], [ -77.497889611694475, -7.686354850790801 ], [ -77.467168361666367, -7.674677850779926 ], [ -77.459237486659106, -7.686904225791313 ], [ -77.483406236681247, -7.697655975801327 ], [ -77.483276236681135, -7.720247350822357 ], [ -77.497360486694035, -7.7389742258398 ], [ -77.526182111720388, -7.753889225853695 ], [ -77.525468736719731, -7.76834185086715 ], [ -77.506550111702452, -7.770380725869043 ], [ -77.478590236676879, -7.804240475900572 ], [ -77.442861111644149, -7.813641725909376 ], [ -77.431573111633796, -7.841736350935522 ], [ -77.43838473664006, -7.850150350943372 ], [ -77.410784486614759, -7.900524725990291 ], [ -77.376909236583643, -7.908821350998029 ], [ -77.375367361582235, -7.920064226008515 ], [ -77.390522361596183, -7.947312976033869 ], [ -77.387445486593336, -7.962887851048365 ], [ -77.407129611611438, -7.991985601075474 ], [ -77.37493636158186, -8.031527226112312 ], [ -77.385472611591553, -8.055386726134518 ], [ -77.372444236579597, -8.064925726143411 ], [ -77.349299111558295, -8.054384351133583 ], [ -77.296664236509827, -8.062565726141234 ], [ -77.281341611495691, -8.048783226128396 ], [ -77.260078111476119, -8.048439476128078 ], [ -77.251312736467995, -8.028003601109063 ], [ -77.231865236450048, -8.011748101093923 ], [ -77.166228486389414, -8.021636726103148 ], [ -77.150535111374921, -8.032042976112827 ], [ -77.110527361337901, -8.0252266011065 ], [ -77.02854886126201, -8.047058601126846 ], [ -76.994870361230781, -8.085210726162364 ], [ -76.984914861221569, -8.11385347618903 ], [ -76.947033611186413, -8.139919476213324 ], [ -76.932236611172698, -8.137142851210749 ], [ -76.911769361153702, -8.158901226230999 ], [ -76.907011361149287, -8.171364726242627 ], [ -76.925596736166526, -8.218497351286521 ], [ -76.913078986154915, -8.23698785130372 ], [ -76.901243236143941, -8.28346635134702 ], [ -76.910515111152549, -8.295073601357821 ], [ -76.913745236155549, -8.326089851386708 ], [ -76.93193023617242, -8.342595101402075 ], [ -76.927004736167831, -8.359257101417592 ], [ -76.942679236182386, -8.359945476418236 ], [ -76.951247361190354, -8.375705226432935 ], [ -76.968372611206235, -8.371241476428754 ], [ -76.976481486213771, -8.395943726451772 ], [ -76.991684736227853, -8.396296351452083 ], [ -77.000429236235973, -8.38240347643915 ], [ -77.03401173626709, -8.40470697645992 ], [ -77.067619111298228, -8.396587851452333 ], [ -77.086638611315834, -8.407138726462183 ], [ -77.09319598632193, -8.434469601487642 ], [ -77.104588986332487, -8.444763476497215 ], [ -77.119780111346515, -8.447651226499893 ], [ -77.133843736359538, -8.440021476492783 ], [ -77.181828111403931, -8.478951226529039 ], [ -77.202677736423198, -8.485414101535071 ], [ -77.263835861479649, -8.467417976518277 ], [ -77.293380861506918, -8.517115226564561 ], [ -77.334343611544668, -8.533184351579525 ], [ -77.368232236575864, -8.500306476548877 ], [ -77.399534361604623, -8.483406726533138 ], [ -77.405460611610067, -8.441483351494098 ], [ -77.438355486640276, -8.422328101476232 ], [ -77.437537861639512, -8.401149226456528 ], [ -77.446956111648134, -8.369374226426919 ], [ -77.459332361659463, -8.355560476414059 ], [ -77.458896361659072, -8.335655976395529 ], [ -77.478284736676827, -8.32606510138657 ], [ -77.47363836167257, -8.32050110138138 ], [ -77.487630111685391, -8.303545976365591 ], [ -77.491368486688799, -8.282553101346053 ], [ -77.527615236721957, -8.267081976331616 ], [ -77.531091736725116, -8.243337851309493 ], [ -77.574908236765097, -8.230941351297943 ], [ -77.572755861763127, -8.210876976279241 ], [ -77.556921861748677, -8.194249976263784 ], [ -77.57567186176577, -8.167996101239323 ], [ -77.605390611792856, -8.155208976227376 ], [ -77.60213786178987, -8.13593897620944 ], [ -77.616589861802993, -8.131244101205068 ], [ -77.636663361821249, -8.108586101183942 ], [ -77.618751986804952, -8.079831976157173 ], [ -77.643861361827788, -8.066623101144875 ], [ -77.647367236830931, -8.049708976129091 ], [ -77.75127173692502, -8.077438851154856 ], [ -77.785784861956117, -8.079198851156463 ], [ -77.810441361978292, -8.067734976145758 ], [ -77.84965336201347, -8.075338226152812 ], [ -77.86791086202976, -8.055890351134682 ], [ -77.895625612054516, -8.061949101140266 ] ] ] } },
{ "type": "Feature", "properties": { "NOMBDEP": "LAMBAYEQUE", "COUNT": 38, "FIRST_IDDP": "14", "HECTARES": 1434230.801 }, "geometry": { "type": "Polygon", "coordinates": [ [ [ -79.740583988214496, -7.056603475183176 ], [ -79.866119113208967, -6.948601600077892 ], [ -79.871478488207345, -6.924828100055594 ], [ -79.931845738196515, -6.87330647500507 ], [ -79.939931613192556, -6.826410099961177 ], [ -79.977971238180231, -6.755434349893481 ], [ -80.06399798814833, -6.683542974822322 ], [ -80.256482363031154, -6.560833974696517 ], [ -80.627132862577113, -6.372080099488576 ], [ -80.334712862915467, -5.953904349129576 ], [ -80.278751987964185, -5.919992224102151 ], [ -80.196177738026378, -5.892087849081565 ], [ -80.123847613071788, -5.891310599084976 ], [ -80.12010161307272, -5.872218724067487 ], [ -80.106072238080102, -5.867449224063821 ], [ -80.057792988101127, -5.818806599021175 ], [ -80.021779238113822, -5.769017598976746 ], [ -79.994830113123086, -5.751945348962137 ], [ -79.994949238121706, -5.724494098936685 ], [ -79.970130863126855, -5.655191348873488 ], [ -79.969037238123832, -5.58221097380586 ], [ -79.960117238126628, -5.580984348805078 ], [ -79.952343738126629, -5.527107473755439 ], [ -79.932460988131425, -5.505367223736048 ], [ -79.904845863137936, -5.493414098726007 ], [ -79.898351738138899, -5.48038672371418 ], [ -79.853996113149478, -5.530744098762488 ], [ -79.864419863148996, -5.563419973792445 ], [ -79.852339863152565, -5.603581973830129 ], [ -79.81900961315921, -5.664822223888119 ], [ -79.805009738159882, -5.646414098871482 ], [ -79.790259738161012, -5.645726598871356 ], [ -79.744449113163924, -5.677113223901913 ], [ -79.766416113164453, -5.708251973930146 ], [ -79.748193363164972, -5.710181598932487 ], [ -79.71662298816581, -5.74155659896259 ], [ -79.739316363168058, -5.799587849015796 ], [ -79.736876988169357, -5.838197224051732 ], [ -79.682710988167528, -5.846445349060975 ], [ -79.635367238161862, -5.809001974027471 ], [ -79.630972613160949, -5.796380849015865 ], [ -79.622583988159931, -5.797572224017217 ], [ -79.623208988160698, -5.821400349039336 ], [ -79.632249988162087, -5.829929724046996 ], [ -79.628749988162284, -5.851609349067242 ], [ -79.637410113163568, -5.859419974074259 ], [ -79.629939488162748, -5.863019474077807 ], [ -79.626220613162971, -5.888119099101242 ], [ -79.613240238161382, -5.895539099108471 ], [ -79.61110736316185, -5.923462849134447 ], [ -79.601320238160767, -5.93953909914964 ], [ -79.595830113159707, -5.933619099144273 ], [ -79.553800738151907, -5.938310599149678 ], [ -79.527630863145475, -5.912871099126607 ], [ -79.513960988142372, -5.920980474134475 ], [ -79.497640613138088, -5.915289099129516 ], [ -79.470050738130851, -5.928080099142003 ], [ -79.462509613129029, -5.94484959915774 ], [ -79.418609363115849, -5.970099599182076 ], [ -79.417211113116124, -6.00523822421479 ], [ -79.395917863108252, -5.977193099189104 ], [ -79.349017613090979, -5.979687849192258 ], [ -79.345398488090055, -6.005841849216651 ], [ -79.319060863080139, -6.042557599251221 ], [ -79.31108761307668, -6.034648724244013 ], [ -79.322141113080619, -5.999126099210779 ], [ -79.300404613071308, -5.985154349198138 ], [ -79.263300738055406, -6.003262724215574 ], [ -79.266012488056987, -6.025022724235774 ], [ -79.240874238045521, -6.028633724239501 ], [ -79.224938613038418, -6.054705849263974 ], [ -79.216443363034287, -6.051576224261161 ], [ -79.203960988027774, -6.024056599235745 ], [ -79.190003988020891, -6.02476559923659 ], [ -79.176226238014152, -6.037489599248603 ], [ -79.188935613020874, -6.058923974268387 ], [ -79.181916738017776, -6.089338724296759 ], [ -79.201334363027627, -6.100412349306798 ], [ -79.235093363043831, -6.093722724300095 ], [ -79.260202613056293, -6.142091099344754 ], [ -79.273383613062336, -6.147727724349793 ], [ -79.273952988062888, -6.164865849365714 ], [ -79.249102863052528, -6.224439349421513 ], [ -79.279048363066281, -6.229257724425541 ], [ -79.276995988065565, -6.241553599437001 ], [ -79.300487488076371, -6.267469724460719 ], [ -79.32903486308841, -6.266270224459131 ], [ -79.344821488095093, -6.28134522447287 ], [ -79.352772988098707, -6.303981724493785 ], [ -79.386180613111364, -6.298128349487743 ], [ -79.405620738118685, -6.31207197450033 ], [ -79.42265773812457, -6.310430099498458 ], [ -79.442890613132434, -6.359671849543817 ], [ -79.458451113137684, -6.372091849555051 ], [ -79.446671863134029, -6.376717724559597 ], [ -79.453155863136658, -6.399085599580252 ], [ -79.422888238127825, -6.45188197462999 ], [ -79.422695488128085, -6.467488849644496 ], [ -79.433889488132223, -6.481160224656981 ], [ -79.417135988127015, -6.505321349679778 ], [ -79.421943738129329, -6.533363474705765 ], [ -79.404426488123278, -6.541321224713507 ], [ -79.369613363109707, -6.520802849695121 ], [ -79.360664113107191, -6.568835974739949 ], [ -79.347926738102146, -6.573687724744706 ], [ -79.335736113097738, -6.602429474771658 ], [ -79.362496363109315, -6.634765224801238 ], [ -79.344751988102331, -6.646464849812451 ], [ -79.325888613094321, -6.640496099807269 ], [ -79.304023363085051, -6.651605349817977 ], [ -79.295589988081758, -6.676136224840926 ], [ -79.271872238071026, -6.680265599845192 ], [ -79.229060363050394, -6.67140597483762 ], [ -79.218449238045494, -6.692679349857564 ], [ -79.196447113034395, -6.695170474860229 ], [ -79.188427738030597, -6.716540974880203 ], [ -79.171046863021274, -6.701703099866639 ], [ -79.142726613006062, -6.699895349865382 ], [ -79.138747363004455, -6.73924172490204 ], [ -79.120847737995106, -6.776969974937355 ], [ -79.207087863041906, -6.821439474977546 ], [ -79.224793613051474, -6.858376100011628 ], [ -79.26274036306998, -6.859156225011731 ], [ -79.27307598807522, -6.876653850027829 ], [ -79.295641613085749, -6.883502350033816 ], [ -79.311008863093036, -6.901341725050141 ], [ -79.310141488093123, -6.925395975072527 ], [ -79.299229988088499, -6.940722350086979 ], [ -79.307292988092684, -6.968615600112791 ], [ -79.296652238088498, -7.000738225142866 ], [ -79.320907238099906, -7.025193975165154 ], [ -79.359606488116071, -7.004966475145602 ], [ -79.400761738131337, -6.956927725100069 ], [ -79.455005363150619, -6.946313600089002 ], [ -79.468787488155726, -6.966504850107461 ], [ -79.508016363168053, -6.970435975110177 ], [ -79.528767613174978, -7.005285100142029 ], [ -79.690621113214107, -7.177126975296864 ], [ -79.681912113211993, -7.152140600273975 ], [ -79.686195363211397, -7.120455100244385 ], [ -79.740583988214496, -7.056603475183176 ] ] ] } },
{ "type": "Feature", "properties": { "NOMBDEP": "LIMA", "COUNT": 171, "FIRST_IDDP": "15", "HECTARES": 3498999.431 }, "geometry": { "type": "MultiPolygon", "coordinates": [ [ [ [ -76.78109761103255, -12.409109355189223 ], [ -76.78173048603314, -12.409222605189326 ], [ -76.781822236033236, -12.409193355189281 ], [ -76.78109761103255, -12.409109355189223 ] ] ], [ [ [ -77.698751736879572, -10.322104103245326 ], [ -77.651253611836268, -10.344611228266334 ], [ -77.63165573681836, -10.32220522824548 ], [ -77.620279861807958, -10.32708897825003 ], [ -77.598808611788357, -10.363134728283624 ], [ -77.597593111787248, -10.38036410329968 ], [ -77.62323123681071, -10.405462978323026 ], [ -77.636430611822803, -10.412698228329754 ], [ -77.64529936183088, -10.408660353325962 ], [ -77.665776736849608, -10.427118853343154 ], [ -77.686736111868711, -10.434020728349569 ], [ -77.687393611869339, -10.451966978366281 ], [ -77.708396486888518, -10.484914103396944 ], [ -77.706328236886634, -10.49879497840986 ], [ -77.720635861899652, -10.50302822841379 ], [ -77.743139361920171, -10.52897172843794 ], [ -77.743063611920135, -10.553329228460637 ], [ -77.735086736912876, -10.568682228474936 ], [ -77.710302736890313, -10.560185603467044 ], [ -77.708820861888967, -10.54806372845573 ], [ -77.694000611875424, -10.539501728447778 ], [ -77.670171361853704, -10.540980228449186 ], [ -77.646656611832213, -10.523113853432568 ], [ -77.637201111823671, -10.601634978505716 ], [ -77.617206236805373, -10.599904478504097 ], [ -77.595992236785932, -10.585414103490631 ], [ -77.575112111766842, -10.586162478491326 ], [ -77.574115236765948, -10.614662103517871 ], [ -77.582664361773766, -10.621851603524556 ], [ -77.586372236777166, -10.646944853547934 ], [ -77.574119986765979, -10.662659978562569 ], [ -77.577174486768811, -10.728570228623955 ], [ -77.588180486778924, -10.757151353650563 ], [ -77.610308361799198, -10.765366728658185 ], [ -77.594383486784636, -10.787307603678643 ], [ -77.523947111719991, -10.734982103629953 ], [ -77.50679686170426, -10.734619228629638 ], [ -77.491475486690177, -10.746037978640279 ], [ -77.436139236639249, -10.723640103619434 ], [ -77.415429986620197, -10.729979978625343 ], [ -77.395251611601594, -10.717806603614042 ], [ -77.385570361592642, -10.707593728604518 ], [ -77.403793986609443, -10.690967728589008 ], [ -77.395309986601603, -10.661539978561624 ], [ -77.380112486587592, -10.639444228541041 ], [ -77.36730473657579, -10.638301353540001 ], [ -77.33834573654903, -10.596054728500652 ], [ -77.32050786153259, -10.587917978493099 ], [ -77.31062886152344, -10.567691353474268 ], [ -77.292279236506516, -10.556646478463975 ], [ -77.271851611487619, -10.561105478468134 ], [ -77.267263611483372, -10.550537103458311 ], [ -77.251871111469171, -10.545242228453352 ], [ -77.225773486445036, -10.546005853454096 ], [ -77.209298861429787, -10.55539447846283 ], [ -77.191117236412936, -10.552267603459921 ], [ -77.167308736390893, -10.508142603418817 ], [ -77.174624861397646, -10.464601728378273 ], [ -77.150017736374878, -10.451093728365704 ], [ -77.138244986363958, -10.426469353342783 ], [ -77.112134111339799, -10.404844728322653 ], [ -77.110884736338605, -10.39208985331075 ], [ -77.090200111319433, -10.372630228292651 ], [ -77.071611611302203, -10.338103978260488 ], [ -77.051715611283754, -10.339940478262218 ], [ -77.024711611258695, -10.327526728250646 ], [ -77.009100861244235, -10.307766853232259 ], [ -77.003625236239131, -10.282123103208361 ], [ -76.998154236234058, -10.291392603217011 ], [ -76.965451486203705, -10.305378603230018 ], [ -76.936009236176375, -10.278506103205016 ], [ -76.906246111148747, -10.274185603200973 ], [ -76.891023486134586, -10.294744103220127 ], [ -76.894507986137853, -10.304328103229075 ], [ -76.881367236125627, -10.30850785323295 ], [ -76.874669861119415, -10.320861353244444 ], [ -76.865851611111239, -10.37484372829473 ], [ -76.856394486102431, -10.377265603296983 ], [ -76.840497986087655, -10.363331978284013 ], [ -76.831671861079457, -10.393074228311725 ], [ -76.805675736055306, -10.392298853311001 ], [ -76.799853361049884, -10.439558478354998 ], [ -76.7873867360383, -10.438652353354145 ], [ -76.772349611024339, -10.464152353377896 ], [ -76.739615235993895, -10.467060603380627 ], [ -76.72981836098478, -10.474873103387896 ], [ -76.730240610985163, -10.508402603419118 ], [ -76.710187985966513, -10.54074060344923 ], [ -76.703287110960105, -10.590968478496027 ], [ -76.675373360934131, -10.601923853506214 ], [ -76.675573610934336, -10.621372478524336 ], [ -76.655655360915816, -10.646781853547996 ], [ -76.670953860930027, -10.677813978576895 ], [ -76.659432985919324, -10.687925478586328 ], [ -76.642240860903343, -10.74639835364075 ], [ -76.627848860889927, -10.765960478658993 ], [ -76.633486485895176, -10.784528478676267 ], [ -76.617723735880531, -10.814592103704285 ], [ -76.601576735865493, -10.81586835370547 ], [ -76.583877610849029, -10.853608728740619 ], [ -76.565021235831495, -10.963932228843351 ], [ -76.581603485846898, -10.984984353862957 ], [ -76.578945985844427, -11.01477697889071 ], [ -76.532990235801662, -11.034126978908734 ], [ -76.51467973578464, -11.068712853940951 ], [ -76.491212860762772, -11.089441353960227 ], [ -76.495659110766923, -11.109552978978968 ], [ -76.519226610788863, -11.118089853986922 ], [ -76.505174610775782, -11.143788104010854 ], [ -76.505563235776151, -11.173665479038686 ], [ -76.492077235763588, -11.189313979053244 ], [ -76.494208610765583, -11.20973960407229 ], [ -76.48319923575535, -11.236943354097614 ], [ -76.490714860762338, -11.246595729106597 ], [ -76.477090985749655, -11.263912854122728 ], [ -76.463546985737054, -11.265193229123916 ], [ -76.456932485730903, -11.272520604130749 ], [ -76.463421985736943, -11.270660604129027 ], [ -76.478470110750933, -11.292045979148936 ], [ -76.45097261072533, -11.343904354197221 ], [ -76.43035161070614, -11.345864229199044 ], [ -76.422683610698996, -11.354855479207417 ], [ -76.42005748569656, -11.375092604226285 ], [ -76.401417985679217, -11.402851729252124 ], [ -76.411648485688715, -11.415884729264237 ], [ -76.394340610672629, -11.44500747929138 ], [ -76.377408235656844, -11.444220729290649 ], [ -76.371484985651321, -11.476480104320681 ], [ -76.380989735660179, -11.486045354329576 ], [ -76.376839110656334, -11.501488604343967 ], [ -76.359399485640083, -11.522867479363882 ], [ -76.350645860631957, -11.520413604361604 ], [ -76.350002485631336, -11.542297979381976 ], [ -76.327859860610729, -11.544322729383854 ], [ -76.31751448560108, -11.562699604401002 ], [ -76.304369610588836, -11.567527979405467 ], [ -76.29765036058258, -11.596173854432154 ], [ -76.273085985559732, -11.582005854418957 ], [ -76.264729485551953, -11.567194479405179 ], [ -76.237413610526517, -11.569009104406863 ], [ -76.228743860518421, -11.553810604392709 ], [ -76.199393985491099, -11.588431479424942 ], [ -76.189418360481795, -11.590400604426787 ], [ -76.179550735472631, -11.612873104447717 ], [ -76.197264110489101, -11.622312854456515 ], [ -76.188374235480836, -11.643062229475818 ], [ -76.204882735496213, -11.659531104491153 ], [ -76.193297485485402, -11.673486979504155 ], [ -76.196685860488572, -11.692565104521913 ], [ -76.207502860498636, -11.699786104528643 ], [ -76.198949485490687, -11.736476854562826 ], [ -76.18506311047777, -11.739909354566015 ], [ -76.154380860449194, -11.781388604604643 ], [ -76.137327610433303, -11.780511354603817 ], [ -76.094435485393362, -11.848468354667121 ], [ -76.058587485359979, -11.879406354695929 ], [ -76.049768360351777, -11.901086604716101 ], [ -76.05822073535964, -11.912808604727038 ], [ -76.052585360354371, -11.948236229760022 ], [ -76.014254110318689, -11.984329729793625 ], [ -76.000711485306084, -11.985081229794345 ], [ -75.993179735299066, -11.994679729803277 ], [ -75.975305485282433, -11.98394060479327 ], [ -75.954260110262823, -11.986176104795359 ], [ -75.948584110257542, -11.994402229803015 ], [ -75.924052860234696, -11.984252104793566 ], [ -75.904147110216144, -11.998396604806734 ], [ -75.884288485197658, -11.993630854802314 ], [ -75.842549360158785, -12.006452854814242 ], [ -75.8335604851504, -12.02470210483124 ], [ -75.818936860136802, -12.013737229821029 ], [ -75.765662985087175, -12.059627354863768 ], [ -75.751123360073649, -12.054857104859323 ], [ -75.742039485065192, -12.036547104842263 ], [ -75.716734360041613, -12.046519479851563 ], [ -75.694304735020722, -12.042691354848014 ], [ -75.673889985001722, -12.057919979862179 ], [ -75.688221860015062, -12.082133479884718 ], [ -75.661760484990438, -12.092032604893932 ], [ -75.634470734964992, -12.114785354915115 ], [ -75.63870310996893, -12.12153185492142 ], [ -75.627523484958516, -12.141740229940217 ], [ -75.641421609971474, -12.149221979947196 ], [ -75.648466234978031, -12.174208354970474 ], [ -75.658487109987362, -12.175248229971444 ], [ -75.664465109992932, -12.193428854988365 ], [ -75.586699859920515, -12.299252980086914 ], [ -75.588596484922277, -12.3250032301109 ], [ -75.568216484903303, -12.331638730117074 ], [ -75.548701109885116, -12.364243980147453 ], [ -75.56159035989711, -12.390104855171529 ], [ -75.557407609893232, -12.456590480233439 ], [ -75.535973984873266, -12.518548105291147 ], [ -75.551989984888166, -12.544929980315704 ], [ -75.566439359901636, -12.552694105322942 ], [ -75.571840609906673, -12.564067855333541 ], [ -75.566512359901708, -12.574225230343016 ], [ -75.579378734913689, -12.595081230362437 ], [ -75.578026734912441, -12.653549105416877 ], [ -75.56133073489687, -12.663084105425733 ], [ -75.56325935989868, -12.675728105437523 ], [ -75.55145498488767, -12.683992605445219 ], [ -75.553653984889735, -12.704243355464065 ], [ -75.577117109911569, -12.715701230474746 ], [ -75.50749998484676, -12.777154855531977 ], [ -75.52022360985859, -12.788728730542747 ], [ -75.530228609867919, -12.821619230573408 ], [ -75.560332109895938, -12.817399730569473 ], [ -75.570411109905336, -12.842858855593171 ], [ -75.612714359944732, -12.859151855608346 ], [ -75.636336359966748, -12.915031480660385 ], [ -75.617887859949548, -12.942735855686182 ], [ -75.622662109954007, -12.949373105692356 ], [ -75.614075359946014, -12.96455210570651 ], [ -75.637501359967814, -12.973236230714571 ], [ -75.636505859966888, -12.987575730727947 ], [ -75.667048609995334, -12.996556230736296 ], [ -75.67036123499841, -13.022611730760559 ], [ -75.709853485035211, -13.040111355776864 ], [ -75.745362735068284, -13.024969730762756 ], [ -75.753719235076062, -13.028030980765593 ], [ -75.764587735086167, -13.018236355756496 ], [ -75.772484360093529, -13.037861355774764 ], [ -75.80206248512107, -13.060429730795779 ], [ -75.807746735126386, -13.051569855787529 ], [ -75.81792348513585, -13.052148980788072 ], [ -75.826888610144209, -13.02941010576691 ], [ -75.852218110167811, -13.035311980772407 ], [ -75.87878123519252, -13.015994105754395 ], [ -75.9138663602252, -13.006866105745896 ], [ -75.937682860247378, -12.991324855731422 ], [ -75.957529860265879, -12.999129105738687 ], [ -75.968613860276179, -13.040836355777532 ], [ -76.011936735316539, -13.085499355819135 ], [ -76.155252610450006, -13.192200855918511 ], [ -76.162679985456904, -13.226069980950038 ], [ -76.202879985494363, -13.301679856020472 ], [ -76.244792860533394, -13.323513731040778 ], [ -76.393130860671505, -13.137312480867381 ], [ -76.489783235761479, -13.031845730769158 ], [ -76.482894485755068, -13.015929730754349 ], [ -76.516462860786334, -12.955402355697966 ], [ -76.506626985777146, -12.947314480690434 ], [ -76.505787110776396, -12.925814480670414 ], [ -76.519478485789136, -12.850451230600241 ], [ -76.559257860826165, -12.821642605573398 ], [ -76.56784761083415, -12.802951105556001 ], [ -76.609183610872648, -12.77774223053251 ], [ -76.618462860881266, -12.759435605515488 ], [ -76.637857360899304, -12.74516010550218 ], [ -76.630097610892079, -12.721035105479702 ], [ -76.656380860916556, -12.699078105459266 ], [ -76.654060610914385, -12.686165980447251 ], [ -76.672492235931557, -12.660714855423523 ], [ -76.672206985931268, -12.628273480393332 ], [ -76.704716860961526, -12.596339855363579 ], [ -76.709828110966271, -12.574521480343277 ], [ -76.74641798600031, -12.539331980310498 ], [ -76.803775361053653, -12.50883010528209 ], [ -76.798658236048894, -12.49970310527357 ], [ -76.805525361055288, -12.494222605268483 ], [ -76.798046861048334, -12.489377105263983 ], [ -76.80321873605314, -12.480291105255521 ], [ -76.790929736041718, -12.477634730253031 ], [ -76.785187486036364, -12.443706855221434 ], [ -76.775040986026909, -12.437871105215985 ], [ -76.781593736033003, -12.414900355194609 ], [ -76.775685486027541, -12.404499980184925 ], [ -76.783400361034694, -12.398132855178982 ], [ -76.778044861029713, -12.392464855173717 ], [ -76.789550736040425, -12.385705105167421 ], [ -76.800451236050549, -12.360904355144315 ], [ -76.817246111066169, -12.352267605136282 ], [ -76.818074236066934, -12.340488230125304 ], [ -76.827031111075271, -12.34289448012755 ], [ -76.836611361084181, -12.316169980102655 ], [ -76.855290986101551, -12.300185605087785 ], [ -76.944433611184394, -12.245277355036626 ], [ -77.037843736271142, -12.2056464799997 ], [ -77.038400361271641, -12.168420104965037 ], [ -77.027910111261917, -12.165509729962338 ], [ -77.024888736259115, -12.153484354951136 ], [ -77.029927736263801, -12.135662104934545 ], [ -77.065103486296437, -12.102876979904019 ], [ -77.111533236339511, -12.079492229882218 ], [ -77.104571111333058, -12.063350604867193 ], [ -77.087257361317015, -12.061511354865472 ], [ -77.087600736317299, -12.0518657298565 ], [ -77.076894486307367, -12.047451229852397 ], [ -77.082940486312964, -12.036417854842117 ], [ -77.096183611325259, -12.033703104839583 ], [ -77.089119111318709, -12.012158229819514 ], [ -77.117913736345415, -11.994287229802863 ], [ -77.111379736339345, -11.975483479785375 ], [ -77.128689986355397, -11.937179979749684 ], [ -77.095889986324991, -11.950089979761724 ], [ -77.103121111331689, -11.935083979747731 ], [ -77.089904361319412, -11.901786729716735 ], [ -77.092594611321928, -11.881477229697795 ], [ -77.126048486352929, -11.820788104641279 ], [ -77.188156236410492, -11.82842572964838 ], [ -77.176708986399888, -11.81578122963662 ], [ -77.177976611401064, -11.802115229623885 ], [ -77.190183736412365, -11.783699229606743 ], [ -77.198148361419754, -11.783482479606523 ], [ -77.198267611419851, -11.768205104592299 ], [ -77.177679736400776, -11.774658229598318 ], [ -77.16739261139125, -11.742443354568302 ], [ -77.198515611420078, -11.695498104524603 ], [ -77.192191361414189, -11.680769479510857 ], [ -77.207841736428691, -11.64808785448044 ], [ -77.282076111497375, -11.587367229423876 ], [ -77.269921861486154, -11.582890604419719 ], [ -77.275544861491326, -11.559593729398001 ], [ -77.29595698651022, -11.53724610437718 ], [ -77.304751986518312, -11.512234354353902 ], [ -77.343509736554125, -11.485574229329069 ], [ -77.345396486555885, -11.472158229316555 ], [ -77.496710986695348, -11.377933604228732 ], [ -77.646148486832431, -11.304718729160463 ], [ -77.654220736839818, -11.291503854148139 ], [ -77.643290986829811, -11.290523479147236 ], [ -77.640087861826871, -11.275609354133348 ], [ -77.649900361835819, -11.24464060410452 ], [ -77.647148486833288, -11.221734354083173 ], [ -77.630988236818496, -11.211830229073952 ], [ -77.625496111813447, -11.217769479079514 ], [ -77.601712861791654, -11.214019479076031 ], [ -77.592349611783064, -11.182080104046282 ], [ -77.602335986792198, -11.150533229016919 ], [ -77.620128861808467, -11.126904353994895 ], [ -77.613101611802009, -11.112164103981154 ], [ -77.633857611821, -11.093609353963869 ], [ -77.628066361815712, -11.089277353959824 ], [ -77.637380861824212, -11.071296853943087 ], [ -77.633415986820566, -11.054507853927436 ], [ -77.66187498684657, -11.013476603889218 ], [ -77.646824236832785, -10.998193353875005 ], [ -77.664632861849029, -10.958980478838475 ], [ -77.657828111842804, -10.946505853826851 ], [ -77.701515611882613, -10.886117353770567 ], [ -77.705956986886648, -10.85358010374029 ], [ -77.750826111927438, -10.818806603707843 ], [ -77.754581986930873, -10.803720728693785 ], [ -77.744035111921278, -10.794537103685254 ], [ -77.76495311194023, -10.771810603664051 ], [ -77.762421861937952, -10.76281635365569 ], [ -77.804027361975656, -10.725945353621297 ], [ -77.808689486979858, -10.702568353599538 ], [ -77.886310487049897, -10.612310603515354 ], [ -77.83979536200782, -10.568312853474463 ], [ -77.79968336197156, -10.585323228490356 ], [ -77.784996111958222, -10.572039103477994 ], [ -77.771376486945854, -10.571614603477633 ], [ -77.770669861945137, -10.515671853425518 ], [ -77.798840861970646, -10.477335353389776 ], [ -77.787566361960401, -10.457097603370949 ], [ -77.764603111939564, -10.439481103354565 ], [ -77.767861986942521, -10.428790478344627 ], [ -77.760022361935384, -10.430079978345841 ], [ -77.749871611926125, -10.406796103324158 ], [ -77.756355486931923, -10.328123103250867 ], [ -77.752365236928313, -10.321806603244999 ], [ -77.698751736879572, -10.322104103245326 ] ] ] ] } },
{ "type": "Feature", "properties": { "NOMBDEP": "LORETO", "COUNT": 51, "FIRST_IDDP": "16", "HECTARES": 37511598.865000002 }, "geometry": { "type": "Polygon", "coordinates": [ [ [ -75.538046984875194, -1.48076922001132 ], [ -75.381296734729204, -0.923940719492719 ], [ -75.300060609653556, -0.987148094551603 ], [ -75.288527359642814, -0.985655969550198 ], [ -75.274367109629623, -0.969596594535232 ], [ -75.211447359571025, -0.969568094535214 ], [ -75.203222734563369, -0.975661844540893 ], [ -75.188331484549508, -0.970199594535802 ], [ -75.228910234587289, -0.941493344509057 ], [ -75.23350023459156, -0.922013594490911 ], [ -75.219395484578428, -0.899549344470001 ], [ -75.221171859580096, -0.86576334443853 ], [ -75.248474734605509, -0.834099844409043 ], [ -75.239791484597419, -0.799293469376614 ], [ -75.264970359620861, -0.783938469362333 ], [ -75.250939734607812, -0.762522094342371 ], [ -75.26578760962164, -0.751157844331789 ], [ -75.273439859628752, -0.728943219311091 ], [ -75.272183609627604, -0.713924094297091 ], [ -75.247855484604941, -0.694497719279025 ], [ -75.271384109626837, -0.663612719250246 ], [ -75.257912109614296, -0.655063219242264 ], [ -75.256469984612949, -0.643499969231502 ], [ -75.247909984604973, -0.647459969235205 ], [ -75.244729859602018, -0.639369969227666 ], [ -75.231309984589529, -0.646939969234733 ], [ -75.233359984591431, -0.63396996922266 ], [ -75.223099984581864, -0.628499969217529 ], [ -75.23222998459039, -0.614399969204411 ], [ -75.225969984584538, -0.605719969196315 ], [ -75.239929984597552, -0.601049969191962 ], [ -75.238949984596644, -0.578899969171348 ], [ -75.224489984583158, -0.571090094164078 ], [ -75.226479984585012, -0.555539969149588 ], [ -75.244079984601427, -0.546949844141577 ], [ -75.237957484595711, -0.539000719134188 ], [ -75.246923984604052, -0.518913219115493 ], [ -75.261934734618052, -0.533201094128805 ], [ -75.267592859623306, -0.530016594125816 ], [ -75.269653484625223, -0.502591219100276 ], [ -75.286123984640568, -0.49732809409537 ], [ -75.294696109648555, -0.505766719103229 ], [ -75.300728984654171, -0.492779719091149 ], [ -75.312757609665368, -0.494241219092516 ], [ -75.310949984663694, -0.474419969074036 ], [ -75.326449984678135, -0.46064996906122 ], [ -75.324849984676632, -0.453140094054224 ], [ -75.349099984699222, -0.463539969063905 ], [ -75.356459984706078, -0.446779969048282 ], [ -75.387849984735311, -0.434119844036497 ], [ -75.389709984737038, -0.41515984401885 ], [ -75.400979984747551, -0.399659844004408 ], [ -75.415009984760616, -0.396219844001209 ], [ -75.462729984805037, -0.318429968928751 ], [ -75.464360109806563, -0.298589968910258 ], [ -75.473709984815287, -0.296749968908576 ], [ -75.482219984823189, -0.236959968852868 ], [ -75.510819859849846, -0.212020093829651 ], [ -75.51416998485297, -0.197379968815998 ], [ -75.530769984868414, -0.180899968800655 ], [ -75.568709984903762, -0.185269843804729 ], [ -75.578799984913161, -0.178349843798295 ], [ -75.590519984924072, -0.190629968809711 ], [ -75.610618859942775, -0.192449218811423 ], [ -75.610495984942673, -0.113355468737757 ], [ -75.601719984934505, -0.109889968734505 ], [ -75.595389984928602, -0.120429968744343 ], [ -75.578139984912525, -0.120379968744302 ], [ -75.563609984898989, -0.13119996875438 ], [ -75.552649984888802, -0.130679968753872 ], [ -75.54243998487928, -0.115679968739905 ], [ -75.537089984874314, -0.121269968745123 ], [ -75.534895484872266, -0.115036843739326 ], [ -75.516071234854735, -0.114474843738776 ], [ -75.496802109836779, -0.132024843755146 ], [ -75.48506285982586, -0.130184093753434 ], [ -75.46702235980905, -0.140783843763314 ], [ -75.460676234803145, -0.151670593773433 ], [ -75.431083859775583, -0.153794843775419 ], [ -75.406256109752462, -0.170145468790632 ], [ -75.368213234717018, -0.163232718784215 ], [ -75.364022109713133, -0.146110218768272 ], [ -75.352843359702717, -0.147314218769377 ], [ -75.359123859708546, -0.15799234377932 ], [ -75.352172109702082, -0.16381621878476 ], [ -75.339568984690345, -0.155389593776909 ], [ -75.312141484664807, -0.160339593781526 ], [ -75.295779359649572, -0.148072593770092 ], [ -75.287948609642285, -0.153963593775559 ], [ -75.276741234631828, -0.134242968757212 ], [ -75.258796109615133, -0.127162593750597 ], [ -75.255455109612001, -0.111488343736002 ], [ -75.219589734578619, -0.076570593703477 ], [ -75.215487984574793, -0.048686468677527 ], [ -75.179810609541562, -0.038846218668376 ], [ -75.137020109501719, -0.06843721869592 ], [ -75.077363359446139, -0.084204843710613 ], [ -75.016890609389833, -0.145685593767876 ], [ -74.972800734348766, -0.153525343775173 ], [ -74.969668109345861, -0.180017718799847 ], [ -74.958615984335552, -0.193842218812717 ], [ -74.938453109316782, -0.203658218821874 ], [ -74.928258859307277, -0.220214718837274 ], [ -74.918197234297907, -0.215296843832692 ], [ -74.917300984297071, -0.20246071882074 ], [ -74.910676484290917, -0.203545843821737 ], [ -74.892288109273778, -0.236896343852826 ], [ -74.848087234232622, -0.233584093849731 ], [ -74.831763609217404, -0.206193343824215 ], [ -74.808982359196193, -0.189021468808229 ], [ -74.782457359171502, -0.201357468819712 ], [ -74.748022109139441, -0.250325718865306 ], [ -74.731474609124007, -0.290062968902322 ], [ -74.732513609124993, -0.334917968944118 ], [ -74.726679734119557, -0.343560593952147 ], [ -74.71064848410461, -0.350244218958403 ], [ -74.689589859085004, -0.329269593938828 ], [ -74.681915984077847, -0.330421843939932 ], [ -74.683865484079689, -0.359260343966772 ], [ -74.661308734058679, -0.374330093980815 ], [ -74.609335984010272, -0.351394593959464 ], [ -74.615145234015671, -0.37881709398499 ], [ -74.576222233979422, -0.392275968997551 ], [ -74.573422733976827, -0.410633969014633 ], [ -74.553180483957959, -0.420808969024102 ], [ -74.527947233934469, -0.466746094066903 ], [ -74.498967983907477, -0.461616344062112 ], [ -74.497563983906161, -0.488338719087012 ], [ -74.476402358886475, -0.474103469073757 ], [ -74.465051483875897, -0.487942094086628 ], [ -74.422951983836668, -0.498924469096863 ], [ -74.423974858837624, -0.553460094147651 ], [ -74.414768983829049, -0.558089969151986 ], [ -74.400566233815823, -0.540044969135145 ], [ -74.394505608810192, -0.541982719136964 ], [ -74.387723358803868, -0.590709844182356 ], [ -74.360933233778923, -0.62382334421319 ], [ -74.372826108790008, -0.652886719240261 ], [ -74.337568608757152, -0.682934844268232 ], [ -74.34537473376443, -0.705438219289201 ], [ -74.37555660879255, -0.716988344299952 ], [ -74.37258985878978, -0.734794969316552 ], [ -74.344283233763406, -0.75902934433911 ], [ -74.312552733733867, -0.756267594336537 ], [ -74.316658233737684, -0.79302734437077 ], [ -74.303509483725435, -0.792301344370095 ], [ -74.290070358712939, -0.774988219353968 ], [ -74.283341858706649, -0.777859344356659 ], [ -74.280257858703777, -0.787277344365423 ], [ -74.292351608715052, -0.813242219389607 ], [ -74.284927733708145, -0.824843719400427 ], [ -74.245330108671254, -0.818402344394414 ], [ -74.268150358692509, -0.847009719421053 ], [ -74.269171858693454, -0.87929096945113 ], [ -74.305464858727277, -0.86516796943796 ], [ -74.319953108740748, -0.879646469451465 ], [ -74.312873108734152, -0.895382844466125 ], [ -74.287421858710488, -0.893539094464403 ], [ -74.278296858701964, -0.899855469470279 ], [ -74.263107483687804, -0.944080219511476 ], [ -74.271348983695503, -0.967113719532933 ], [ -74.267217733691638, -0.982355719547117 ], [ -74.218621108646374, -1.009423844572321 ], [ -74.168357608599564, -1.006329344569453 ], [ -74.094260983530575, -1.048011969608273 ], [ -74.06391685850231, -1.052953094612865 ], [ -74.046201483485831, -1.044820219605302 ], [ -74.038261733478421, -1.013619094576223 ], [ -74.022768733463991, -1.004879844568101 ], [ -74.01518460845692, -1.018238969580549 ], [ -74.022657983463901, -1.06291959462215 ], [ -74.010968983452997, -1.092811719649998 ], [ -73.988036983431655, -1.103162219659618 ], [ -73.961669858407092, -1.082626969640501 ], [ -73.950591733396763, -1.097912094654732 ], [ -73.96656235841165, -1.117775719673231 ], [ -73.961654358407074, -1.129068344683765 ], [ -73.909470233358491, -1.121640969676838 ], [ -73.897069358346954, -1.137182219691308 ], [ -73.895408233345393, -1.168583969720584 ], [ -73.87142185832306, -1.197302719747313 ], [ -73.867523483319417, -1.223162094771403 ], [ -73.857132858309754, -1.231779344779428 ], [ -73.823554733278499, -1.236359344783702 ], [ -73.809615233265518, -1.249115219795559 ], [ -73.788154233245521, -1.239679719786789 ], [ -73.783919983241589, -1.25760546980349 ], [ -73.774330108232675, -1.259091844804863 ], [ -73.754013608213754, -1.238398469785585 ], [ -73.753685483213445, -1.205990219755397 ], [ -73.745124983205486, -1.199662094749505 ], [ -73.740998108201609, -1.234257844781734 ], [ -73.732314483193534, -1.245632844792314 ], [ -73.708399608171263, -1.251769219798043 ], [ -73.680931608145713, -1.238021469785241 ], [ -73.647011733114127, -1.267189469812404 ], [ -73.621093733090021, -1.259595719805345 ], [ -73.610801108080423, -1.319025844860696 ], [ -73.59582585806649, -1.328750969869738 ], [ -73.576531233048556, -1.318062469859777 ], [ -73.569785108042268, -1.322425719863863 ], [ -73.57915660805098, -1.359577594898457 ], [ -73.561481608034541, -1.37717509491485 ], [ -73.550216858024044, -1.406880844942505 ], [ -73.553863108027457, -1.416767594951709 ], [ -73.581404733053063, -1.413920469949078 ], [ -73.585358358056766, -1.423067969957594 ], [ -73.534324233009244, -1.432845719966701 ], [ -73.526306608001804, -1.468003844999448 ], [ -73.511001982987551, -1.482130845012579 ], [ -73.489010732967103, -1.483041845013435 ], [ -73.485653607963982, -1.497776095027173 ], [ -73.495103357972781, -1.510147720038699 ], [ -73.4785683579574, -1.522093720049797 ], [ -73.478413982957264, -1.530425095057583 ], [ -73.490298982968312, -1.569296595093778 ], [ -73.479619857958383, -1.575521345099581 ], [ -73.463744107943597, -1.567297845091922 ], [ -73.457348107937676, -1.574321970098449 ], [ -73.465228982944978, -1.591168720114161 ], [ -73.503661982980745, -1.622577470143399 ], [ -73.516593107992776, -1.662711595180785 ], [ -73.53666985801145, -1.685909220202375 ], [ -73.529531483004817, -1.707267220222292 ], [ -73.499949982977284, -1.731195095244583 ], [ -73.459281607939459, -1.736396595249415 ], [ -73.435657482917478, -1.762484970273713 ], [ -73.431592857913714, -1.788701970298124 ], [ -73.383337357868839, -1.774710720285104 ], [ -73.326972857816429, -1.80486322031318 ], [ -73.31738285780753, -1.82618959533304 ], [ -73.303730107794848, -1.81811209532552 ], [ -73.30883735779959, -1.787926595297393 ], [ -73.294592982786355, -1.776538095286785 ], [ -73.249861982744804, -1.780387720290381 ], [ -73.244167482739499, -1.788416345297862 ], [ -73.25678810775122, -1.802521845311006 ], [ -73.234345107730363, -1.801722345310268 ], [ -73.232071232728273, -1.76105734527238 ], [ -73.220867857717877, -1.748669845260853 ], [ -73.203792857702012, -1.763917470275043 ], [ -73.186029232685542, -1.807918470316026 ], [ -73.147285357649565, -1.80268597031114 ], [ -73.150283482652341, -1.861363470365813 ], [ -73.133255857636556, -1.872410220376085 ], [ -73.112765357617548, -1.872814720376469 ], [ -73.107453232612627, -1.886062345388787 ], [ -73.118417107622818, -1.912082970413035 ], [ -73.112307232617127, -1.946167470444788 ], [ -73.123371732627405, -1.981216970477428 ], [ -73.120315357624534, -2.01316372050719 ], [ -73.093730732599909, -2.035457595527949 ], [ -73.106749982611959, -2.074951220564739 ], [ -73.100630857606305, -2.082583970571833 ], [ -73.073677732581316, -2.081628845570929 ], [ -73.069785107577701, -2.087880845576789 ], [ -73.076728482584144, -2.108193095595692 ], [ -73.114188232618872, -2.130874220616808 ], [ -73.13003510763356, -2.181597595664075 ], [ -73.170462482671084, -2.191607720673371 ], [ -73.167666232668481, -2.229018095708223 ], [ -73.15163285765361, -2.260156220737232 ], [ -73.117675732622089, -2.287005845762224 ], [ -73.122928357626975, -2.323943595796634 ], [ -73.099971357605696, -2.324571720797224 ], [ -73.082153857589162, -2.311151595784705 ], [ -73.068298857576309, -2.315140595788415 ], [ -73.070025232577933, -2.345247345816466 ], [ -73.062355482570808, -2.358968720829236 ], [ -73.052301107561519, -2.360856095831003 ], [ -73.044234732554017, -2.352789720823503 ], [ -73.042412107552323, -2.323261720795978 ], [ -73.03379660754436, -2.314650095787978 ], [ -73.024033107535303, -2.318811095791855 ], [ -73.004884607517582, -2.357609095828005 ], [ -72.994123107507619, -2.357215595827621 ], [ -72.978462857493128, -2.338650345810325 ], [ -72.964498982480222, -2.341154220812651 ], [ -72.951734357468411, -2.400958970868344 ], [ -72.92263085744149, -2.419496095885625 ], [ -72.93741598245515, -2.444406220908841 ], [ -72.933803982451821, -2.45486859591856 ], [ -72.895126982416073, -2.433673845898829 ], [ -72.851798857376096, -2.435783220900785 ], [ -72.802810482330912, -2.410705095877429 ], [ -72.776451232306641, -2.384367220852895 ], [ -72.760085982291571, -2.395847595863569 ], [ -72.75529260728716, -2.41967284588579 ], [ -72.745794982278397, -2.426765595892384 ], [ -72.733778607267354, -2.419615470885716 ], [ -72.726928857261086, -2.39090609585897 ], [ -72.707754107243446, -2.389072845857294 ], [ -72.689140607226378, -2.413833970880339 ], [ -72.691025357228099, -2.448480470912597 ], [ -72.681287607219161, -2.451664220915563 ], [ -72.667091857206117, -2.439951220904654 ], [ -72.658216357197986, -2.40723509587419 ], [ -72.63731523217885, -2.388789470857023 ], [ -72.640798732182049, -2.363262595833223 ], [ -72.619697232162736, -2.356281220826729 ], [ -72.595519482140602, -2.366552720836294 ], [ -72.568787107116179, -2.397582095865174 ], [ -72.535263732085596, -2.40542972087249 ], [ -72.516990607068934, -2.426365970891996 ], [ -72.497973857051633, -2.418256720884444 ], [ -72.471590482027651, -2.42003284588608 ], [ -72.428154356988259, -2.437433595902272 ], [ -72.408658606970619, -2.414493345880923 ], [ -72.379417606944173, -2.454981345918607 ], [ -72.380877981945474, -2.478205595940237 ], [ -72.371767356937255, -2.489189470950459 ], [ -72.297528231870487, -2.473599220935919 ], [ -72.286278106860394, -2.454182845917853 ], [ -72.259551981836495, -2.458522970921882 ], [ -72.262164606838837, -2.435501595900434 ], [ -72.24854460682667, -2.430661845895947 ], [ -72.220362231801559, -2.448350720912394 ], [ -72.184457231769642, -2.42970022089501 ], [ -72.169468106756327, -2.431901970897055 ], [ -72.166353231753575, -2.464412095927336 ], [ -72.149820731738956, -2.470022845932557 ], [ -72.137142981727763, -2.449421470913358 ], [ -72.145280731734985, -2.406248595873164 ], [ -72.097826356693218, -2.37027097083964 ], [ -72.082063231679356, -2.367958220837498 ], [ -72.04874123165024, -2.334936095806722 ], [ -72.037201231640182, -2.338000595809559 ], [ -72.01010935661661, -2.368951220838357 ], [ -71.949782106564555, -2.356358595826623 ], [ -71.939976731556129, -2.362320220832157 ], [ -71.934822231551678, -2.379669970848326 ], [ -71.922437481541095, -2.378152345846893 ], [ -71.919220731538346, -2.365419970835027 ], [ -71.938316356554708, -2.328351595800533 ], [ -71.934914231551801, -2.312349595785621 ], [ -71.884755856509003, -2.311593720784888 ], [ -71.832769481465178, -2.190415970671983 ], [ -71.822837856456829, -2.188140595669869 ], [ -71.809746106445843, -2.204177720684797 ], [ -71.799132856437012, -2.204369095684981 ], [ -71.766931981410252, -2.158499720642217 ], [ -71.732482481381851, -2.140142595625113 ], [ -71.71892285637071, -2.159935970643531 ], [ -71.731224481380735, -2.201453095682198 ], [ -71.722999981373988, -2.226552720705576 ], [ -71.708503856362128, -2.227330095706275 ], [ -71.647681606312872, -2.200056595680811 ], [ -71.587162731264669, -2.238281720716345 ], [ -71.518891856211411, -2.248969345726202 ], [ -71.519833106212076, -2.302075595775667 ], [ -71.500463106197103, -2.352209345822307 ], [ -71.487514481187191, -2.353377720823382 ], [ -71.479383981181059, -2.340064220810983 ], [ -71.496150106193895, -2.293343845767492 ], [ -71.494805981192897, -2.277995720753188 ], [ -71.477316731179599, -2.269364720745138 ], [ -71.458254981165197, -2.274149720749548 ], [ -71.428917106143146, -2.320666720792818 ], [ -71.396395731119085, -2.347114720817383 ], [ -71.4065624811265, -2.388251845855714 ], [ -71.394715731117742, -2.407033095873186 ], [ -71.357847231091014, -2.382637095850391 ], [ -71.320743481064554, -2.377773470845768 ], [ -71.307094356055018, -2.347415970817503 ], [ -71.272186981030785, -2.333453095804407 ], [ -71.266340981026786, -2.336476095807208 ], [ -71.268107856027953, -2.357770720827047 ], [ -71.248653856014712, -2.339022595809516 ], [ -71.234769356005344, -2.336747720807376 ], [ -71.200175730982224, -2.374557345842477 ], [ -71.175779855966312, -2.379028720846595 ], [ -71.166837355960652, -2.337767470808133 ], [ -71.153580355952201, -2.333609970804243 ], [ -71.137878605942234, -2.34334934581327 ], [ -71.130322480937537, -2.337494845807793 ], [ -71.143376855945846, -2.301594845774399 ], [ -71.136793480941762, -2.287171345760957 ], [ -71.119928105931223, -2.280503720754701 ], [ -71.053329480891094, -2.270619845745309 ], [ -71.030345605877756, -2.277052220751192 ], [ -71.016907480870003, -2.295531720768345 ], [ -70.996144230858349, -2.303487595775658 ], [ -70.990417855855256, -2.287092970760393 ], [ -71.018735855871313, -2.231476470708732 ], [ -71.012068230867627, -2.213199095691709 ], [ -71.000205105860999, -2.207853470686704 ], [ -70.972701105845886, -2.214222595692522 ], [ -70.955718730836693, -2.243083970719308 ], [ -70.937347605826972, -2.254484345729856 ], [ -70.920662105818451, -2.250138720725743 ], [ -70.899613230807986, -2.22534772070257 ], [ -70.871849605794523, -2.223314470700554 ], [ -70.854964855786505, -2.237011720713199 ], [ -70.835953105777492, -2.290814595763162 ], [ -70.777761855752374, -2.292990220764885 ], [ -70.751236355741511, -2.328269595797557 ], [ -70.669914105712309, -2.350318345817541 ], [ -70.662734355709901, -2.363773470830003 ], [ -70.677269480714415, -2.38604884585081 ], [ -70.678435480714697, -2.402138720865784 ], [ -70.664877230710232, -2.410406095873385 ], [ -70.627850605699095, -2.395029720858795 ], [ -70.628296855698991, -2.421623095883538 ], [ -70.641365230702547, -2.455509720915148 ], [ -70.621185605696454, -2.479603845937385 ], [ -70.589272230687882, -2.482934345940214 ], [ -70.554350230679773, -2.467748345925825 ], [ -70.557593730680722, -2.443081970902927 ], [ -70.596419980690214, -2.425912095887262 ], [ -70.593101605689441, -2.419021470880856 ], [ -70.574134730684747, -2.417433720879225 ], [ -70.544662105678071, -2.428845595889572 ], [ -70.510552730671094, -2.471755845929144 ], [ -70.469280730664906, -2.455884845913998 ], [ -70.451483105662419, -2.481574345937697 ], [ -70.446293480661538, -2.5107874709648 ], [ -70.428619105659635, -2.524874970977685 ], [ -70.407746105658077, -2.52329097097598 ], [ -70.362006730656844, -2.489869470944416 ], [ -70.324040105657204, -2.503283345956427 ], [ -70.300977605658431, -2.502577345955471 ], [ -70.295165980658666, -2.515378970967272 ], [ -70.301796855658012, -2.528220720979263 ], [ -70.352111355656092, -2.543539095994147 ], [ -70.356510855655813, -2.564213846013398 ], [ -70.334579980655803, -2.577888721025823 ], [ -70.317868480656372, -2.578539346026207 ], [ -70.26787448066078, -2.543603095993089 ], [ -70.245311230663503, -2.550415720999086 ], [ -70.231005980665344, -2.571215346018194 ], [ -70.216828105666437, -2.648523471089714 ], [ -70.196304730670221, -2.658982471099095 ], [ -70.182161855673783, -2.634609096076271 ], [ -70.166159605677606, -2.636391096077637 ], [ -70.154209855680364, -2.656875721096443 ], [ -70.162061855677692, -2.687849096125324 ], [ -70.135351855684846, -2.702701971138604 ], [ -70.118431605690205, -2.698632846134545 ], [ -70.101033355697055, -2.653856846092681 ], [ -70.084944230703087, -2.649031346087937 ], [ -70.067372855709422, -2.677820096114266 ], [ -70.071254855706798, -2.724320846157468 ], [ -70.060059605710606, -2.758917471189297 ], [ -70.073608605704379, -2.790662096219008 ], [ -70.713131980713754, -3.796425222162676 ], [ -70.685190730703439, -3.793339597159511 ], [ -70.652517480691685, -3.828878722192191 ], [ -70.627162355683453, -3.832021972194849 ], [ -70.619019980680832, -3.840059972202212 ], [ -70.577274730669046, -3.828010347190491 ], [ -70.54091598065942, -3.863037097222583 ], [ -70.510630730652565, -3.875466347233707 ], [ -70.449811730642324, -3.856678097215318 ], [ -70.413757855638551, -3.822033222182555 ], [ -70.387595730636136, -3.828503847188119 ], [ -70.35406448063496, -3.799287097160414 ], [ -70.292275355634771, -3.821191347179572 ], [ -70.276306605635227, -3.837630847194517 ], [ -70.253519480635859, -3.884499972237564 ], [ -70.186699230644038, -3.918345722267479 ], [ -70.174281105645022, -3.970056097315134 ], [ -70.114404105657002, -4.049547847387331 ], [ -70.067781605670945, -4.075982097410527 ], [ -70.034079480681768, -4.134412722463669 ], [ -69.955689480715861, -4.207642597528931 ], [ -69.949591855716278, -4.279382722595169 ], [ -69.980362980698033, -4.340416222652802 ], [ -70.015138730681798, -4.350518972663389 ], [ -70.027248980676035, -4.370354097682163 ], [ -70.039996980670836, -4.375350472687208 ], [ -70.051400230666999, -4.363501472676621 ], [ -70.040261605671759, -4.346968597660935 ], [ -70.042955605671253, -4.332185347647296 ], [ -70.074094480660577, -4.320645972637568 ], [ -70.079076480659239, -4.312057597629792 ], [ -70.073239355661443, -4.303915347622031 ], [ -70.048597105670098, -4.305078972622343 ], [ -70.04026898067363, -4.294787972612548 ], [ -70.061356980665849, -4.294698722613123 ], [ -70.07508210566148, -4.285287097604821 ], [ -70.096042355654788, -4.287765472607749 ], [ -70.101302230654014, -4.263944222585809 ], [ -70.112098855651169, -4.256716597579425 ], [ -70.120992230647872, -4.285418847606289 ], [ -70.145143730642403, -4.272748222595222 ], [ -70.156386730639881, -4.274740972597376 ], [ -70.170633730636183, -4.305227847626055 ], [ -70.152073980639415, -4.321289222640457 ], [ -70.15260923063903, -4.330033722648581 ], [ -70.174797730634523, -4.334881847653673 ], [ -70.180835605632851, -4.355404722672878 ], [ -70.193650605630609, -4.360867097678298 ], [ -70.200257980629743, -4.356862097674755 ], [ -70.213791230629582, -4.298446347620863 ], [ -70.225420855627661, -4.317035847638422 ], [ -70.25995748062482, -4.308601597631402 ], [ -70.268102355624663, -4.295799222619715 ], [ -70.245824730626538, -4.284615722608807 ], [ -70.252197230626365, -4.271197722596489 ], [ -70.290915480623923, -4.287233097612277 ], [ -70.284342230624517, -4.272510222598457 ], [ -70.309475230624486, -4.251184347579189 ], [ -70.279196605625671, -4.232713722561404 ], [ -70.285650855626955, -4.170401597503668 ], [ -70.321521230626985, -4.142680847478686 ], [ -70.329165355626969, -4.147112597482955 ], [ -70.328629855626403, -4.171472347505567 ], [ -70.338534480626436, -4.179146222512914 ], [ -70.376813980629251, -4.135007097472651 ], [ -70.432820605634959, -4.131289222470225 ], [ -70.44236810563612, -4.139438847477948 ], [ -70.434902605634633, -4.162727847499449 ], [ -70.454235730637521, -4.158920722496262 ], [ -70.464913605638941, -4.175874347512186 ], [ -70.48522823064279, -4.160794597498503 ], [ -70.492693730643666, -4.191578847527222 ], [ -70.505572605646165, -4.199133597534446 ], [ -70.51410873064809, -4.190835222526851 ], [ -70.503639230646272, -4.168765722506211 ], [ -70.508249480647549, -4.151187597489942 ], [ -70.52341848065106, -4.136375347476397 ], [ -70.535601980653738, -4.145405597484983 ], [ -70.55110948065763, -4.136315847476737 ], [ -70.541010730654861, -4.154795597493768 ], [ -70.55774223065886, -4.165345222503823 ], [ -70.555422230657697, -4.20160234753749 ], [ -70.571891230661876, -4.211251222546691 ], [ -70.574963605662859, -4.202910972538988 ], [ -70.562352355659783, -4.182953222520262 ], [ -70.566189355660953, -4.172929847511008 ], [ -70.616243480675081, -4.193481347530792 ], [ -70.631106605679932, -4.183600722521787 ], [ -70.634846105681291, -4.17152822251062 ], [ -70.617258480676242, -4.133906597475381 ], [ -70.622493355677975, -4.126441097468537 ], [ -70.648033230686224, -4.130347597472491 ], [ -70.650184355686491, -4.164125722503896 ], [ -70.660624230690331, -4.144762972486026 ], [ -70.669933855693614, -4.144376222485792 ], [ -70.666781105692166, -4.17022309750977 ], [ -70.682277355697238, -4.206926222544091 ], [ -70.690367480700459, -4.188188097526766 ], [ -70.72394760571342, -4.185987097525087 ], [ -70.747028355723117, -4.161210972502307 ], [ -70.760642730728861, -4.159082472500452 ], [ -70.786735605739892, -4.185421972525218 ], [ -70.800986355746332, -4.181818347521999 ], [ -70.82563985575743, -4.211863722550182 ], [ -70.844705230766465, -4.218466722556502 ], [ -70.844581980766293, -4.230820347567995 ], [ -70.82605635575753, -4.219329222557135 ], [ -70.815943480752708, -4.227449222564605 ], [ -70.834384355761131, -4.254099097589576 ], [ -70.850981105769222, -4.246960722583068 ], [ -70.863889605775555, -4.25064897258662 ], [ -70.846251855766596, -4.279381097613189 ], [ -70.876619730781542, -4.291456722624696 ], [ -70.876381855781148, -4.321646097652765 ], [ -70.900053855793288, -4.325880722656937 ], [ -70.915434730801024, -4.360014847688815 ], [ -70.933518605810761, -4.356059097685277 ], [ -70.938039605813003, -4.383095722710463 ], [ -70.948288605818661, -4.376021847703979 ], [ -70.969032105830181, -4.377593222705586 ], [ -70.975367355833939, -4.356772847686259 ], [ -70.994492355844926, -4.344756597675233 ], [ -70.987948855840926, -4.376552097704766 ], [ -70.996514855845774, -4.385802347713435 ], [ -71.017892730858279, -4.379986847708172 ], [ -71.039999480871273, -4.399186722726182 ], [ -71.043485730873556, -4.372820347701661 ], [ -71.050677355877951, -4.367480472696736 ], [ -71.056953230881618, -4.385772597713804 ], [ -71.078415480894748, -4.394354597721938 ], [ -71.077446230894296, -4.374202472703183 ], [ -71.091030855902744, -4.372502722701666 ], [ -71.10811160591345, -4.37869372270753 ], [ -71.106237730912142, -4.399365222726772 ], [ -71.115041730917682, -4.408139472734994 ], [ -71.129362105926944, -4.388997097717247 ], [ -71.147640355938833, -4.380775722709687 ], [ -71.149781855940091, -4.402250347729695 ], [ -71.156087480944223, -4.402280097729766 ], [ -71.157837730945459, -4.391197097719465 ], [ -71.181886730961338, -4.393895472722074 ], [ -71.193688855969071, -4.423067597749306 ], [ -71.206062105977523, -4.399629972727559 ], [ -71.197971980972142, -4.38640009771521 ], [ -71.20139835597449, -4.378238597707616 ], [ -71.215389605983944, -4.378452722707899 ], [ -71.22240898098859, -4.406173472733735 ], [ -71.230263230994112, -4.38306647271226 ], [ -71.245918106004865, -4.390492972719248 ], [ -71.269205731021103, -4.38375747271307 ], [ -71.279563606028319, -4.396917347725345 ], [ -71.260670731015082, -4.39422859772279 ], [ -71.267785356019999, -4.409004972736567 ], [ -71.260861106015071, -4.425113972751541 ], [ -71.274804731024787, -4.43848659776403 ], [ -71.288486356034426, -4.440151347765652 ], [ -71.304738356046087, -4.417142722744291 ], [ -71.319110231056385, -4.417809097744982 ], [ -71.300859856043218, -4.444435347769702 ], [ -71.308212356048386, -4.462257347786318 ], [ -71.313470981052248, -4.442721972768148 ], [ -71.340263731071602, -4.440223597765906 ], [ -71.345902981075753, -4.425542222752282 ], [ -71.360584106086449, -4.433632472759874 ], [ -71.378549231099726, -4.424185972751142 ], [ -71.390613106108674, -4.427231722754012 ], [ -71.416382606127783, -4.462281222786727 ], [ -71.433609981140734, -4.475962972799535 ], [ -71.437869231143964, -4.47084722279478 ], [ -71.426041731135044, -4.46621409779042 ], [ -71.430941481138817, -4.446679722772254 ], [ -71.412252481124781, -4.435391347761684 ], [ -71.436294606142923, -4.427685097754599 ], [ -71.438172481144278, -4.449054097774478 ], [ -71.451188231154191, -4.445514222771224 ], [ -71.450857481153989, -4.431712347758399 ], [ -71.461522231162107, -4.439241222765444 ], [ -71.477684981174519, -4.433549597760182 ], [ -71.482614106178232, -4.456597097781663 ], [ -71.506874731197058, -4.437348597763789 ], [ -71.506578481196783, -4.457655847782688 ], [ -71.492797856186044, -4.474357222798225 ], [ -71.493972106186931, -4.485201472808309 ], [ -71.516185606204218, -4.471608222795712 ], [ -71.517414981205206, -4.461219847786055 ], [ -71.537277356220756, -4.463084097787825 ], [ -71.536243981219897, -4.481692847805162 ], [ -71.558374606237336, -4.477603597801409 ], [ -71.550707606231271, -4.4855607228088 ], [ -71.566925731244041, -4.505757222827643 ], [ -71.602815356272586, -4.528454222848863 ], [ -71.618867606285491, -4.527003722847541 ], [ -71.633455606297304, -4.512332847833927 ], [ -71.612512981280503, -4.482880722806451 ], [ -71.616173856283496, -4.466980347791649 ], [ -71.627211481292349, -4.476028722800101 ], [ -71.624724981290314, -4.48887609781207 ], [ -71.647905356309025, -4.502731972825013 ], [ -71.646592981308032, -4.480573722804389 ], [ -71.654287606314284, -4.471138472795599 ], [ -71.66053185631938, -4.474716472798945 ], [ -71.654038981314073, -4.487577597810921 ], [ -71.657934606317198, -4.500936097823356 ], [ -71.67196998132863, -4.505826347827947 ], [ -71.688215606341942, -4.496957472819721 ], [ -71.706795981357203, -4.509887722831794 ], [ -71.736855856382093, -4.495562222818503 ], [ -71.750725606393644, -4.467422472792321 ], [ -71.748957356392125, -4.491321222814569 ], [ -71.767648106407691, -4.503698972826138 ], [ -71.771350356410821, -4.488599847812078 ], [ -71.785328856422524, -4.482317847806243 ], [ -71.783368856420879, -4.496598347819559 ], [ -71.792417231428445, -4.495161597818225 ], [ -71.793798731429632, -4.48365434780751 ], [ -71.81025260644347, -4.492896347816147 ], [ -71.806535481440321, -4.504389597826841 ], [ -71.83211973146193, -4.49583872281892 ], [ -71.830157981460246, -4.514432847836224 ], [ -71.839137356467859, -4.504527847827021 ], [ -71.856557356482625, -4.511365972833401 ], [ -71.864997856489808, -4.526451097847475 ], [ -71.879349606502061, -4.515264722837063 ], [ -71.885346356507171, -4.521933847843274 ], [ -71.905487731524431, -4.514750347836615 ], [ -71.907808481526416, -4.519778847841288 ], [ -71.89359360651423, -4.52251397284385 ], [ -71.884586606506517, -4.537088222857395 ], [ -71.918183106535309, -4.52885484784977 ], [ -71.926775606542691, -4.547255597866933 ], [ -71.919108606536085, -4.563445972881991 ], [ -71.930477856545849, -4.561732972880407 ], [ -71.927190106542994, -4.570063097888153 ], [ -71.934359731549193, -4.578199722895738 ], [ -71.94999760656269, -4.580285722897717 ], [ -71.942606856556282, -4.594721722911133 ], [ -71.950398106562986, -4.599128472915254 ], [ -71.946530106559635, -4.607831472923341 ], [ -71.97682498158585, -4.61140934792672 ], [ -71.983856481591957, -4.603452347919307 ], [ -71.993733731600571, -4.609019472924521 ], [ -71.981204106589644, -4.626011222940327 ], [ -72.002188106607889, -4.629050347943165 ], [ -72.005987106611187, -4.64528222295829 ], [ -72.015546606619523, -4.631080972945059 ], [ -72.042443231643048, -4.62290297293749 ], [ -72.037939731639085, -4.642823222956022 ], [ -72.045910606646075, -4.644425722957526 ], [ -72.04642173164649, -4.654220097966635 ], [ -72.058104856656755, -4.649364722962149 ], [ -72.068193106665589, -4.659234847971331 ], [ -72.059669606658119, -4.673352972984486 ], [ -72.064988231662767, -4.67614359798708 ], [ -72.070803981667893, -4.662880722974736 ], [ -72.080280731676226, -4.668669847980148 ], [ -72.077421106673697, -4.681171847991778 ], [ -72.089370481684213, -4.681088972991694 ], [ -72.101306231694693, -4.705505848014456 ], [ -72.124670106715357, -4.71576247302404 ], [ -72.125110481715723, -4.733600598040629 ], [ -72.133079106722761, -4.733300348040381 ], [ -72.127261856717638, -4.722514348030318 ], [ -72.140356231729228, -4.711507973020062 ], [ -72.146727731734885, -4.72390672303163 ], [ -72.161509106747985, -4.728796848036194 ], [ -72.159312606746013, -4.73526197304222 ], [ -72.171897481757199, -4.733894348040957 ], [ -72.193226731776193, -4.745816098052073 ], [ -72.18735573177095, -4.75048534805639 ], [ -72.192364731775399, -4.762948348068032 ], [ -72.20927910679049, -4.747459973053609 ], [ -72.221919231801792, -4.755126973060742 ], [ -72.21251160679337, -4.759395598064727 ], [ -72.215081106795665, -4.767034973071833 ], [ -72.243510981821061, -4.781360473085186 ], [ -72.255722856832023, -4.765460098070382 ], [ -72.261428231837115, -4.780752598084643 ], [ -72.254037606830494, -4.79125147309441 ], [ -72.265420606840692, -4.786167848089684 ], [ -72.271153481845843, -4.798352098101029 ], [ -72.283862731857241, -4.795561598098461 ], [ -72.276582606850695, -4.788861598092208 ], [ -72.278046856852043, -4.7710272230756 ], [ -72.283268731856722, -4.783418723087145 ], [ -72.301420731873037, -4.77537884807965 ], [ -72.306504481877596, -4.790422598093675 ], [ -72.313190606883637, -4.785670473089232 ], [ -72.310496856881201, -4.774439473078802 ], [ -72.326880731895955, -4.779992848083958 ], [ -72.3197109818895, -4.788585348091955 ], [ -72.322722481892214, -4.811696723113487 ], [ -72.325264481894507, -4.801736598104192 ], [ -72.338650481906555, -4.804457973106762 ], [ -72.338982356906854, -4.793179848096257 ], [ -72.344839231912161, -4.806709723108864 ], [ -72.370706356935514, -4.804802348107076 ], [ -72.358843606924779, -4.823386848124382 ], [ -72.37497260693938, -4.821944348123066 ], [ -72.382216106945904, -4.826271973127077 ], [ -72.372332981936978, -4.83241059813278 ], [ -72.389060606952114, -4.833285348133627 ], [ -72.375340981939686, -4.837566973137601 ], [ -72.383720106947266, -4.849629223148853 ], [ -72.380251731944128, -4.858514848157123 ], [ -72.389674481952667, -4.861829598160218 ], [ -72.381433481945194, -4.871988973169683 ], [ -72.399158606961251, -4.873815223171381 ], [ -72.406110481967559, -4.888655223185196 ], [ -72.41240248197326, -4.876362723173769 ], [ -72.421855981981807, -4.875994348173412 ], [ -72.415655981976172, -4.900978348196671 ], [ -72.428332106987682, -4.90153084819718 ], [ -72.433830106992687, -4.910687348205728 ], [ -72.442957232000964, -4.898200598194108 ], [ -72.454666607011589, -4.900794223196511 ], [ -72.454513107011465, -4.891494223187867 ], [ -72.47042735702594, -4.891125973187533 ], [ -72.469190482024814, -4.905285473200725 ], [ -72.463218732019385, -4.902669973198257 ], [ -72.451348482008584, -4.915687973210373 ], [ -72.458414982015015, -4.9241810982183 ], [ -72.473733357028948, -4.924554098218644 ], [ -72.482028982036482, -4.950801723243098 ], [ -72.487954482041886, -4.950296973242632 ], [ -72.487731107041668, -4.933385098226886 ], [ -72.496776732049938, -4.949989723242353 ], [ -72.506740357059016, -4.945139598237829 ], [ -72.504940732057349, -4.935812473229164 ], [ -72.521158857072152, -4.932871723226412 ], [ -72.522168482073056, -4.960019098251704 ], [ -72.527251232077703, -4.953409598245537 ], [ -72.538803607088269, -4.96410097325549 ], [ -72.536894232086524, -4.953654723245775 ], [ -72.55193648210026, -4.955560723247558 ], [ -72.568000107114941, -4.983717598273763 ], [ -72.582986982128645, -4.981524848271747 ], [ -72.584673732130199, -4.997964848287051 ], [ -72.597999482142384, -4.983860348273935 ], [ -72.597830982142241, -4.994850723284165 ], [ -72.609833357153221, -4.996005473285226 ], [ -72.598505732142854, -4.999989098288939 ], [ -72.612233857155431, -5.01655872330436 ], [ -72.606213107149927, -5.03097459831781 ], [ -72.617115357159889, -5.035958098322451 ], [ -72.621197857163637, -5.051804098337215 ], [ -72.628808107170599, -5.038353223324694 ], [ -72.628412232170234, -5.050876723336329 ], [ -72.641421232182168, -5.062989473347617 ], [ -72.642011232182711, -5.044972473330837 ], [ -72.657373482196817, -5.063626723348231 ], [ -72.657491357196932, -5.054529723339762 ], [ -72.665986732204729, -5.059119473344032 ], [ -72.670827982209161, -5.047255348332994 ], [ -72.692451857229031, -5.060901098345684 ], [ -72.709017607244277, -5.048370598334022 ], [ -72.715188482249943, -5.057455848342492 ], [ -72.72764823226143, -5.051992848337413 ], [ -72.726220482260103, -5.061668098346396 ], [ -72.737603857270585, -5.06122834834601 ], [ -72.729866357263447, -5.074399098358256 ], [ -72.73809035727102, -5.075531848359314 ], [ -72.739860107272634, -5.088593348371489 ], [ -72.75636685728783, -5.076617348360337 ], [ -72.768024357298586, -5.099224223381379 ], [ -72.784188732313481, -5.093312848375888 ], [ -72.779056357308733, -5.102008723383976 ], [ -72.78594698231511, -5.113441973394633 ], [ -72.790524982319297, -5.105843473387552 ], [ -72.801026107328994, -5.111365348392697 ], [ -72.818311607344953, -5.102775598384718 ], [ -72.815361857342211, -5.139140098418584 ], [ -72.822307607348634, -5.131679098411606 ], [ -72.823479482349725, -5.144036723423152 ], [ -72.833555857358988, -5.138491223417968 ], [ -72.84951985737375, -5.145948223424913 ], [ -72.850853107374974, -5.136013473415659 ], [ -72.887569732408878, -5.164011348441734 ], [ -72.884207232405785, -5.175251973452197 ], [ -72.877193607399306, -5.174179098451195 ], [ -72.879990232401866, -5.186890598463051 ], [ -72.875784607397989, -5.176677098453533 ], [ -72.869027232391744, -5.179062973455769 ], [ -72.876729357398858, -5.188414223464465 ], [ -72.86936360739206, -5.200855973476068 ], [ -72.875736482397954, -5.203674098478689 ], [ -72.864896107387921, -5.207677223482397 ], [ -72.863903232387003, -5.234001848506924 ], [ -72.873270607395682, -5.248893473520786 ], [ -72.86223798238548, -5.247500348519484 ], [ -72.871076857393646, -5.263464848534373 ], [ -72.860524607383894, -5.271166848541527 ], [ -72.867890357390678, -5.274449348544589 ], [ -72.867778357390591, -5.290734223559767 ], [ -72.876457232398621, -5.28906884855822 ], [ -72.870452357393049, -5.293776473562601 ], [ -72.874503607396818, -5.303848348571981 ], [ -72.888642607409864, -5.306906723574843 ], [ -72.882525857404204, -5.310621598578286 ], [ -72.89184510741282, -5.317715098584891 ], [ -72.888146232409412, -5.323591723590387 ], [ -72.904161357424201, -5.333809098599867 ], [ -72.90353423242361, -5.340004598605664 ], [ -72.896088357416744, -5.332462598598642 ], [ -72.890291857411398, -5.350844973615761 ], [ -72.903950482424023, -5.352926598617686 ], [ -72.907249107427077, -5.370988723634518 ], [ -72.920283232439118, -5.375952598639133 ], [ -72.92414235744269, -5.407609348668629 ], [ -72.938659732456131, -5.418523473678791 ], [ -72.932107357450036, -5.42687159868656 ], [ -72.952814857469193, -5.444651723703109 ], [ -72.945918857462829, -5.453689223711522 ], [ -72.958884732474814, -5.466128848723133 ], [ -72.95843373247439, -5.480899723736883 ], [ -72.949042732465713, -5.479878098735912 ], [ -72.961599232477326, -5.495300723750287 ], [ -72.960593732476411, -5.521978098775139 ], [ -72.954408607470668, -5.523589098776642 ], [ -72.952857482469241, -5.544867473796462 ], [ -72.938573857456021, -5.541279973793102 ], [ -72.957308732473336, -5.558194473808873 ], [ -72.95014698246672, -5.563575723813895 ], [ -72.961294857477029, -5.573102598822762 ], [ -72.952977107469351, -5.577473973826846 ], [ -72.960763357476566, -5.579892348829076 ], [ -72.951648357468102, -5.582669348831669 ], [ -72.973678357488495, -5.612910723859842 ], [ -72.959115732475013, -5.656891098900789 ], [ -72.985570357499498, -5.661275848904872 ], [ -72.989556482503218, -5.6745097239172 ], [ -72.979936607494295, -5.678495848920908 ], [ -72.984215107498272, -5.693510348934892 ], [ -72.99295798250634, -5.696340348937522 ], [ -72.990672607504237, -5.706212848946731 ], [ -72.998418982511396, -5.70056572394149 ], [ -73.003986232516567, -5.708471598948823 ], [ -72.995110482508338, -5.715832723955694 ], [ -73.003175732515828, -5.720204098959762 ], [ -73.000465232513307, -5.728521848967525 ], [ -73.007905982520199, -5.724336473963606 ], [ -73.00523523251772, -5.732321973971047 ], [ -73.027531107538394, -5.733411473972068 ], [ -73.019186732530656, -5.740520098978704 ], [ -73.046398732555886, -5.75934797399624 ], [ -73.04271823255246, -5.775544974011304 ], [ -73.054649982563532, -5.775637974011385 ], [ -73.049042857558334, -5.782666849017946 ], [ -73.053029107561997, -5.795169974029567 ], [ -73.06229010757059, -5.793615349028133 ], [ -73.067259482575196, -5.802172099036087 ], [ -73.070860357578553, -5.796565099030898 ], [ -73.072999482580528, -5.805148599038868 ], [ -73.079789232586833, -5.801202349035222 ], [ -73.084785232591457, -5.811446724044762 ], [ -73.075484232582824, -5.809799099043207 ], [ -73.076467482583737, -5.816442599049411 ], [ -73.095396982601315, -5.821176224053815 ], [ -73.08766848259414, -5.820242724052938 ], [ -73.089090232595453, -5.830234599062246 ], [ -73.101314357606796, -5.825743599058075 ], [ -73.114216107618759, -5.83318434906501 ], [ -73.117019732621358, -5.864329349094005 ], [ -73.122361107626304, -5.857831974087935 ], [ -73.128207482631751, -5.870574349099816 ], [ -73.135754607638745, -5.863425849093163 ], [ -73.1348509826379, -5.86964422409896 ], [ -73.15206798265389, -5.867959599097377 ], [ -73.161163732662331, -5.885337474113571 ], [ -73.156123607657662, -5.880845224109394 ], [ -73.153612357655305, -5.886864349114989 ], [ -73.167324732668035, -5.897121974124542 ], [ -73.161225857662387, -5.907857974134529 ], [ -73.167656857668362, -5.907645224134321 ], [ -73.1721079826725, -5.930113849155259 ], [ -73.179601982679443, -5.926792099152165 ], [ -73.186949732686273, -5.944716349168866 ], [ -73.177340357677352, -5.97085272419322 ], [ -73.194173857692988, -5.990555974211548 ], [ -73.186802482686133, -6.005125349225141 ], [ -73.208981232706719, -6.008637599228411 ], [ -73.21838623271546, -6.019875224238882 ], [ -73.209400107707111, -6.022103099240943 ], [ -73.222341107719146, -6.022061974240922 ], [ -73.217994482715113, -6.027569224246026 ], [ -73.236294607732077, -6.035694474253599 ], [ -73.238212732733871, -6.043992474261317 ], [ -73.227543857723958, -6.043580849260959 ], [ -73.235380857731229, -6.051327349268165 ], [ -73.228786857725112, -6.053599349270287 ], [ -73.234499982730441, -6.063486099279488 ], [ -73.227467607723895, -6.076697849291803 ], [ -73.23956898273515, -6.077387349292452 ], [ -73.231120732727291, -6.091340849305411 ], [ -73.237644732733344, -6.090558724304703 ], [ -73.235730732731554, -6.100746099314192 ], [ -73.248192107743151, -6.108021224320961 ], [ -73.246751482741786, -6.149285099359383 ], [ -73.216271857713508, -6.18318097439098 ], [ -73.21560298271288, -6.19247309939962 ], [ -73.224226232720866, -6.194366474401391 ], [ -73.211209107708797, -6.201713724408215 ], [ -73.220285107717231, -6.219577474424841 ], [ -73.212830107710289, -6.226093724430927 ], [ -73.208595357706358, -6.219536474424816 ], [ -73.186666982685978, -6.262065849464448 ], [ -73.180605982680362, -6.257291224459965 ], [ -73.160704732661884, -6.27666772447804 ], [ -73.15791598265929, -6.322551724520752 ], [ -73.152534232654318, -6.329343349527082 ], [ -73.147275982649404, -6.323066224521251 ], [ -73.15054823265244, -6.338398724535521 ], [ -73.143005607645435, -6.334838224532199 ], [ -73.140896107643499, -6.358742474554478 ], [ -73.132046482635275, -6.362652724558097 ], [ -73.135575982638585, -6.380259224574498 ], [ -73.129864982633251, -6.37505247456965 ], [ -73.127909982631422, -6.393204349586563 ], [ -73.118576607622785, -6.388656099582336 ], [ -73.104725982609921, -6.406663974599084 ], [ -73.105775482610895, -6.419403224610955 ], [ -73.121190232625182, -6.431741224622466 ], [ -73.111167607615911, -6.453566724642797 ], [ -73.119790857623912, -6.467952474656181 ], [ -73.118555982622766, -6.462004724650653 ], [ -73.129741482633136, -6.463579224652105 ], [ -73.127909982631422, -6.476925599664515 ], [ -73.142532232644982, -6.490765974677432 ], [ -73.131953857635196, -6.49675484968301 ], [ -73.134351482637413, -6.508228349693699 ], [ -73.140803607643406, -6.515009724699999 ], [ -73.14037123264302, -6.505439724691081 ], [ -73.145166482647454, -6.50832097469378 ], [ -73.151711107653526, -6.527090349711241 ], [ -73.164966482665818, -6.531117974715015 ], [ -73.170739357671195, -6.517881599702683 ], [ -73.173039482673317, -6.527778974711913 ], [ -73.187966607687201, -6.523016349707465 ], [ -73.175769107675876, -6.535366599718963 ], [ -73.18726035768654, -6.540739974723978 ], [ -73.181820107681474, -6.545979724728856 ], [ -73.199534107697929, -6.546705099729534 ], [ -73.193349482692199, -6.55423534973653 ], [ -73.20297010770112, -6.553204599735584 ], [ -73.196107732694742, -6.562872849744599 ], [ -73.206692232704569, -6.577112849757843 ], [ -73.219115857716133, -6.563671349745337 ], [ -73.229903732726143, -6.572865599753895 ], [ -73.226973607723437, -6.58858484976852 ], [ -73.24212985773751, -6.583955974764216 ], [ -73.237997232733676, -6.592736599772393 ], [ -73.250719607745495, -6.580997224761458 ], [ -73.268299982761832, -6.593461974773072 ], [ -73.275381732768409, -6.584919974765122 ], [ -73.2923788577842, -6.58768209976768 ], [ -73.296960982788448, -6.597154349776513 ], [ -73.315922982806086, -6.590848099770621 ], [ -73.329573607818773, -6.600411349779542 ], [ -73.333267232822209, -6.59353947477315 ], [ -73.352808857840387, -6.593267474772897 ], [ -73.368470857854931, -6.613467724791698 ], [ -73.372937732859114, -6.608120599786729 ], [ -73.382634732868112, -6.621970849799635 ], [ -73.379573982865281, -6.635184599811942 ], [ -73.391149732876016, -6.641928474818211 ], [ -73.415025857898243, -6.642929224819143 ], [ -73.424854107907379, -6.655020349830424 ], [ -73.440298482921747, -6.651913599827523 ], [ -73.46404748294384, -6.669060724843493 ], [ -73.472135607951373, -6.664340724839096 ], [ -73.485324607963634, -6.674519974848558 ], [ -73.501814607979, -6.671487849845736 ], [ -73.536392608011155, -6.68339972485683 ], [ -73.56179223303478, -6.722033099892834 ], [ -73.58713210805837, -6.723623849894298 ], [ -73.624159983092852, -6.745159974914363 ], [ -73.624399983093099, -6.752829974921505 ], [ -73.638259983105982, -6.754149974922716 ], [ -73.666369983132142, -6.80554997497061 ], [ -73.681979983146661, -6.814259974978719 ], [ -73.695949983159679, -6.839969975002649 ], [ -73.710459983173166, -6.840189975002865 ], [ -73.722270108184176, -6.884599975044216 ], [ -73.747439983207613, -6.909029975066991 ], [ -73.76154998322076, -6.938669975094577 ], [ -73.743889983204326, -6.96415997511834 ], [ -73.761279983220504, -6.977729975130971 ], [ -73.759969983219293, -7.057569975205308 ], [ -73.787069983244507, -7.090289975235789 ], [ -73.783979983241622, -7.103649975248253 ], [ -73.799862358256405, -7.117095475260765 ], [ -73.794624733251538, -7.130019975272781 ], [ -73.782636608240395, -7.130616850273347 ], [ -73.789323733246604, -7.144486600286269 ], [ -73.769034233227714, -7.154948225296023 ], [ -73.76983798322847, -7.169147225309229 ], [ -73.756106108215704, -7.174129975313884 ], [ -73.756035108215627, -7.195699225333975 ], [ -73.742459233202979, -7.219493725356123 ], [ -73.716619108178918, -7.227558225363638 ], [ -73.721073233183049, -7.23705022537248 ], [ -73.709118608171948, -7.246310100381115 ], [ -73.715996733178343, -7.273710975406626 ], [ -73.694879108158673, -7.299067225430218 ], [ -73.700393608163822, -7.322462350452029 ], [ -73.710933358173648, -7.32271210045226 ], [ -73.727002483188585, -7.344375600472423 ], [ -73.754639983214318, -7.353785975481187 ], [ -73.752903358212706, -7.340390100468725 ], [ -73.761626233220809, -7.336904350465471 ], [ -73.781361858239194, -7.338747475467211 ], [ -73.789022858246327, -7.347742350475571 ], [ -73.821096983276192, -7.338617600467065 ], [ -73.829980858284472, -7.351907600479438 ], [ -73.853662483306522, -7.354309600481676 ], [ -73.863547858315712, -7.389246975514208 ], [ -73.887328608337867, -7.378916225504595 ], [ -73.903865858353257, -7.385697725510933 ], [ -73.906700858355904, -7.373418350499473 ], [ -73.921759483369911, -7.361760475488623 ], [ -73.934965733382214, -7.377257975503039 ], [ -73.951172233397315, -7.357483475484647 ], [ -73.955550483401382, -7.370832350497092 ], [ -73.938768483385772, -7.408177350531865 ], [ -73.921741983369898, -7.419884975542754 ], [ -73.925094983373029, -7.428128850550439 ], [ -73.909759358358755, -7.472987850592214 ], [ -73.923681483371709, -7.47995160059868 ], [ -73.918339358366737, -7.503859225620969 ], [ -73.941710608388505, -7.533433725648502 ], [ -73.98303323342698, -7.534361350649385 ], [ -74.012091858454042, -7.513884725630293 ], [ -74.018373108459897, -7.491445350609399 ], [ -74.036473858476754, -7.481244475599888 ], [ -74.039109483479209, -7.448879475569769 ], [ -74.13293685856658, -7.400802350524992 ], [ -74.1416364835747, -7.377771725503535 ], [ -74.180856858611207, -7.358747225485805 ], [ -74.233726608660447, -7.360015600486992 ], [ -74.253658983679003, -7.343682475471797 ], [ -74.28403685870731, -7.354202225481595 ], [ -74.344313483763443, -7.344729600472744 ], [ -74.361566858779526, -7.336606725465195 ], [ -74.370177983787528, -7.317272100447201 ], [ -74.413827233828187, -7.314896850444981 ], [ -74.431321358844485, -7.301594850432575 ], [ -74.444447233856692, -7.307129225437749 ], [ -74.46352085887446, -7.298596850429807 ], [ -74.472044983882412, -7.275466475408264 ], [ -74.500091233908535, -7.262049475395767 ], [ -74.535522858941533, -7.293768850425304 ], [ -74.534690233940751, -7.318203600448062 ], [ -74.566011358969917, -7.359707725486703 ], [ -74.579521358982504, -7.409929475533477 ], [ -74.616073859016552, -7.435037600556878 ], [ -74.642902109041529, -7.500086475617445 ], [ -74.643144359041742, -7.562285100675368 ], [ -74.608795109009776, -7.608782100718674 ], [ -74.576227108979424, -7.637229850745169 ], [ -74.570820483974387, -7.66848822577429 ], [ -74.583455233986172, -7.685068600789734 ], [ -74.582083983984887, -7.706013725809234 ], [ -74.558935233963325, -7.747465225847852 ], [ -74.524341483931096, -7.757133850856842 ], [ -74.515609608922972, -7.777825225876103 ], [ -74.569745108973407, -7.815980475911656 ], [ -74.598174358999884, -7.864730475957046 ], [ -74.610144484011016, -7.913982476002926 ], [ -74.627984234027622, -7.939828101026973 ], [ -74.668440484065314, -7.945642101032393 ], [ -74.711275359105201, -7.97900235106347 ], [ -74.727944484120741, -7.98100897606536 ], [ -74.7790259841683, -8.04237635112249 ], [ -74.840384734225438, -8.058351601137385 ], [ -74.887928109269723, -8.084199476161439 ], [ -74.953404734330718, -8.012707476094869 ], [ -74.982259734357584, -7.968986351054154 ], [ -75.005531234379248, -7.970152351055239 ], [ -75.03334960940515, -7.950054726036505 ], [ -75.092217359459994, -7.973675726058514 ], [ -75.144109859508319, -7.979091726063544 ], [ -75.149434734513278, -8.001818851084717 ], [ -75.185697359547049, -8.018442601100206 ], [ -75.195902859556554, -8.052686226132089 ], [ -75.189321484550419, -8.079044226156665 ], [ -75.212493484572008, -8.100482476176607 ], [ -75.212404984571918, -8.123931976198458 ], [ -75.23568273459361, -8.140100726213516 ], [ -75.235406234593341, -8.150501851223193 ], [ -75.247284109604408, -8.154772476227167 ], [ -75.287892234642214, -8.125490726199892 ], [ -75.323525984675399, -8.139309851212763 ], [ -75.34553773469591, -8.129410351203569 ], [ -75.376146984724414, -8.138777101212298 ], [ -75.39813148474488, -8.168468726239947 ], [ -75.429781109774353, -8.166522726238112 ], [ -75.43923885978316, -8.174874601245897 ], [ -75.437633359781671, -8.194849976264509 ], [ -75.453716109796673, -8.211740851280229 ], [ -75.448400484791705, -8.220482476288351 ], [ -75.471070109812814, -8.240949226307423 ], [ -75.471679734813392, -8.252567101318244 ], [ -75.488445484828986, -8.264096976328982 ], [ -75.50287723484243, -8.289411851352568 ], [ -75.490935109831327, -8.314906851376309 ], [ -75.504373609843839, -8.350513351409484 ], [ -75.480780109821865, -8.363249351421318 ], [ -75.479374734820539, -8.379184101436175 ], [ -75.43478273477902, -8.393303976449333 ], [ -75.437660234781703, -8.434659601487843 ], [ -75.490096359830545, -8.441683601494383 ], [ -75.549119484885495, -8.466590226517578 ], [ -75.584647109918592, -8.440246226493056 ], [ -75.581747609915908, -8.426838726480545 ], [ -75.599062984932033, -8.411977726466702 ], [ -75.645119984974912, -8.408894976463825 ], [ -75.688169735015009, -8.42361835147755 ], [ -75.707009610032543, -8.439324851492181 ], [ -75.71647036004137, -8.487328476536886 ], [ -75.786927860106971, -8.496680976545594 ], [ -75.783192735103526, -8.503606351552062 ], [ -75.790144110109992, -8.5116211015595 ], [ -75.779639235100205, -8.54741535159285 ], [ -75.795461360114928, -8.592495351634842 ], [ -75.818597860136492, -8.617888476658488 ], [ -75.818234735136144, -8.636070976675411 ], [ -75.833387110150255, -8.652288601690538 ], [ -75.889765985202772, -8.659662976697387 ], [ -75.899980485212268, -8.67815047671461 ], [ -75.945750110254892, -8.716138726749977 ], [ -75.964896485272732, -8.695748101730993 ], [ -75.979759735286549, -8.636001976675367 ], [ -75.965023485272837, -8.579974601623169 ], [ -75.970726610278149, -8.512400351560228 ], [ -75.95453123526309, -8.49948635154821 ], [ -75.967554735275186, -8.45992572651137 ], [ -75.942298860251697, -8.42765822648132 ], [ -75.950845735259634, -8.388404351444748 ], [ -75.985550735291937, -8.328216851388692 ], [ -75.973191235280453, -8.316775726378067 ], [ -75.948657985257597, -8.318280101379447 ], [ -75.925501735236054, -8.305193351367272 ], [ -75.914351110225653, -8.282828976346442 ], [ -75.918583860229603, -8.264069351328962 ], [ -75.912885860224293, -8.256099976321552 ], [ -75.926474610236951, -8.206219226275094 ], [ -75.941164860250638, -8.186183976256434 ], [ -75.934026985243975, -8.134428476208218 ], [ -75.940637235250136, -8.110459226185917 ], [ -75.951802985260542, -8.101295226177358 ], [ -75.929364735239631, -8.089302851166222 ], [ -75.920988485231845, -8.073119351151137 ], [ -75.88730598520047, -8.074876976152764 ], [ -75.844932735160995, -8.059638101138567 ], [ -75.829492860146615, -7.97349585105833 ], [ -75.85879323517392, -7.921125351009576 ], [ -75.895207610207819, -7.933930476021503 ], [ -75.927837860238213, -7.957255976043229 ], [ -75.939455610249055, -7.946120101032861 ], [ -75.966979485274649, -7.960359351046109 ], [ -75.993509735299355, -7.953566351039788 ], [ -75.985855485292248, -7.91714435100586 ], [ -75.975661485282743, -7.908968100998258 ], [ -75.988166985294399, -7.892326600982738 ], [ -76.006039735311035, -7.890586850981144 ], [ -76.008491735313314, -7.856042600948958 ], [ -76.037301110340152, -7.81692647591252 ], [ -76.043802985346204, -7.792343600889631 ], [ -76.060550985361814, -7.787813850885395 ], [ -76.067070235367865, -7.769289600868174 ], [ -76.084435110384049, -7.762560975861893 ], [ -76.086673860386142, -7.729231725830853 ], [ -76.101592610400047, -7.72266397582475 ], [ -76.101332110399781, -7.650456350757503 ], [ -76.082374985382117, -7.631888725740185 ], [ -76.082855485382581, -7.619652350728805 ], [ -76.093871485392825, -7.609725975719551 ], [ -76.084904735384484, -7.60511835071527 ], [ -76.079718610379658, -7.584335975695915 ], [ -76.087253735386682, -7.580747725692572 ], [ -76.091373610390505, -7.560355725673573 ], [ -76.115670985413118, -7.562502725675584 ], [ -76.121910860418922, -7.525992350641579 ], [ -76.16727536046119, -7.493017600610861 ], [ -76.204396860495763, -7.431326850553421 ], [ -76.215408110506004, -7.395333100519894 ], [ -76.195918235487852, -7.334402850463154 ], [ -76.213111360503859, -7.310142600440563 ], [ -76.166661485460622, -7.267596350400926 ], [ -76.159275610453733, -7.230568600366424 ], [ -76.145714985441103, -7.217929225354661 ], [ -76.143525235439057, -7.203962475341664 ], [ -76.059944985361241, -7.161301225301928 ], [ -76.046585610348799, -7.121430225264803 ], [ -76.023301235327125, -7.114306850258168 ], [ -76.010717110315397, -7.078379850224686 ], [ -76.008113235312962, -7.002220725153785 ], [ -76.020490110324502, -6.989657350142077 ], [ -76.035640110338605, -6.993146475145314 ], [ -76.051844235353698, -6.937871600093835 ], [ -76.046402360348637, -6.924931600081781 ], [ -76.015735860320049, -6.913700975071328 ], [ -76.010646735315333, -6.890421350049666 ], [ -76.035003860337994, -6.864986350025975 ], [ -76.051043485352935, -6.810923099975615 ], [ -76.011584860316205, -6.806022224971048 ], [ -76.000580110305961, -6.795063224960819 ], [ -75.983833110290348, -6.793753224959604 ], [ -75.980162235286926, -6.800068974965492 ], [ -75.964951110272764, -6.788406599954656 ], [ -75.942950735252282, -6.795029099960807 ], [ -75.915355610226584, -6.790635974956711 ], [ -75.877515860191352, -6.802298349967582 ], [ -75.843875360160013, -6.797261724962893 ], [ -75.813933485132139, -6.817225474981465 ], [ -75.81397186013217, -6.825477974989174 ], [ -75.794183360113749, -6.821401599985381 ], [ -75.780539110101046, -6.848412100010521 ], [ -75.746056610068905, -6.856546850018088 ], [ -75.724795860049113, -6.850874475012809 ], [ -75.700805610026777, -6.869113975029797 ], [ -75.68998636001669, -6.861267600022487 ], [ -75.68675411001368, -6.846142850008398 ], [ -75.672915235000801, -6.844396975006777 ], [ -75.659671984988478, -6.819332099983433 ], [ -75.642696109972661, -6.81556072497993 ], [ -75.633442234964036, -6.843062350005548 ], [ -75.616888359948632, -6.841188725003787 ], [ -75.576786234911282, -6.820988849984989 ], [ -75.572101484906909, -6.807212224972159 ], [ -75.507998109847222, -6.780379849947155 ], [ -75.500380859840106, -6.75728509992565 ], [ -75.506207109845548, -6.697052974869552 ], [ -75.500228484839965, -6.640322224816716 ], [ -75.509304734848428, -6.582978474763321 ], [ -75.502983484842531, -6.552228724734677 ], [ -75.5095966098487, -6.492141349678721 ], [ -75.524227484862337, -6.475579599663305 ], [ -75.520141234858528, -6.464820724653279 ], [ -75.529849359867569, -6.440098099630235 ], [ -75.539002859876092, -6.435132974625619 ], [ -75.533730484871171, -6.416300724608086 ], [ -75.543418109880207, -6.406865224599311 ], [ -75.536447109873706, -6.391540224585013 ], [ -75.550094984886414, -6.347707974544189 ], [ -75.490310859830743, -6.267036224469061 ], [ -75.487832109828418, -6.199042974405731 ], [ -75.526777359864695, -6.162134724371356 ], [ -75.532793734870296, -6.095599474309418 ], [ -75.565029234900322, -6.025544974244149 ], [ -75.568929609903961, -6.000388599220732 ], [ -75.621070234952541, -6.029380849247731 ], [ -75.629209984960085, -6.082989974297647 ], [ -75.651699984981036, -6.097909974311555 ], [ -75.680049985007457, -6.09530997430915 ], [ -75.711419985036656, -6.135399974346451 ], [ -75.726639985050838, -6.144009974354477 ], [ -75.758030110080057, -6.141449974352097 ], [ -75.771159985092311, -6.147649974357883 ], [ -75.769519985090767, -6.125079974336869 ], [ -75.814189985132373, -6.100879974314322 ], [ -75.834450610151237, -6.139095474349913 ], [ -75.903590110215646, -6.13590197434692 ], [ -75.916992235228122, -6.141723099352369 ], [ -75.933104610243134, -6.134945849346064 ], [ -75.965435235273205, -6.09519809930902 ], [ -75.993077360298955, -6.091731849305796 ], [ -76.030521610333821, -6.098523349312129 ], [ -76.088501860387836, -6.155007724364743 ], [ -76.135234110431327, -6.177516724385697 ], [ -76.223630860513666, -6.166031224374998 ], [ -76.269666235556528, -6.106889474319936 ], [ -76.303500985588016, -6.099618474313129 ], [ -76.319862235603253, -6.080145474294987 ], [ -76.315339860599025, -6.05406634927073 ], [ -76.334006110616414, -6.042106849259599 ], [ -76.37278711065251, -5.973759724195928 ], [ -76.400008735677858, -5.953663224177208 ], [ -76.412269485689251, -5.950664099174419 ], [ -76.50437936077499, -6.003909974223992 ], [ -76.519018110788608, -6.003399474223523 ], [ -76.553440360820602, -6.023323474242079 ], [ -76.618281235880943, -6.014398474233786 ], [ -76.640011360901127, -6.002604724222802 ], [ -76.710769485966907, -6.013665974233101 ], [ -76.750323861003665, -6.002815474222985 ], [ -76.754891361007921, -5.993423349214249 ], [ -76.745584985999287, -5.974896099196981 ], [ -76.746728111000309, -5.95402759917754 ], [ -76.764632736016964, -5.946621349170639 ], [ -76.777743611029152, -5.900554974127736 ], [ -76.820203486068564, -5.859285849089291 ], [ -76.826338861074262, -5.817847474050713 ], [ -76.816328736064975, -5.807566224041142 ], [ -76.829422611077149, -5.777340724012973 ], [ -76.824604236072645, -5.757296098994325 ], [ -76.835451111082719, -5.745555348983383 ], [ -76.861831986107205, -5.739726473977957 ], [ -76.892843611135987, -5.74778247398545 ], [ -76.934434736174566, -5.711487973951646 ], [ -76.972908236210216, -5.698953098939969 ], [ -76.995605611231255, -5.667119098910324 ], [ -77.048746736280464, -5.674542973917221 ], [ -77.091796611320291, -5.65423272389832 ], [ -77.1029667363306, -5.655777348899757 ], [ -77.138049611363044, -5.631888348877495 ], [ -77.183445486404935, -5.621488473867814 ], [ -77.200780861420952, -5.626561973872539 ], [ -77.223946236442288, -5.611375848858399 ], [ -77.231941361449671, -5.595460973843569 ], [ -77.265800986480883, -5.613969473860786 ], [ -77.279909861493849, -5.601084973848803 ], [ -77.337026236546365, -5.604026348851525 ], [ -77.371820361578287, -5.56710547381712 ], [ -77.404240736608003, -5.57436559882387 ], [ -77.410599611613847, -5.589753848838196 ], [ -77.432005861633442, -5.583142598832038 ], [ -77.432117611633558, -5.595184723843261 ], [ -77.460831111659786, -5.5846939738335 ], [ -77.472751736670673, -5.554786848805619 ], [ -77.490189361686589, -5.562460848812786 ], [ -77.507365236702256, -5.552664098803624 ], [ -77.492271486688495, -5.519704473772951 ], [ -77.500432111695943, -5.515341223768871 ], [ -77.518074361711996, -5.465543848722488 ], [ -77.558119111748411, -5.425578098685282 ], [ -77.579490611767838, -5.459806098717146 ], [ -77.59481011178174, -5.464224223721219 ], [ -77.606973986792781, -5.44858309870667 ], [ -77.660005736840731, -5.424744723684449 ], [ -77.671869736851434, -5.408771223669548 ], [ -77.697646736874674, -5.4094608486702 ], [ -77.703010111879493, -5.382112473644724 ], [ -77.6823891118609, -5.340105098605602 ], [ -77.684148236862455, -5.295881223564418 ], [ -77.699090486875875, -5.253975973525367 ], [ -77.739707861912336, -5.211856598486136 ], [ -77.708242611884074, -5.190907348466648 ], [ -77.695280986872419, -5.16474034844229 ], [ -77.719996361894644, -5.140624348419795 ], [ -77.745285111917326, -5.133017598412705 ], [ -77.774286736943267, -5.097177973379314 ], [ -77.80132223696738, -5.085971848368841 ], [ -77.808783486974065, -5.092501973374924 ], [ -77.820254736984253, -5.089396223372021 ], [ -77.811931611976831, -5.054714848339744 ], [ -77.813874736978576, -5.039809473325861 ], [ -77.825957986989309, -5.035050473321421 ], [ -77.758445486928977, -4.950052723242298 ], [ -77.76693161193657, -4.921218723215442 ], [ -77.760151736930496, -4.90934509820439 ], [ -77.793574861960337, -4.849963473149055 ], [ -77.791842361958771, -4.832951223133232 ], [ -77.799113486965254, -4.82459284812544 ], [ -77.78926711195642, -4.785106473088674 ], [ -77.794685361961257, -4.760216848065495 ], [ -77.789725236956812, -4.744543848050897 ], [ -77.771878861940849, -4.717558598025748 ], [ -77.731394111904606, -4.688440222998663 ], [ -77.715969736890713, -4.665087972976951 ], [ -77.694512361871446, -4.658673097970959 ], [ -77.672571736851665, -4.630480347944726 ], [ -77.652613236833631, -4.574570347892658 ], [ -77.65965336184, -4.557974222877189 ], [ -77.649015611830379, -4.546415972866432 ], [ -77.655456986836185, -4.518544972840477 ], [ -77.641352611823436, -4.510060722832575 ], [ -77.6406308618228, -4.496515597819978 ], [ -77.611020486796022, -4.494265722817896 ], [ -77.58908786177615, -4.480464847805037 ], [ -77.568275361757259, -4.420919972749591 ], [ -77.56585923675506, -4.365535722698011 ], [ -77.585550736772859, -4.251333972591633 ], [ -77.548405361739114, -4.105404847455755 ], [ -77.537877361729528, -3.961899472322097 ], [ -77.56901861175777, -3.893073972257988 ], [ -77.561493611750933, -3.876165847242232 ], [ -77.581915986769431, -3.862816347229805 ], [ -77.60923636179416, -3.825242222194788 ], [ -77.628220861811315, -3.817050722187165 ], [ -77.651914111832681, -3.780562347153185 ], [ -77.615622986799892, -3.707718722085328 ], [ -77.619966736803775, -3.622408222005893 ], [ -77.643009611824596, -3.619346347003041 ], [ -77.66667298684591, -3.571871971958791 ], [ -77.716459611890656, -3.542305096931264 ], [ -77.71513123688942, -3.514853596905708 ], [ -77.745642236916751, -3.482228971875299 ], [ -77.772543236940734, -3.428809471825533 ], [ -77.777855361945356, -3.191860721604841 ], [ -77.79093648695698, -3.117630346535706 ], [ -77.785827861952441, -3.106282721525154 ], [ -77.794452111960084, -3.089258846509282 ], [ -77.787664111954058, -3.074775346495807 ], [ -77.793147236958916, -3.043981346467108 ], [ -77.817250986980326, -3.000792096426907 ], [ -77.80861598697264, -2.986125096413226 ], [ -76.631865110893514, -2.589689221044147 ], [ -76.043425735345849, -2.12709347061328 ], [ -75.582670984916746, -1.547461095073449 ], [ -75.563565734898958, -1.562766595087713 ], [ -75.557625234893436, -1.559506595084648 ], [ -75.550361359886665, -1.501986095031086 ], [ -75.538046984875194, -1.48076922001132 ] ] ] } },
{ "type": "Feature", "properties": { "NOMBDEP": "MADRE DE DIOS", "COUNT": 11, "FIRST_IDDP": "17", "HECTARES": 8504586.569 }, "geometry": { "type": "Polygon", "coordinates": [ [ [ -70.402868105310787, -13.114412855821092 ], [ -70.404406730311166, -13.12608460583202 ], [ -70.417695105318856, -13.133089980839134 ], [ -70.409040605313351, -13.138859730844111 ], [ -70.389662105302165, -13.131538355836435 ], [ -70.40122710530801, -13.153229980857155 ], [ -70.385576855298069, -13.167038980869293 ], [ -70.388466855298617, -13.192388730892997 ], [ -70.395476480303202, -13.183050855884629 ], [ -70.464247730346315, -13.159690605865819 ], [ -70.549425230401269, -13.153170980862916 ], [ -70.586085730427328, -13.104141855818527 ], [ -70.627821730455921, -13.092316605808849 ], [ -70.660325230478421, -13.088332730806121 ], [ -70.682932230493918, -13.097624605815405 ], [ -70.685208730495276, -13.106781230823982 ], [ -70.75994123054862, -13.108095980827192 ], [ -70.799413855577939, -13.090352105811613 ], [ -70.817353480591677, -13.069851480792957 ], [ -70.842960980610812, -13.067048480790897 ], [ -70.863110355625622, -13.080324355803679 ], [ -70.89926623065324, -13.069684855794506 ], [ -70.887291105643456, -13.103364480825626 ], [ -70.921392855669367, -13.11083098083324 ], [ -70.927631355673839, -13.128779605850054 ], [ -70.942280355685028, -13.135486605856558 ], [ -70.942190230684574, -13.15649885587615 ], [ -70.977236230711654, -13.16968298088902 ], [ -70.994204605724434, -13.202222355919622 ], [ -70.990850855721447, -13.221546355937527 ], [ -71.01121285573727, -13.238714230953839 ], [ -71.012001980737466, -13.264962855978322 ], [ -71.036261230756722, -13.270494855983834 ], [ -71.09159185580171, -13.240037105956295 ], [ -71.122011730826486, -13.233529230950646 ], [ -71.131536605834441, -13.220017105938188 ], [ -71.143975605845682, -13.13723460586127 ], [ -71.161192605859995, -13.12042635584584 ], [ -71.166931855864931, -13.102146605828869 ], [ -71.161578105860997, -13.066461355795598 ], [ -71.173798855871141, -13.055007855785069 ], [ -71.166529730865662, -13.017670230750241 ], [ -71.179395105876409, -12.998342230732371 ], [ -71.171916230870522, -12.981982980717071 ], [ -71.159000605859987, -12.978678855713834 ], [ -71.162063105862643, -12.966768480702793 ], [ -71.176410105874297, -12.970943355706829 ], [ -71.195945855890471, -12.959581480696484 ], [ -71.220931605911076, -12.957663980694983 ], [ -71.230857480919127, -12.972482480708896 ], [ -71.271011730952623, -12.962492230699997 ], [ -71.272316355953777, -12.954140605692244 ], [ -71.314749980989546, -12.931482480671528 ], [ -71.35898873102731, -12.880754230624708 ], [ -71.375058356040739, -12.900546105643262 ], [ -71.396842856059408, -12.88263310562672 ], [ -71.416367231075967, -12.894062480637539 ], [ -71.417936231077391, -12.882597480626872 ], [ -71.427190356085291, -12.881973480626353 ], [ -71.423980856082608, -12.873254355618213 ], [ -71.437389356094073, -12.876267605621093 ], [ -71.448872231103991, -12.863340605609181 ], [ -71.445074231100932, -12.840731605588072 ], [ -71.456075731110346, -12.840321355587772 ], [ -71.446482856102193, -12.827215980575501 ], [ -71.459427856113336, -12.825183355573714 ], [ -71.464846481118101, -12.809697230559316 ], [ -71.495657606144803, -12.781980355533715 ], [ -71.513135731160133, -12.744386730498803 ], [ -71.523525731169087, -12.74719560550149 ], [ -71.546591356189154, -12.735416480490645 ], [ -71.552700981194604, -12.708705105465823 ], [ -71.600298481236095, -12.700058105458016 ], [ -71.638960981269861, -12.709435605466947 ], [ -71.660544981288737, -12.728923855485183 ], [ -71.694968731319008, -12.738793105494551 ], [ -71.694748106318727, -12.753736355508458 ], [ -71.708091856330441, -12.772923855526374 ], [ -71.747558606365317, -12.796164105548172 ], [ -71.760208981376564, -12.787921855540553 ], [ -71.764664106380593, -12.767458980521504 ], [ -71.799507856411623, -12.765556605519849 ], [ -71.812240231423047, -12.743857480499695 ], [ -71.881615231485156, -12.730439480487396 ], [ -71.900351606501971, -12.733355480490165 ], [ -71.918206981518026, -12.720165355477906 ], [ -71.917782106517706, -12.698914480458145 ], [ -71.967653981562634, -12.691896605451728 ], [ -71.978070481572075, -12.678938230439696 ], [ -71.970085481564908, -12.662139230424019 ], [ -71.956132356552359, -12.654458230416836 ], [ -71.95712585655329, -12.639487855402889 ], [ -71.965056731560438, -12.631967605395923 ], [ -71.966410606561737, -12.61282010537807 ], [ -71.984212981577784, -12.60816660537377 ], [ -71.981396106575303, -12.580490480347999 ], [ -72.000534981592622, -12.569615480337923 ], [ -72.028831981618268, -12.526371730297715 ], [ -72.04979023163726, -12.520946480292702 ], [ -72.057338356644109, -12.507956730280601 ], [ -72.072638231657962, -12.511065980283528 ], [ -72.078961606663739, -12.498627230271969 ], [ -72.064669481650824, -12.470226855245494 ], [ -72.06055760664718, -12.438361480215825 ], [ -72.049893106637512, -12.434442480212129 ], [ -72.047529231635409, -12.423006730201479 ], [ -72.017476606608227, -12.415178980194147 ], [ -72.009089731600682, -12.403670480183392 ], [ -71.976646856571421, -12.399453730179399 ], [ -71.963302481559467, -12.37690260515838 ], [ -71.967178981563009, -12.347641980131131 ], [ -71.945890356543913, -12.33022360511487 ], [ -72.028935731618844, -12.287234355075018 ], [ -72.04335885663194, -12.254884355044913 ], [ -72.056438981643765, -12.257278480047173 ], [ -72.075300106660904, -12.24326410503414 ], [ -72.105611356688357, -12.238792980030029 ], [ -72.092204981676304, -12.194417979988696 ], [ -72.100436231683815, -12.169418729965413 ], [ -72.087558606672161, -12.142690354940489 ], [ -72.094446606678517, -12.085190979886978 ], [ -72.173732981750547, -12.059810354863448 ], [ -72.230424606802202, -12.061778104865375 ], [ -72.268932856837353, -12.054375354858504 ], [ -72.269600231838012, -12.022836479829158 ], [ -72.259164606828477, -12.005723479813209 ], [ -72.281544481848954, -11.995797229803973 ], [ -72.28622173185326, -11.975316354784917 ], [ -72.340489731902935, -11.965767729776056 ], [ -72.336821481899605, -11.937336604749566 ], [ -72.347514231909443, -11.891267479706693 ], [ -72.331839731895116, -11.856086229673917 ], [ -72.390756856949153, -11.827556854647391 ], [ -72.390998981949394, -11.806610229627898 ], [ -72.370767981930854, -11.7849673546077 ], [ -72.385006481943918, -11.761721479586068 ], [ -72.423326856979131, -11.737818354563844 ], [ -72.428738731984112, -11.708971854536985 ], [ -72.3877102319465, -11.660459229491787 ], [ -72.390301731948867, -11.650684229482675 ], [ -72.375317356935156, -11.644165479476584 ], [ -72.375642356935444, -11.633173729466362 ], [ -72.355623106917108, -11.635025354468064 ], [ -72.348041981910157, -11.617858979452048 ], [ -72.307894481873461, -11.587537104423799 ], [ -72.313024856878187, -11.561518354399576 ], [ -72.298030356864544, -11.5041161043461 ], [ -72.304173481870166, -11.497114229339598 ], [ -72.289627731856882, -11.482852479326294 ], [ -72.287456731854917, -11.466647979311194 ], [ -72.29255073185962, -11.43327310428011 ], [ -72.270821356839818, -11.400189104249288 ], [ -72.247894481818918, -11.385005854235116 ], [ -72.239258356811121, -11.34506097919791 ], [ -72.204623356779592, -11.347432729200094 ], [ -72.217664106791517, -11.300181729156108 ], [ -72.198183356773853, -11.261696854120254 ], [ -72.19940773177504, -11.19781085406073 ], [ -72.187599606764337, -11.188628854052192 ], [ -72.179747981757259, -11.16373047902897 ], [ -72.146705106727325, -11.150138729016293 ], [ -72.120468731703667, -11.119490228987711 ], [ -72.125884731708567, -11.101150353970628 ], [ -72.149986356730381, -11.087874978958288 ], [ -72.16609185674497, -11.089580103959893 ], [ -72.169430606748023, -11.075942978947207 ], [ -72.184040231761287, -11.067460103939309 ], [ -72.17443160675262, -11.032357478906613 ], [ -72.180947231758566, -11.008505853884436 ], [ -72.158790981738463, -11.007730478883682 ], [ -72.152863231733136, -10.994214853871092 ], [ -72.139900356721427, -10.988736353865972 ], [ -72.05441310664429, -11.011073603886629 ], [ -72.011642606605932, -10.989337853866315 ], [ -71.877357481486257, -10.999927728875868 ], [ -71.867667981477723, -10.991906228868386 ], [ -71.847552731459942, -10.991411353867861 ], [ -71.833656231447648, -11.000492228876286 ], [ -71.780228481400741, -10.987814478864317 ], [ -71.751144481375292, -10.993751978869746 ], [ -71.729998231356888, -10.983586353860192 ], [ -71.716002606344674, -10.997850228873421 ], [ -71.701693981332355, -10.97383860385102 ], [ -71.693555856325247, -10.979740853856484 ], [ -71.68072285631419, -10.971558103848817 ], [ -71.661719106297724, -10.983183853859549 ], [ -71.558853606209823, -10.964802728841974 ], [ -71.531977106187128, -10.952138478830026 ], [ -71.527148856183004, -10.961727103838925 ], [ -71.508132481166953, -10.966092228842895 ], [ -71.485951356148391, -10.963790228840626 ], [ -71.472509481137223, -10.953692603831117 ], [ -71.412941356087771, -10.958068353834813 ], [ -71.393455106071798, -10.947333978824702 ], [ -71.378012356059088, -10.9534743538303 ], [ -71.354014106039557, -10.94979110382668 ], [ -71.346497356033652, -10.926515853804952 ], [ -71.317304856010196, -10.909565103788909 ], [ -71.308336981003265, -10.877813853759276 ], [ -71.291402355989774, -10.87267185375436 ], [ -71.274955105976872, -10.850716853733765 ], [ -71.257854480963957, -10.784998603672419 ], [ -71.233665605944992, -10.778149478665823 ], [ -71.227425980940282, -10.761302353650091 ], [ -71.217682355932666, -10.759848103648633 ], [ -71.223694105937682, -10.729375853620297 ], [ -71.214514730930688, -10.714916603606751 ], [ -71.229648980942798, -10.684354478578449 ], [ -71.206290980924962, -10.652160103548248 ], [ -71.220802730936384, -10.636734353534028 ], [ -71.196212855917949, -10.579861353480817 ], [ -71.165293105894364, -10.569643853470994 ], [ -71.164570855894269, -10.531261478435257 ], [ -71.142197230877386, -10.523796853428065 ], [ -71.128514355867296, -10.504735853410155 ], [ -71.078505855830144, -10.50137097840644 ], [ -71.024533480791206, -10.47820010338412 ], [ -70.993683605769817, -10.438607478346821 ], [ -70.967224605752151, -10.38134185329311 ], [ -70.964316355750853, -10.337374978252173 ], [ -70.927597605725708, -10.330851603245504 ], [ -70.875456980691666, -10.281503853198673 ], [ -70.817443355654646, -10.256857478174656 ], [ -70.761550105621026, -10.209163978129109 ], [ -70.750693355614857, -10.191011728111997 ], [ -70.717025355595354, -10.172648478094136 ], [ -70.705111480588798, -10.15868060308086 ], [ -70.708231480591138, -10.136840228060622 ], [ -70.69817385558585, -10.118031228042867 ], [ -70.649985355559906, -10.07980247800611 ], [ -70.673300730574013, -10.03400585296407 ], [ -70.66648373057096, -10.00659260293841 ], [ -70.656892855565886, -9.999729477931792 ], [ -70.667627480572548, -9.970693102905051 ], [ -70.648521480562664, -9.951576227886747 ], [ -70.65089448056446, -9.931955102868569 ], [ -70.632996230555619, -9.906908227844802 ], [ -70.613884730545337, -9.916855477853545 ], [ -70.613753855512869, -11.000167978861452 ], [ -70.521667480464899, -10.934215603797236 ], [ -70.515380855461189, -10.947167353809077 ], [ -70.451736355427627, -10.996759728852961 ], [ -70.437759730419259, -11.038796853891524 ], [ -70.38578123039504, -11.047773478897799 ], [ -70.373771480389166, -11.060540978909193 ], [ -70.308425730361634, -11.070585978915606 ], [ -70.241541480338299, -11.047062353890446 ], [ -70.19905273032407, -11.054014728894659 ], [ -70.176084605318025, -11.040129353880467 ], [ -70.158268105312885, -11.041872228881042 ], [ -70.156137855312807, -11.033525478873196 ], [ -70.140528855308901, -11.029671728868676 ], [ -70.115701855304295, -11.00590985384507 ], [ -70.107413230302242, -11.007885103846398 ], [ -70.092849730300429, -10.987116978826171 ], [ -70.064587105294294, -10.993875353830628 ], [ -70.037129355290489, -10.980019478815851 ], [ -70.036853980291099, -10.970972853807453 ], [ -70.027362480289128, -10.977752478813091 ], [ -70.007531980287453, -10.962710228797679 ], [ -69.99882435528616, -10.965167853799343 ], [ -69.994396605286781, -10.950697478785582 ], [ -69.984502355285272, -10.955655103789452 ], [ -69.982023605286003, -10.943133978777629 ], [ -69.974248105284744, -10.94929922878279 ], [ -69.957958605284006, -10.940850978773659 ], [ -69.953975980284724, -10.928565603761955 ], [ -69.93330085528396, -10.92222172875444 ], [ -69.92067810528242, -10.933814978764184 ], [ -69.901221730283055, -10.92056110375027 ], [ -69.873440980282098, -10.931061978757631 ], [ -69.862722605282698, -10.926828978752756 ], [ -69.858271980282112, -10.93433735375935 ], [ -69.851144480283324, -10.924576478749639 ], [ -69.83159023028341, -10.933880228756502 ], [ -69.811067480285715, -10.926001978747276 ], [ -69.794309730286557, -10.934086978753166 ], [ -69.769537730289997, -10.92993697874684 ], [ -69.773087855288438, -10.940029728756565 ], [ -69.759934605290354, -10.939512853754762 ], [ -69.737640855289996, -10.97496660378533 ], [ -69.722256980293977, -10.964724228774196 ], [ -69.716856980293741, -10.975905103783981 ], [ -69.700534480298415, -10.965526728772588 ], [ -69.697310855298298, -10.972450103778643 ], [ -69.658694605310487, -10.952563978755807 ], [ -69.633598855317388, -10.957392728757291 ], [ -69.620336855322648, -10.950061228748856 ], [ -69.61047535532505, -10.957583228754622 ], [ -69.609223980327073, -10.94566785374343 ], [ -69.57584460534018, -10.942090478735841 ], [ -69.228331980459672, -11.499824229193871 ], [ -69.103447230536787, -11.681347729333181 ], [ -68.968271605628402, -11.916314479513629 ], [ -68.652279105891836, -12.502740354940125 ], [ -68.660427605869742, -12.519407604958923 ], [ -68.655519980871574, -12.534593354970788 ], [ -68.664733230859994, -12.524222604965219 ], [ -68.681377355830662, -12.525356979973276 ], [ -68.67408548084002, -12.532463729976739 ], [ -68.67447898083023, -12.552973604995771 ], [ -68.691481355799581, -12.557262230006847 ], [ -68.699304480780199, -12.572096355023699 ], [ -68.693863480782838, -12.586605730034806 ], [ -68.701415980773717, -12.579107355031029 ], [ -68.713840855742959, -12.604119730059116 ], [ -68.724154480727577, -12.602035355061339 ], [ -68.731760980712465, -12.60991273007161 ], [ -68.740585605689503, -12.632759480096121 ], [ -68.731036230696489, -12.65089648010906 ], [ -68.733807730685399, -12.667383730125346 ], [ -68.719547355709793, -12.66122473011397 ], [ -68.728301605692081, -12.671318355126768 ], [ -68.719917855706768, -12.667027980119448 ], [ -68.711928230713582, -12.680111605128268 ], [ -68.734487105674077, -12.692118730148364 ], [ -68.725133105686012, -12.69725835514938 ], [ -68.742370605655779, -12.707991855166105 ], [ -68.727907480675043, -12.71338910516533 ], [ -68.766885355606703, -12.742194230207133 ], [ -68.780454105591957, -12.732082105202942 ], [ -68.788974355570303, -12.757794480229851 ], [ -68.803952980550932, -12.756566480234243 ], [ -68.804733480539539, -12.783570730259424 ], [ -68.818015230519833, -12.790763230270899 ], [ -68.807631105526198, -12.80861823028359 ], [ -68.824350980506608, -12.804832105286144 ], [ -68.839372855481173, -12.823896605309075 ], [ -68.829128105491861, -12.828474355309668 ], [ -68.839304855479099, -12.829631605314358 ], [ -68.830949105484706, -12.841663230322485 ], [ -68.841752980471099, -12.843487855327977 ], [ -68.834798855474062, -12.857838855338784 ], [ -68.85098310545186, -12.866436730352405 ], [ -68.858537980445902, -12.858913605348059 ], [ -68.870543855428295, -12.870093355362508 ], [ -68.864089855433818, -12.874841980364691 ], [ -68.872511480419902, -12.887513730379233 ], [ -68.866109980424142, -12.895515480384436 ], [ -68.87487273040604, -12.919232480409311 ], [ -68.861308980418301, -12.926630855411528 ], [ -68.876630480400806, -12.928677230418636 ], [ -68.866128605411276, -12.931316855417489 ], [ -68.873414355400328, -12.939762605427765 ], [ -68.860211855411904, -12.947767605430647 ], [ -68.879214980393385, -12.941758105431591 ], [ -68.875989855383963, -12.978023980463997 ], [ -68.865038105397872, -12.972014480454691 ], [ -68.862323355397479, -12.981272355462302 ], [ -68.876801980379867, -12.98718910547273 ], [ -68.868379355387717, -12.990251855472676 ], [ -68.871873230379094, -13.003925855486502 ], [ -69.647226604998423, -13.341242230971044 ], [ -70.402868105310787, -13.114412855821092 ] ] ] } },
{ "type": "Feature", "properties": { "NOMBDEP": "MOQUEGUA", "COUNT": 20, "FIRST_IDDP": "18", "HECTARES": 1580730.977 }, "geometry": { "type": "Polygon", "coordinates": [ [ [ -71.084121730730246, -17.721275610129084 ], [ -71.082175855728252, -17.734617235141485 ], [ -71.101134730745727, -17.739497985146304 ], [ -71.121489855763997, -17.785629985189551 ], [ -71.121409980763701, -17.803349985206047 ], [ -71.139443355780202, -17.821482360223182 ], [ -71.16874410580759, -17.809369110212277 ], [ -71.191169980828803, -17.777347610182748 ], [ -71.349199230976254, -17.693449235106261 ], [ -71.363374980989406, -17.692652360105644 ], [ -71.368193355993753, -17.706162110118264 ], [ -71.381453106006063, -17.707173860119322 ], [ -71.341081980969207, -17.636988235053607 ], [ -71.365546855992662, -17.545363234968491 ], [ -71.362953105990712, -17.488785109915781 ], [ -71.381138731007852, -17.449982359879794 ], [ -71.394355481020526, -17.389412109823507 ], [ -71.418804731043195, -17.37748635981259 ], [ -71.4246679810487, -17.363632859799733 ], [ -71.432790981056186, -17.366648484802621 ], [ -71.431392606054999, -17.350523484787587 ], [ -71.444714731067435, -17.332236359770661 ], [ -71.458107481079793, -17.332419984770922 ], [ -71.469890606090786, -17.318818359758335 ], [ -71.476884731097201, -17.322810484762108 ], [ -71.47253710609337, -17.297158234738198 ], [ -71.490798981110302, -17.285005609726994 ], [ -71.465549981087193, -17.254502734698416 ], [ -71.440956106064533, -17.251716609695642 ], [ -71.423515356048583, -17.236616109681442 ], [ -71.40858973103505, -17.209682484656231 ], [ -71.355316105986532, -17.151273734601396 ], [ -71.316329980951011, -17.124738734576326 ], [ -71.30224610593838, -17.093851109547419 ], [ -71.324691855959287, -17.060308484516408 ], [ -71.319053605954281, -17.04145435949879 ], [ -71.339424105973109, -17.021758984480634 ], [ -71.357315105989485, -17.024354984483217 ], [ -71.365234355996833, -17.014110609473754 ], [ -71.385787981015596, -17.020501984479882 ], [ -71.39488210602417, -16.992849359454205 ], [ -71.390830981020585, -16.978069359440408 ], [ -71.404571481033315, -16.956764234420678 ], [ -71.458953856083184, -16.960912734424962 ], [ -71.46520235608898, -16.953914609418494 ], [ -71.45984648108417, -16.937362609403028 ], [ -71.424400356051791, -16.918313984385037 ], [ -71.422485356050217, -16.89639848436461 ], [ -71.440818731067239, -16.864692734335225 ], [ -71.44203185606851, -16.843547859315532 ], [ -71.435501106062588, -16.836147359308587 ], [ -71.444740231071194, -16.815931359289834 ], [ -71.428855856056984, -16.772985484249723 ], [ -71.429679856057902, -16.751335109229565 ], [ -71.422927856051814, -16.737897859216993 ], [ -71.36943048100315, -16.719676984199594 ], [ -71.353286730988373, -16.724952734204354 ], [ -71.34698485598247, -16.742242984220407 ], [ -71.327171355964353, -16.752445234229715 ], [ -71.289092980929937, -16.726457609205141 ], [ -71.28581235592705, -16.716354359195705 ], [ -71.296012855936425, -16.706266359186422 ], [ -71.283904980925669, -16.682239484163919 ], [ -71.279151855922024, -16.615821859102009 ], [ -71.260406480905161, -16.605201734091935 ], [ -71.262840230907557, -16.584911234073065 ], [ -71.249099730895338, -16.564100359053541 ], [ -71.237495480885386, -16.514591234007309 ], [ -71.249343855896427, -16.482358983977413 ], [ -71.242103605890122, -16.463064233959372 ], [ -71.219139105869431, -16.460565608956777 ], [ -71.19702910584941, -16.471658733966848 ], [ -71.139518730797676, -16.474973733969208 ], [ -71.124725355784619, -16.461072983956075 ], [ -71.108459480769952, -16.465705858960149 ], [ -71.081939730746356, -16.456857733951523 ], [ -71.072654855737952, -16.465755483959658 ], [ -71.047195480715388, -16.454402983948697 ], [ -71.037257855706045, -16.485685608977672 ], [ -71.019241355689971, -16.486890733978495 ], [ -71.012565605683818, -16.498578983989276 ], [ -70.993453980666857, -16.496553358987057 ], [ -70.979522730654722, -16.480573608971937 ], [ -70.956085230634088, -16.472520858964007 ], [ -70.953231855631799, -16.459947608952245 ], [ -70.975616480652363, -16.418321608913892 ], [ -70.963829105642276, -16.399740233896367 ], [ -70.975097605652408, -16.391029358888471 ], [ -70.969398605647754, -16.369607983868413 ], [ -70.986289980663699, -16.309946108813168 ], [ -70.943611105626005, -16.314405483816532 ], [ -70.939109855622334, -16.29893298380204 ], [ -70.91578673060215, -16.282400108786181 ], [ -70.90146635558969, -16.277702358781525 ], [ -70.880805980571495, -16.284543983787461 ], [ -70.844474730540853, -16.235877983741346 ], [ -70.866958605560654, -16.224584608731334 ], [ -70.853889480549881, -16.196687733705065 ], [ -70.860244730555877, -16.175571483685545 ], [ -70.878593480572007, -16.166616483677597 ], [ -70.867828355562935, -16.153865858665494 ], [ -70.867111230562841, -16.128484733641841 ], [ -70.895706105588147, -16.106281233621765 ], [ -70.875060980570467, -16.094577733610436 ], [ -70.878105105573397, -16.081443733598274 ], [ -70.866805980563612, -16.080081983596767 ], [ -70.856735230555429, -16.056337358574442 ], [ -70.804511980510469, -16.055133983572102 ], [ -70.80735773051326, -16.040828733558843 ], [ -70.82094573052521, -16.029750858548855 ], [ -70.816558855522061, -16.00275610852362 ], [ -70.828605605532445, -15.99920560852059 ], [ -70.820198105525748, -15.978467983501082 ], [ -70.80750910551464, -15.988016983509674 ], [ -70.799969605508466, -15.975963608498269 ], [ -70.775969980487048, -16.013399983532526 ], [ -70.741239980457394, -16.016179983534226 ], [ -70.722109980440663, -16.034189858550469 ], [ -70.668349980395845, -16.013389983529539 ], [ -70.640822230373502, -15.987636733504718 ], [ -70.624769980359645, -16.003019983518517 ], [ -70.562889980308938, -15.982499983497302 ], [ -70.526075480276972, -16.026723483537115 ], [ -70.510322355263909, -16.029986358539539 ], [ -70.507324230261119, -16.038144483547025 ], [ -70.48255960524078, -16.039474858547273 ], [ -70.465778980226645, -16.050369108556712 ], [ -70.447464855212417, -16.034470733541141 ], [ -70.440124730206378, -16.036751483542943 ], [ -70.434282230200537, -16.06187835856608 ], [ -70.403228730174263, -16.087231358588284 ], [ -70.408301605176831, -16.120795733619783 ], [ -70.401942105170392, -16.149029733645786 ], [ -70.373753105146264, -16.175917358669491 ], [ -70.360642730134131, -16.207792858698525 ], [ -70.340278855118015, -16.200903358691082 ], [ -70.328560105108352, -16.205411983694688 ], [ -70.32651710510531, -16.232111858719442 ], [ -70.345134855119156, -16.256101983742745 ], [ -70.340280730114543, -16.270093233755514 ], [ -70.346595480117912, -16.305602483788892 ], [ -70.338757980110628, -16.322798358804516 ], [ -70.345610730114984, -16.348139483828454 ], [ -70.356603855123026, -16.367698733847224 ], [ -70.370595105134498, -16.368650483848793 ], [ -70.38225698014331, -16.38592373386544 ], [ -70.356553730121405, -16.400270608877548 ], [ -70.360887605124461, -16.410831358887599 ], [ -70.325051730094643, -16.417524983892019 ], [ -70.316735105086423, -16.444398608916604 ], [ -70.306313855077718, -16.447205608918672 ], [ -70.313401605082447, -16.468152983938545 ], [ -70.301169980071833, -16.478671858947692 ], [ -70.22866623001093, -16.50607573396907 ], [ -70.20049485498599, -16.53958973399854 ], [ -70.184777979973362, -16.537608608995697 ], [ -70.17545560496427, -16.561530734017374 ], [ -70.176243729962835, -16.594152984047813 ], [ -70.165705979952989, -16.613324109064965 ], [ -70.14876085493907, -16.615313359065677 ], [ -70.137832354929287, -16.628574734077279 ], [ -70.08784510488691, -16.655232234098534 ], [ -70.048611604857413, -16.627707984069911 ], [ -70.01323597982821, -16.640342984078828 ], [ -69.998390604813551, -16.675148359110004 ], [ -70.011364729822958, -16.686910359122042 ], [ -70.010453104821195, -16.699896484134047 ], [ -69.996910354809472, -16.710258109142575 ], [ -69.995563104806777, -16.729775984160632 ], [ -70.010213979817649, -16.74133948417262 ], [ -70.035541979837987, -16.742889734176135 ], [ -70.032208604834523, -16.752924859185224 ], [ -70.057124979853455, -16.77016410920325 ], [ -70.057816354852676, -16.787812484219732 ], [ -70.090313854877692, -16.810854734243637 ], [ -70.094278854875228, -16.890924859318513 ], [ -70.105597479884239, -16.897263734325229 ], [ -70.116349729891525, -16.922163484349195 ], [ -70.146624979915885, -16.93873048436674 ], [ -70.148372229918493, -16.921869734351148 ], [ -70.173689354940478, -16.912232359343868 ], [ -70.181289229945619, -16.932119609362875 ], [ -70.218013354975966, -16.946352484378448 ], [ -70.227033354982893, -16.959355359391104 ], [ -70.252453230005486, -16.944712484378968 ], [ -70.259066355013502, -16.902033234339598 ], [ -70.241210730000915, -16.856918109296544 ], [ -70.224744604986967, -16.857065859295705 ], [ -70.216865229981124, -16.843314484282409 ], [ -70.184067229954096, -16.834687484272326 ], [ -70.182559604953951, -16.816506859255284 ], [ -70.247300480009159, -16.802464859246189 ], [ -70.266574980027187, -16.770833484217839 ], [ -70.291856855047953, -16.781345234229047 ], [ -70.311294980064829, -16.773300734222598 ], [ -70.372794980115941, -16.798179734248901 ], [ -70.385230480125784, -16.815871109265967 ], [ -70.440689355172466, -16.840046859291014 ], [ -70.450966855180425, -16.861816484311724 ], [ -70.441574230171, -16.892404359339807 ], [ -70.451751980179523, -16.900005734347328 ], [ -70.459191355185055, -16.922738234368818 ], [ -70.453657605179941, -16.929745734375107 ], [ -70.465016855189234, -16.944434109389274 ], [ -70.443199230169384, -16.964277359406818 ], [ -70.463158480185186, -17.004367484445016 ], [ -70.439201230162226, -17.050363234486817 ], [ -70.448739355169351, -17.080669109515455 ], [ -70.491313605206528, -17.090208484526109 ], [ -70.5211406052304, -17.158234359590637 ], [ -70.555050480259226, -17.197663234628624 ], [ -70.572507855274949, -17.194109359625951 ], [ -70.609978355307817, -17.214503859646229 ], [ -70.651093480344883, -17.209175359642593 ], [ -70.684090730374152, -17.224264734657645 ], [ -70.704279105391166, -17.267205109698221 ], [ -70.715917105401516, -17.273652109704557 ], [ -70.705652230391763, -17.29117973472059 ], [ -70.733868230416462, -17.323191109751196 ], [ -70.746702855427372, -17.351353609777757 ], [ -70.752404105431808, -17.380573359805119 ], [ -70.736719980416837, -17.4082799848305 ], [ -70.754629605432413, -17.437578109858272 ], [ -70.779979980455238, -17.450599984871054 ], [ -70.879959980544555, -17.555669984971221 ], [ -70.903889980565268, -17.622559985034002 ], [ -70.91249998057198, -17.687369985094538 ], [ -70.956279980612635, -17.675959985084759 ], [ -70.983162230637333, -17.68462698509332 ], [ -70.992996230646526, -17.679119110088347 ], [ -71.003349605656012, -17.683699235092799 ], [ -71.017113230668329, -17.709210860116801 ], [ -71.026915980677487, -17.703874985111991 ], [ -71.084121730730246, -17.721275610129084 ] ] ] } },
{ "type": "Feature", "properties": { "NOMBDEP": "PASCO", "COUNT": 28, "FIRST_IDDP": "19", "HECTARES": 2411394.892 }, "geometry": { "type": "Polygon", "coordinates": [ [ [ -76.188697235481143, -10.959957103839654 ], [ -76.207945360499068, -10.943062478823913 ], [ -76.209796860500774, -10.918966728801468 ], [ -76.229197235518868, -10.915589853798339 ], [ -76.249464860537714, -10.924531228806666 ], [ -76.265896485553043, -10.920122978802562 ], [ -76.262226610549604, -10.90897072879218 ], [ -76.270035110556876, -10.916535103799223 ], [ -76.281697235567734, -10.91391797879677 ], [ -76.276604360562985, -10.950727353831066 ], [ -76.265525860552671, -10.959014353838759 ], [ -76.272780860559422, -10.971586603850476 ], [ -76.263745610551013, -10.998587353875653 ], [ -76.255671110543503, -11.002395103879188 ], [ -76.259951485547504, -11.015006478890939 ], [ -76.253443110541426, -11.022878478898262 ], [ -76.259667860547225, -11.027401853902461 ], [ -76.239570360528532, -11.049199103922767 ], [ -76.250149985538371, -11.105199978974914 ], [ -76.214629985505297, -11.150309979016939 ], [ -76.227159985516963, -11.15576997902201 ], [ -76.241529985530363, -11.143099979010225 ], [ -76.257769985545451, -11.151749979018275 ], [ -76.307900360592143, -11.132664104000487 ], [ -76.318070235601596, -11.091642603962297 ], [ -76.335509735617819, -11.082533228953819 ], [ -76.350958985632218, -11.09419335396467 ], [ -76.389496110668105, -11.070988228943055 ], [ -76.433662110709207, -11.080093728951541 ], [ -76.446806610721467, -11.071247353943299 ], [ -76.461197235734844, -11.084128853955285 ], [ -76.493523485764939, -11.088599603959461 ], [ -76.51467973578464, -11.068712853940951 ], [ -76.532990235801662, -11.034126978908734 ], [ -76.564005735830548, -11.022909228898293 ], [ -76.569251985835422, -11.013484478889518 ], [ -76.577891735843465, -11.015941978891776 ], [ -76.581603485846898, -10.984984353862957 ], [ -76.565021235831495, -10.963932228843351 ], [ -76.583877610849029, -10.853608728740619 ], [ -76.601576735865493, -10.81586835370547 ], [ -76.617723735880531, -10.814592103704285 ], [ -76.633486485895176, -10.784528478676267 ], [ -76.627848860889927, -10.765960478658993 ], [ -76.642240860903343, -10.74639835364075 ], [ -76.659432985919324, -10.687925478586328 ], [ -76.670953860930027, -10.677813978576895 ], [ -76.655655360915816, -10.646781853547996 ], [ -76.675573610934336, -10.621372478524336 ], [ -76.675373360934131, -10.601923853506214 ], [ -76.703287110960105, -10.590968478496027 ], [ -76.710187985966513, -10.54074060344923 ], [ -76.730240610985163, -10.508402603419118 ], [ -76.723694985979094, -10.472595728385762 ], [ -76.715663735971617, -10.46246485337633 ], [ -76.700875610957851, -10.461008728374969 ], [ -76.697483985954705, -10.443111478358308 ], [ -76.665248485924721, -10.438556603354082 ], [ -76.648976235909586, -10.415835978332906 ], [ -76.620394235882983, -10.415248103332349 ], [ -76.593358985857847, -10.401493978319545 ], [ -76.593380485857864, -10.387240228306286 ], [ -76.578103110843642, -10.37550385329536 ], [ -76.558243735825158, -10.393429728312064 ], [ -76.551880485819225, -10.38464447830388 ], [ -76.531895360800618, -10.386872978305954 ], [ -76.523839985793146, -10.377215978296952 ], [ -76.490941110762506, -10.378896478298534 ], [ -76.486581735758477, -10.352435603273864 ], [ -76.472804360745641, -10.337767603260223 ], [ -76.49397611076536, -10.310531228234844 ], [ -76.424939985701087, -10.31921997824295 ], [ -76.400679985678508, -10.308429978232894 ], [ -76.387219985665965, -10.289289978215052 ], [ -76.364499985644841, -10.299469978224542 ], [ -76.34207998562394, -10.285839978211856 ], [ -76.325759985608769, -10.305529978230187 ], [ -76.330679860613344, -10.316119978240058 ], [ -76.316849985600442, -10.340989978263218 ], [ -76.32340998560656, -10.359579978280529 ], [ -76.305517110589918, -10.412544728329857 ], [ -76.285287485571061, -10.416419978333451 ], [ -76.274705360561214, -10.402464728320478 ], [ -76.269476860556352, -10.368988228289304 ], [ -76.226329985516188, -10.396929978315303 ], [ -76.230888610520424, -10.371790978291912 ], [ -76.205396485496692, -10.376562478296348 ], [ -76.207169985498339, -10.388709978307666 ], [ -76.185396735478079, -10.395463103313963 ], [ -76.171949235465547, -10.411546853328922 ], [ -76.144480485439956, -10.408116478325743 ], [ -76.129630860426133, -10.430800728346853 ], [ -76.118804735416049, -10.42637310334273 ], [ -76.104187485402448, -10.435546853351287 ], [ -76.092892485391914, -10.429281228345427 ], [ -76.078268735378316, -10.434153728349981 ], [ -76.078283235378322, -10.451988228366606 ], [ -76.057037110358536, -10.465419978379103 ], [ -76.039222610341923, -10.454577978368988 ], [ -76.024939860328644, -10.467438978380972 ], [ -76.01133473531597, -10.454897478369292 ], [ -76.003113235308305, -10.488806603400878 ], [ -75.986307860292669, -10.484039353396421 ], [ -75.968455110276039, -10.470737353384056 ], [ -75.925049860235617, -10.406559978324296 ], [ -75.934539860244456, -10.374979978294862 ], [ -75.924939985235511, -10.356719978277866 ], [ -75.893539985206274, -10.324279978247658 ], [ -75.856399985171691, -10.301709978226649 ], [ -75.839679985156124, -10.257389978185342 ], [ -75.812709985130994, -10.244089978172964 ], [ -75.784769985104987, -10.252159978180483 ], [ -75.759529985081457, -10.237680103167005 ], [ -75.728679985052736, -10.232769978162437 ], [ -75.709429985034802, -10.215069978145943 ], [ -75.698620110024734, -10.175459978109066 ], [ -75.705159985030832, -10.141409978077336 ], [ -75.691439985018064, -10.117009978054615 ], [ -75.694149985020573, -10.103699978042236 ], [ -75.678659985006163, -10.054079977996015 ], [ -75.647529984977155, -10.025809977969688 ], [ -75.604027359936651, -10.019078102963412 ], [ -75.59513998492838, -9.989229977935628 ], [ -75.596433609929562, -9.953714102902541 ], [ -75.56311223489854, -9.968190102916019 ], [ -75.548641484885053, -9.983607977930395 ], [ -75.508799984847983, -9.978009977925192 ], [ -75.482735359823693, -9.993419852939519 ], [ -75.464085984806303, -9.994308602940343 ], [ -75.475564734816999, -9.979721352926761 ], [ -75.470041984811871, -9.958876477907355 ], [ -75.456531359799271, -9.95511972790384 ], [ -75.443795234787416, -9.936850102886837 ], [ -75.421442109766588, -9.94343510289298 ], [ -75.404783609751092, -9.930212102880663 ], [ -75.39554723474248, -9.912776852864418 ], [ -75.409600484755572, -9.902007602854381 ], [ -75.411181609757051, -9.888426102841738 ], [ -75.401761859748262, -9.879922227833807 ], [ -75.369355984718084, -9.870832602825377 ], [ -75.319939609672076, -9.877070352831163 ], [ -75.282407984637118, -9.864731352819689 ], [ -75.275736609630911, -9.852069852807894 ], [ -75.279218984634156, -9.838239727795022 ], [ -75.310638609663414, -9.774671852735786 ], [ -75.254650359611247, -9.77900222773982 ], [ -75.160124984523236, -9.839974602796621 ], [ -75.094467859462071, -9.8444777278008 ], [ -75.057789234427929, -9.818918602777021 ], [ -75.017062484389982, -9.836511727793406 ], [ -74.995164109369597, -9.837162102793995 ], [ -74.943103484321114, -9.761101602723157 ], [ -74.887749984269576, -9.733128852697122 ], [ -74.867492234250705, -9.735712852699521 ], [ -74.846341859230989, -9.749402352712277 ], [ -74.804425734191966, -9.729822227694031 ], [ -74.797261734185298, -9.712275352677699 ], [ -74.808410109195677, -9.688964852655971 ], [ -74.765688984155872, -9.627597977598851 ], [ -74.769651734159567, -9.6002963525734 ], [ -74.759063984149719, -9.599734477572889 ], [ -74.755848984146724, -9.584049102558295 ], [ -74.73559373412786, -9.574445227549319 ], [ -74.750522859141768, -9.524607102502927 ], [ -74.741354859133224, -9.516236477495122 ], [ -74.731460984123999, -9.477154352458713 ], [ -74.677103359073385, -9.428324227413256 ], [ -74.584560608987204, -9.495624227475945 ], [ -74.593494358995514, -9.507361852486865 ], [ -74.574447233977764, -9.545777977522629 ], [ -74.573883483977255, -9.57380485254874 ], [ -74.531653858937915, -9.592102852565786 ], [ -74.496184983904897, -9.593880102567425 ], [ -74.485552733894991, -9.702220727668328 ], [ -74.455361358866867, -9.745982477709079 ], [ -74.447759608859798, -9.777586102738523 ], [ -74.453300858864935, -9.86363622781866 ], [ -74.43310160884613, -9.876058602830231 ], [ -74.411700358826224, -9.914835727866347 ], [ -74.416646483830817, -9.93082422788123 ], [ -74.411194233825739, -9.957568852906144 ], [ -74.424591233838214, -9.986676102933245 ], [ -74.412670733827099, -10.006771727951952 ], [ -74.418828108832855, -10.02574997796963 ], [ -74.400890358816127, -10.070123853010953 ], [ -74.364218733781996, -10.11458747805238 ], [ -74.319804733740625, -10.112973853050871 ], [ -74.305916733727685, -10.1322292280688 ], [ -74.302873233724853, -10.164837728099169 ], [ -74.244399233670379, -10.177588853111038 ], [ -74.227778608654916, -10.194451228126743 ], [ -74.235170608661804, -10.218259853148929 ], [ -74.224437858651811, -10.246905853175589 ], [ -74.224341983651726, -10.279230478205699 ], [ -74.25219498367764, -10.305131103229812 ], [ -74.24060160866685, -10.328062478251178 ], [ -74.275910108699748, -10.370863228291046 ], [ -74.274878733698785, -10.414822228331973 ], [ -74.255179608680436, -10.452479103367061 ], [ -74.215252608643254, -10.453273478367787 ], [ -74.179846608610262, -10.487027603399236 ], [ -74.181580608611881, -10.505012603415979 ], [ -74.13267348356635, -10.604910853508997 ], [ -74.140412483573556, -10.614190353517658 ], [ -74.132033608565735, -10.655185853555833 ], [ -74.137594608570936, -10.667069728566874 ], [ -74.164960358596403, -10.638449603540257 ], [ -74.190617483620315, -10.639706978541406 ], [ -74.203680608632482, -10.630143853532516 ], [ -74.228200358655315, -10.633242103535403 ], [ -74.22757810865474, -10.651839853552712 ], [ -74.252809358678235, -10.659479978559833 ], [ -74.258029358683075, -10.67978710357872 ], [ -74.284402858707637, -10.676120853575338 ], [ -74.31730560873828, -10.726707228622418 ], [ -74.34432223376345, -10.740185603634981 ], [ -74.352100983770697, -10.756920228650568 ], [ -74.377644608794498, -10.759950478653401 ], [ -74.374396483791458, -10.788568353680036 ], [ -74.386764858802991, -10.81311585370289 ], [ -74.431056358844216, -10.81295722870275 ], [ -74.467302483877972, -10.836658853724828 ], [ -74.483349358892923, -10.835468228723725 ], [ -74.508300733916172, -10.878865228764134 ], [ -74.547974608953126, -10.890619103775093 ], [ -74.572995108976414, -10.912601978795545 ], [ -74.614102484014694, -10.904625478788125 ], [ -74.642612234041252, -10.867962228753989 ], [ -74.6775581090738, -10.878414728763712 ], [ -74.681346859077337, -10.889157103773726 ], [ -74.690845609086182, -10.886795353771539 ], [ -74.707946609102095, -10.85813235374482 ], [ -74.734242234126583, -10.834505603722821 ], [ -74.760363109150916, -10.825109853714093 ], [ -74.794826859183019, -10.829839978718477 ], [ -74.831310984216998, -10.78050410367255 ], [ -74.851135484235471, -10.732937728628244 ], [ -74.877717609260202, -10.702251478599676 ], [ -74.886183609268102, -10.709543978606446 ], [ -74.865956984249266, -10.7594062286529 ], [ -74.885238734267233, -10.77056522866329 ], [ -74.913284734293342, -10.748352978642604 ], [ -74.918009734297726, -10.755097478648878 ], [ -74.938289859316626, -10.74956960364373 ], [ -74.956481609333565, -10.732791353628103 ], [ -74.982817609358108, -10.749787103643911 ], [ -75.003451859377321, -10.717953478614291 ], [ -75.006921484380541, -10.68784360358625 ], [ -75.017508359390405, -10.676969103576125 ], [ -75.035996609407619, -10.682264728581041 ], [ -75.064608734434273, -10.653399478554167 ], [ -75.074316484443301, -10.665810478565705 ], [ -75.071622734440808, -10.677849603576947 ], [ -75.088447234456481, -10.683537103582223 ], [ -75.102452859469508, -10.714328353610922 ], [ -75.119033984484958, -10.729999603625494 ], [ -75.193234109554055, -10.716341728612784 ], [ -75.191796859552738, -10.731039103626483 ], [ -75.212952109572427, -10.746269978640644 ], [ -75.204335984564409, -10.764734353657852 ], [ -75.244049984601389, -10.766949978659911 ], [ -75.24346998460085, -10.790560103681887 ], [ -75.263279984619288, -10.826969978715793 ], [ -75.314303734666822, -10.86360047874993 ], [ -75.348739484698882, -10.86542272875162 ], [ -75.365755984714724, -10.84969360373697 ], [ -75.386926609734445, -10.864936853751173 ], [ -75.397350484744152, -10.853307103740324 ], [ -75.409966109755914, -10.85851560374519 ], [ -75.418039484763426, -10.890426228774906 ], [ -75.436852234780957, -10.879502228764728 ], [ -75.453350109796304, -10.900295353784083 ], [ -75.46522235980737, -10.901126853784861 ], [ -75.480708984821803, -10.85123210373839 ], [ -75.474568359816104, -10.829017603717713 ], [ -75.479996109821144, -10.819165978708527 ], [ -75.467212984809237, -10.80686722869709 ], [ -75.470471609812265, -10.798034228688872 ], [ -75.459850984802358, -10.778959478671092 ], [ -75.469049984810937, -10.773879978666383 ], [ -75.480089984821205, -10.78015985367222 ], [ -75.494539984834688, -10.755229853648995 ], [ -75.514469984853235, -10.756369978650055 ], [ -75.542479984879321, -10.740969978635729 ], [ -75.556919984892772, -10.744069978638615 ], [ -75.56812060990319, -10.727157728622858 ], [ -75.584095859918079, -10.801567103692161 ], [ -75.606621734939068, -10.823115978712229 ], [ -75.649769984979258, -10.823379978712468 ], [ -75.678549985006043, -10.840179978728123 ], [ -75.692962860019463, -10.835138728723432 ], [ -75.693252610019755, -10.817219353706722 ], [ -75.73280686005657, -10.809264478699305 ], [ -75.758569985080584, -10.830089978718714 ], [ -75.789139985109045, -10.825269978714227 ], [ -75.815447485133546, -10.846981603734429 ], [ -75.815578860133655, -10.872493228758206 ], [ -75.836967985153592, -10.886036728770828 ], [ -75.858259360173406, -10.867856978753885 ], [ -75.864781860179477, -10.87658597876203 ], [ -75.876069985190028, -10.867495228753533 ], [ -75.913160235224552, -10.872001103757762 ], [ -75.935923860245737, -10.889722603774256 ], [ -75.937146485246913, -10.871507853757286 ], [ -75.99476098530053, -10.820957353710211 ], [ -76.045509985347806, -10.880739978765899 ], [ -76.082139985381914, -10.895139978779303 ], [ -76.122929985419901, -10.96263997884216 ], [ -76.122525360419516, -10.952339978832542 ], [ -76.144984360440446, -10.94586322882653 ], [ -76.167812485461695, -10.947576103828144 ], [ -76.168027360461892, -10.953679728833796 ], [ -76.188697235481143, -10.959957103839654 ] ] ] } },
{ "type": "Feature", "properties": { "NOMBDEP": "PIURA", "COUNT": 64, "FIRST_IDDP": "20", "HECTARES": 3606506.675 }, "geometry": { "type": "Polygon", "coordinates": [ [ [ -80.464929862617865, -4.129369097436521 ], [ -80.447159987643161, -4.120720722429607 ], [ -80.449312487646125, -4.209335972511202 ], [ -80.431138612670793, -4.196064472500067 ], [ -80.4092773627019, -4.218535097522096 ], [ -80.367781237753405, -4.197431597504985 ], [ -80.352679737772974, -4.220701222527307 ], [ -80.339789112787287, -4.208380847516612 ], [ -80.329371112799549, -4.21457797252288 ], [ -80.31319336281652, -4.198253847508654 ], [ -80.309580112820882, -4.205619097515667 ], [ -80.367249987758541, -4.269949347571967 ], [ -80.367175737759396, -4.282050722583135 ], [ -80.390796862730937, -4.295767597594458 ], [ -80.42356836269029, -4.330984347624993 ], [ -80.435124987676602, -4.361265722652218 ], [ -80.445785112662207, -4.367804722657574 ], [ -80.453874987652142, -4.387328097675041 ], [ -80.447658237662097, -4.403064472689938 ], [ -80.453876987653615, -4.407927722694044 ], [ -80.449134737663201, -4.447611222730928 ], [ -80.439540987677219, -4.456148472739431 ], [ -80.419511737705122, -4.466884722750619 ], [ -80.417267612707604, -4.459689597744136 ], [ -80.389542987745116, -4.486111347770192 ], [ -80.380517612755682, -4.476749972762113 ], [ -80.361890612778382, -4.48008397276628 ], [ -80.335872987807576, -4.467396472756048 ], [ -80.291499987853271, -4.436716847730126 ], [ -80.295548862848364, -4.42396684771813 ], [ -80.277083987865879, -4.404099597700729 ], [ -80.264906237878222, -4.41175384770843 ], [ -80.234689487905015, -4.387011722687023 ], [ -80.231228612907316, -4.372398472673674 ], [ -80.22048236291711, -4.378121097679501 ], [ -80.218289112917716, -4.353466847656794 ], [ -80.211353487923972, -4.359249972662477 ], [ -80.195734362936548, -4.349765597654407 ], [ -80.205478487927905, -4.338671847643707 ], [ -80.186855487943021, -4.335113222641263 ], [ -80.17984573794682, -4.298789097607943 ], [ -80.171320362953068, -4.289994097600197 ], [ -80.155414112965786, -4.304339847614139 ], [ -80.136279237978712, -4.285164097597182 ], [ -80.134960987980151, -4.296283222607533 ], [ -80.108632862998007, -4.298150347610328 ], [ -80.104240238000529, -4.290956972603839 ], [ -80.061476488027068, -4.310220722623336 ], [ -80.034499988043109, -4.348746097660011 ], [ -79.962978488076928, -4.394484222704854 ], [ -79.93866986308592, -4.396710972707722 ], [ -79.91927911309196, -4.385429722697856 ], [ -79.870644488106521, -4.413310597725186 ], [ -79.854054738111017, -4.434466847745264 ], [ -79.853003863111752, -4.451312472760924 ], [ -79.813017613120408, -4.491101597798971 ], [ -79.790158238123681, -4.492736347801103 ], [ -79.725919863128354, -4.469849597781445 ], [ -79.706269488128953, -4.470740222782739 ], [ -79.655458988127393, -4.434160097749873 ], [ -79.627529238125874, -4.439359347755274 ], [ -79.601650363123937, -4.456279347771531 ], [ -79.563390613120319, -4.514269472826136 ], [ -79.552529238118652, -4.513960972826034 ], [ -79.540259738116887, -4.526919972838298 ], [ -79.506242238110289, -4.518210972830808 ], [ -79.489410113106885, -4.529830097841894 ], [ -79.478019488105005, -4.567849597877429 ], [ -79.495210988109108, -4.579898472888314 ], [ -79.488249988108436, -4.625990222931292 ], [ -79.464460988103198, -4.650460972954427 ], [ -79.455949238102022, -4.704220723004539 ], [ -79.430439613095714, -4.740009723038228 ], [ -79.392499988085873, -4.831640598123998 ], [ -79.36530273807692, -4.836330098128766 ], [ -79.348146488071691, -4.883921848173256 ], [ -79.324119113062892, -4.884740223174358 ], [ -79.301691363054545, -4.904119098192674 ], [ -79.265509738040649, -4.967169973251809 ], [ -79.210070363016087, -4.965242223250652 ], [ -79.219441363020678, -4.988851598272523 ], [ -79.246072238032767, -5.002749973285119 ], [ -79.248808613034683, -5.055630848334283 ], [ -79.260595738039569, -5.040269473319858 ], [ -79.278027363046959, -5.042634723321819 ], [ -79.27654886304677, -5.07404884835107 ], [ -79.29372461305438, -5.109736348384019 ], [ -79.326443363067426, -5.120017598393122 ], [ -79.341203113073277, -5.140728348412186 ], [ -79.341857363073913, -5.163999973433809 ], [ -79.367484363083292, -5.174513723443203 ], [ -79.378408113087318, -5.1899784734574 ], [ -79.369042988084473, -5.21236134847835 ], [ -79.348189488077381, -5.233660098498486 ], [ -79.359048863082236, -5.288626973549443 ], [ -79.328072238071186, -5.315914098575272 ], [ -79.326052738070942, -5.348037098605197 ], [ -79.319738238068709, -5.362273473618521 ], [ -79.307857488064045, -5.365277348621489 ], [ -79.305124988063923, -5.425671848677711 ], [ -79.294334113059705, -5.43866009868993 ], [ -79.297615238061411, -5.459947348709688 ], [ -79.268960988050111, -5.513285098759719 ], [ -79.283499988056533, -5.525320348770697 ], [ -79.310070363067453, -5.519769473765159 ], [ -79.328960988075195, -5.5350800987791 ], [ -79.387130863096303, -5.521919848765933 ], [ -79.398480488100375, -5.53348047377648 ], [ -79.371468738092247, -5.598730473837592 ], [ -79.386570363099224, -5.685999973918488 ], [ -79.398289113103559, -5.70050972393179 ], [ -79.398523488105013, -5.770925723997247 ], [ -79.389820363102402, -5.791089849016172 ], [ -79.376470738097808, -5.799099599023862 ], [ -79.369769488096011, -5.833880849056312 ], [ -79.350316363089121, -5.855107474076386 ], [ -79.35278911309041, -5.872630849092626 ], [ -79.333570363083311, -5.894150349112961 ], [ -79.359581988093879, -5.919539099136139 ], [ -79.361890613094999, -5.932759724148385 ], [ -79.398359363108554, -5.949929724163714 ], [ -79.418609363115849, -5.970099599182076 ], [ -79.462509613129029, -5.94484959915774 ], [ -79.470050738130851, -5.928080099142003 ], [ -79.49849998813832, -5.915140599129355 ], [ -79.513960988142372, -5.920980474134475 ], [ -79.527630863145475, -5.912871099126607 ], [ -79.553800738151907, -5.938310599149678 ], [ -79.595830113159707, -5.933619099144273 ], [ -79.601320238160767, -5.93953909914964 ], [ -79.61110736316185, -5.923462849134447 ], [ -79.613240238161382, -5.895539099108471 ], [ -79.626220613162971, -5.888119099101242 ], [ -79.629939488162748, -5.863019474077807 ], [ -79.637410113163568, -5.859419974074259 ], [ -79.628749988162284, -5.851609349067242 ], [ -79.632249988162087, -5.829929724046996 ], [ -79.623208988160698, -5.821400349039336 ], [ -79.622583988159931, -5.797572224017217 ], [ -79.630972613160949, -5.796380849015865 ], [ -79.635367238161862, -5.809001974027471 ], [ -79.682710988167528, -5.846445349060975 ], [ -79.736876988169357, -5.838197224051732 ], [ -79.739316363168058, -5.799587849015796 ], [ -79.71662298816581, -5.74155659896259 ], [ -79.748193363164972, -5.710181598932487 ], [ -79.766416113164453, -5.708251973930146 ], [ -79.744449113163924, -5.677113223901913 ], [ -79.790259738161012, -5.645726598871356 ], [ -79.805009738159882, -5.646414098871482 ], [ -79.81900961315921, -5.664822223888119 ], [ -79.852339863152565, -5.603581973830129 ], [ -79.864419863148996, -5.563419973792445 ], [ -79.853996113149478, -5.530744098762488 ], [ -79.901542988138203, -5.481017598714643 ], [ -79.904845863137936, -5.493414098726007 ], [ -79.932460988131425, -5.505367223736048 ], [ -79.952343738126629, -5.527107473755439 ], [ -79.960117238126628, -5.580984348805078 ], [ -79.969037238123832, -5.58221097380586 ], [ -79.970130863126855, -5.655191348873488 ], [ -79.994949238121706, -5.724494098936685 ], [ -79.994830113123086, -5.751945348962137 ], [ -80.021779238113822, -5.769017598976746 ], [ -80.057792988101127, -5.818806599021175 ], [ -80.106072238080102, -5.867449224063821 ], [ -80.12010161307272, -5.872218724067487 ], [ -80.123847613071788, -5.891310599084976 ], [ -80.196177738026378, -5.892087849081565 ], [ -80.278751987964185, -5.919992224102151 ], [ -80.334712862915467, -5.953904349129576 ], [ -80.627132862577113, -6.372080099488576 ], [ -80.783804737270003, -6.298964849401838 ], [ -80.894539111994746, -6.203345724298126 ], [ -81.091566361390335, -6.082027349153332 ], [ -81.1114979863179, -6.061941349131171 ], [ -81.140357236203641, -6.006664099075187 ], [ -81.14953911116416, -5.97944922404859 ], [ -81.149425736144508, -5.889591848966941 ], [ -81.128513611215055, -5.864464848948209 ], [ -81.123513611228347, -5.842972598929636 ], [ -81.097460986318964, -5.838173723930216 ], [ -81.085443361355601, -5.815660098911947 ], [ -81.083622986356929, -5.791660098890408 ], [ -81.068068361408251, -5.785818348887899 ], [ -81.035988236520268, -5.822675723927124 ], [ -81.004201111622123, -5.835867223944539 ], [ -80.99201561165853, -5.832845723943819 ], [ -80.951671861778962, -5.84618747396247 ], [ -80.917814486871038, -5.834142598956664 ], [ -80.891488236937263, -5.809820348938281 ], [ -80.859816362008516, -5.745478473883859 ], [ -80.852195362011258, -5.637316223785821 ], [ -80.897583986873869, -5.511453098664388 ], [ -80.938497986749567, -5.44648634859916 ], [ -81.052980486372462, -5.330990223476168 ], [ -81.085181611257411, -5.309955098451693 ], [ -81.107771486177612, -5.315242223452623 ], [ -81.138121111055014, -5.263617223400395 ], [ -81.192785110831068, -5.21695122334802 ], [ -81.188997985841624, -5.194037098327954 ], [ -81.17330273590251, -5.183990223321757 ], [ -81.167361360922598, -5.167121098307534 ], [ -81.179615235866876, -5.132939473274291 ], [ -81.160466735940972, -5.123408223269101 ], [ -81.168197235902099, -5.081511723229736 ], [ -81.159976610932873, -5.072748098223222 ], [ -81.148796860977839, -5.079363223231201 ], [ -81.132386736038995, -5.069705098225262 ], [ -81.112199236117448, -5.084175723241855 ], [ -81.088449236203388, -5.080605473242488 ], [ -81.062005861291269, -5.049281223218228 ], [ -81.062408236284853, -5.020623098192075 ], [ -81.086505986190005, -4.967062473139571 ], [ -81.315074235175544, -4.698808597856051 ], [ -81.328117235105665, -4.671017597828448 ], [ -81.308855485197242, -4.660453097822701 ], [ -81.286099610287536, -4.575035097750005 ], [ -81.274404360341464, -4.571123097748615 ], [ -81.280636735303858, -4.529605472710012 ], [ -81.305027360177263, -4.479767597660558 ], [ -81.300394485195767, -4.461070347644549 ], [ -81.273445360320565, -4.445783222635661 ], [ -81.252833985405971, -4.39561722259398 ], [ -81.249626985411396, -4.347470722551027 ], [ -81.26081636035272, -4.309687472515018 ], [ -81.253029235381945, -4.274181597484285 ], [ -81.238169860445382, -4.251009722465817 ], [ -81.174333985717141, -4.215499972443766 ], [ -81.146142610827354, -4.179462722415257 ], [ -81.127228485902222, -4.173785097412855 ], [ -81.100052736001047, -4.128183597375215 ], [ -81.054093736169079, -4.106232472361354 ], [ -81.041417986211968, -4.087546847345958 ], [ -81.019277361293234, -4.112818347371713 ], [ -80.999962861359023, -4.111361347372744 ], [ -80.971322236455848, -4.127117222390493 ], [ -80.961650361489774, -4.148236347410879 ], [ -80.967093736475491, -4.172763722432615 ], [ -80.944089861547837, -4.168482472431361 ], [ -80.935673861575225, -4.178410097441382 ], [ -80.923675736610804, -4.169480472434583 ], [ -80.882822236734157, -4.19280072246032 ], [ -80.837232361860259, -4.18935547246189 ], [ -80.803306611947789, -4.175966847452982 ], [ -80.783369111998596, -4.180570347459087 ], [ -80.763009737047881, -4.174910097455781 ], [ -80.744749987092248, -4.18428909746604 ], [ -80.735140612114037, -4.178029347461167 ], [ -80.719681612150936, -4.194189472477332 ], [ -80.699320362195593, -4.187800597473224 ], [ -80.64523048731283, -4.229560597516024 ], [ -80.622980487356855, -4.231900347519915 ], [ -80.604419862390401, -4.210740222501899 ], [ -80.589820362417797, -4.214119097506086 ], [ -80.586949237421805, -4.198949222492351 ], [ -80.561259737465932, -4.176580097473602 ], [ -80.558980487468702, -4.161080097459514 ], [ -80.510939487544221, -4.093576222400625 ], [ -80.48402536258601, -4.085402347394791 ], [ -80.463845737618541, -4.115800722424066 ], [ -80.464929862617865, -4.129369097436521 ] ] ] } },
{ "type": "Feature", "properties": { "NOMBDEP": "PUNO", "COUNT": 109, "FIRST_IDDP": "21", "HECTARES": 6796281.696 }, "geometry": { "type": "MultiPolygon", "coordinates": [ [ [ [ -69.68485347969083, -15.750800733216295 ], [ -69.676193229683548, -15.768259733231407 ], [ -69.675486354680189, -15.790605483252124 ], [ -69.682433604683283, -15.798122983260015 ], [ -69.696232479697002, -15.754216858220934 ], [ -69.68485347969083, -15.750800733216295 ] ] ], [ [ [ -69.706550729716255, -15.649304733124618 ], [ -69.692802729706699, -15.662771483135392 ], [ -69.702175729710348, -15.676306608149172 ], [ -69.717205104718502, -15.680404358154883 ], [ -69.727306604726522, -15.662964858139906 ], [ -69.706550729716255, -15.649304733124618 ] ] ], [ [ [ -68.91838872917377, -16.403720733654428 ], [ -68.918517604182568, -16.377714858630263 ], [ -68.918399104231185, -16.233295358495834 ], [ -68.814216854166276, -16.319773483538452 ], [ -68.814216854155546, -16.3479863585647 ], [ -68.91838872917377, -16.403720733654428 ] ] ], [ [ [ -68.938712854237991, -16.233830108503184 ], [ -68.944939479236581, -16.244831983515489 ], [ -68.953292979245546, -16.226455108501145 ], [ -68.945378854242492, -16.227246108499269 ], [ -68.938712854237991, -16.233830108503184 ] ] ], [ [ [ -70.03596122991614, -15.754191108255592 ], [ -70.016721104899574, -15.793202108290345 ], [ -70.005291354891938, -15.789357983285827 ], [ -69.98866435487794, -15.819060358312074 ], [ -70.018259729897707, -15.829698983324452 ], [ -70.015081229893738, -15.850703233343747 ], [ -69.99501397987855, -15.864001358354457 ], [ -69.963699479857937, -15.850638108339311 ], [ -69.919463479824969, -15.879978483362585 ], [ -69.891797104806074, -15.882220983362023 ], [ -69.861057729780555, -15.931237358404584 ], [ -69.832270604766279, -15.884948733358494 ], [ -69.814672104756241, -15.87168810834425 ], [ -69.826642229764346, -15.868489483342566 ], [ -69.828013104766242, -15.859186358334057 ], [ -69.836500229770778, -15.868707108343811 ], [ -69.848070354778457, -15.867460233343881 ], [ -69.842834104781218, -15.808184608288151 ], [ -69.828913229774471, -15.787053108267008 ], [ -69.805562104760043, -15.783390233261072 ], [ -69.796249104751439, -15.808281608283213 ], [ -69.765875854729586, -15.833078608302818 ], [ -69.779451354735457, -15.856033233325759 ], [ -69.759474104716276, -15.912771358376261 ], [ -69.757646729716569, -15.900393108364515 ], [ -69.740620354703594, -15.919185108379979 ], [ -69.735926104702813, -15.90146910836293 ], [ -69.712889854686324, -15.918967483376386 ], [ -69.700237229679928, -15.907799358364379 ], [ -69.698288479680585, -15.893058608350412 ], [ -69.7048941046842, -15.896571108354536 ], [ -69.697035604680266, -15.88976360834719 ], [ -69.666670854658605, -15.914861733366596 ], [ -69.683284354669212, -15.910681983364878 ], [ -69.687645104670665, -15.92019998337431 ], [ -69.671739354656225, -15.956604608406121 ], [ -69.562660854591314, -15.959456608393246 ], [ -69.483854354541847, -15.993524983412268 ], [ -69.451735479524544, -15.993610483406794 ], [ -69.423161229499769, -16.047037358451369 ], [ -69.425539729495526, -16.077522733480176 ], [ -69.430752354495212, -16.09505110849744 ], [ -69.445078604500011, -16.112478858516234 ], [ -69.452809979503954, -16.114427233519422 ], [ -69.43176235449836, -16.080361233483952 ], [ -69.434620229504802, -16.053157358459153 ], [ -69.455291604517313, -16.045696233455892 ], [ -69.438955979506972, -16.054191233460891 ], [ -69.446871354509781, -16.062656733470202 ], [ -69.455572229514871, -16.060688233469886 ], [ -69.450642854509212, -16.077573608484752 ], [ -69.456120104509949, -16.090681733497906 ], [ -69.468682979516345, -16.094306608503476 ], [ -69.469478354513683, -16.112616483520654 ], [ -69.49176235452444, -16.124246733535269 ], [ -69.489477604521781, -16.132330233542401 ], [ -69.505476854529221, -16.143738608555697 ], [ -69.491934729518576, -16.160307733568857 ], [ -69.50504397952389, -16.174877858584619 ], [ -69.510671479529975, -16.15793348356976 ], [ -69.51659235453306, -16.16065035857326 ], [ -69.512759854526209, -16.189045233599057 ], [ -69.49432422951206, -16.208061358613723 ], [ -69.472713854500938, -16.19821410860088 ], [ -69.45996272949283, -16.20206610860226 ], [ -69.433855104481609, -16.180546233577576 ], [ -69.404010854462996, -16.190398108581245 ], [ -69.389008479456621, -16.180118233568834 ], [ -69.383629729451584, -16.19102835857796 ], [ -69.400396854459288, -16.199367358588919 ], [ -69.399387979457344, -16.206900983595737 ], [ -69.375607104438615, -16.235581108617872 ], [ -69.355226354424261, -16.251061983628254 ], [ -69.294721229390845, -16.254103358618515 ], [ -69.295104229389693, -16.260386608624444 ], [ -69.286666979385444, -16.259319858621609 ], [ -69.290235604384762, -16.271376108633611 ], [ -69.282053854377068, -16.286874983646268 ], [ -69.257483979361126, -16.300094108653088 ], [ -69.257770729364452, -16.285827733639866 ], [ -69.245992854358562, -16.284787608636215 ], [ -69.237513604356835, -16.273260108623528 ], [ -69.246380604361931, -16.270800733623286 ], [ -69.234780479358037, -16.261897983612318 ], [ -69.20886897934372, -16.267492358611406 ], [ -69.148298854317829, -16.254266108583977 ], [ -69.114716229306993, -16.23727435855929 ], [ -69.097311229297574, -16.243817858560622 ], [ -69.102503604305156, -16.22413298354374 ], [ -69.081535729296959, -16.221381858535366 ], [ -69.05525885429293, -16.197361608505506 ], [ -69.012763979269664, -16.219761608513725 ], [ -69.006974229271819, -16.20535660849853 ], [ -68.984335854268167, -16.190107233477303 ], [ -68.956644979256396, -16.196566983474426 ], [ -68.965448104252374, -16.218750608497924 ], [ -68.958744479247386, -16.226796733503246 ], [ -68.970122604250406, -16.230231108510111 ], [ -68.965959479245811, -16.239827858517707 ], [ -68.971912854249211, -16.236075233516125 ], [ -68.978384104243602, -16.261586483541919 ], [ -68.983853479244502, -16.26536610854718 ], [ -68.988131354248324, -16.258438858542085 ], [ -68.995895354246642, -16.273705608558711 ], [ -68.999999979248074, -16.274380233560624 ], [ -69.006466604251557, -16.27138810855983 ], [ -68.990488729256086, -16.236320608522234 ], [ -69.006778604255103, -16.260105983549423 ], [ -69.02663847926199, -16.263829358558926 ], [ -69.031364729260702, -16.274708483570471 ], [ -69.055071854278054, -16.249058108553577 ], [ -69.076689354284269, -16.259480233569455 ], [ -69.078126854280313, -16.275927358585161 ], [ -69.050006729266116, -16.283111858583773 ], [ -69.021958729239799, -16.331905983620867 ], [ -69.030822854230721, -16.37577660866436 ], [ -69.023138354218915, -16.403941608688267 ], [ -69.036222229223341, -16.409348108697216 ], [ -69.046614479220906, -16.434652483723845 ], [ -69.055287229225655, -16.432549858724425 ], [ -69.066035729225263, -16.452398858745987 ], [ -69.091828104233286, -16.4701602337698 ], [ -69.098495729231146, -16.490713358790771 ], [ -69.097915229228903, -16.497865358797267 ], [ -69.08133072922007, -16.498675483793399 ], [ -69.067667979203947, -16.531241483819862 ], [ -69.036773854179714, -16.559903483837545 ], [ -69.031302729163428, -16.605808608878661 ], [ -69.017050729146277, -16.638152358904492 ], [ -68.99610160412945, -16.65657623391521 ], [ -69.043456979146285, -16.68784173395867 ], [ -69.055208979153292, -16.686652358960991 ], [ -69.104523479174887, -16.712458983998918 ], [ -69.136435604193736, -16.713540984008482 ], [ -69.170013729210751, -16.72753510903016 ], [ -69.186187479203923, -16.797554734099418 ], [ -69.197533229210876, -16.799240234103777 ], [ -69.219244729216499, -16.836130984143363 ], [ -69.253397604233882, -16.860994359174448 ], [ -69.304674979257769, -16.915840984236848 ], [ -69.324585729264697, -16.951542484274306 ], [ -69.320081979259555, -16.960753234281952 ], [ -69.335429479266821, -16.980264859303297 ], [ -69.369007854289535, -16.990408234319496 ], [ -69.393578104302222, -17.020568359352346 ], [ -69.373093729281592, -17.048308609374232 ], [ -69.373738854277391, -17.073123359397474 ], [ -69.40626847929731, -17.100289484429016 ], [ -69.432917229316274, -17.109863984442853 ], [ -69.449129354331021, -17.097750734434474 ], [ -69.511849354372529, -17.146170859490255 ], [ -69.55690172940669, -17.159275109509611 ], [ -69.573308604416127, -17.185425734536491 ], [ -69.568996729411367, -17.193996984543819 ], [ -69.579759729418086, -17.208130859558608 ], [ -69.601148479434471, -17.216501984569557 ], [ -69.615979479440554, -17.261279234613422 ], [ -69.628289104449152, -17.273539109626579 ], [ -69.636322229456169, -17.271165984625483 ], [ -69.641319979458189, -17.287449984641345 ], [ -69.655437479472255, -17.270751984627729 ], [ -69.682931604494314, -17.278736359638803 ], [ -69.695248104505239, -17.27439448463635 ], [ -69.715628854520361, -17.29163085965498 ], [ -69.739622354540629, -17.292524359658767 ], [ -69.761837854560866, -17.280435484650148 ], [ -69.765289104565724, -17.263363234634642 ], [ -69.788246104588154, -17.236443359612196 ], [ -69.798732479597476, -17.232007859609237 ], [ -69.850783229640413, -17.244081984626067 ], [ -69.875544979663616, -17.222320359608332 ], [ -69.898632854683413, -17.220906234609284 ], [ -69.942796854723184, -17.197837859591957 ], [ -69.967955104746324, -17.1785176095762 ], [ -69.972279354751066, -17.166007859564942 ], [ -69.981363979758598, -17.168622484568161 ], [ -69.987630854765371, -17.151423859552672 ], [ -70.013942104788626, -17.141014484545188 ], [ -70.025131854799668, -17.122181484528561 ], [ -70.040330354812198, -17.127678984534903 ], [ -70.046804729819883, -17.099433609509102 ], [ -70.042335979819228, -17.058712859470827 ], [ -70.099637979871545, -17.006009234426081 ], [ -70.095288854869324, -16.985847859406995 ], [ -70.146624979915885, -16.93873048436674 ], [ -70.118056354892857, -16.923757859350808 ], [ -70.105597479884239, -16.897263734325229 ], [ -70.094278854875228, -16.890924859318513 ], [ -70.090313854877692, -16.810854734243637 ], [ -70.057816354852676, -16.787812484219732 ], [ -70.057124979853455, -16.77016410920325 ], [ -70.032208604834523, -16.752924859185224 ], [ -70.035541979837987, -16.742889734176135 ], [ -70.010213979817649, -16.74133948417262 ], [ -69.995563104806777, -16.729775984160632 ], [ -69.996910354809472, -16.710258109142575 ], [ -70.010107979820873, -16.700435359134513 ], [ -70.011766729823151, -16.688483859123529 ], [ -69.998390604813551, -16.675148359110004 ], [ -70.001471729817538, -16.656573984092958 ], [ -70.024149854837631, -16.631408359071401 ], [ -70.048611604857413, -16.627707984069911 ], [ -70.08784510488691, -16.655232234098534 ], [ -70.137832354929287, -16.628574734077279 ], [ -70.14876085493907, -16.615313359065677 ], [ -70.165705979952989, -16.613324109064965 ], [ -70.176243729962835, -16.594152984047813 ], [ -70.17545560496427, -16.561530734017374 ], [ -70.184777979973362, -16.537608608995697 ], [ -70.20049485498599, -16.53958973399854 ], [ -70.22866623001093, -16.50607573396907 ], [ -70.301169980071833, -16.478671858947692 ], [ -70.313401605082447, -16.468152983938545 ], [ -70.306313855077718, -16.447205608918672 ], [ -70.316735105086423, -16.444398608916604 ], [ -70.325051730094643, -16.417524983892019 ], [ -70.360887605124461, -16.410831358887599 ], [ -70.356553730121405, -16.400270608877548 ], [ -70.38225698014331, -16.38592373386544 ], [ -70.370595105134498, -16.368650483848793 ], [ -70.356603855123026, -16.367698733847224 ], [ -70.345610730114984, -16.348139483828454 ], [ -70.338757980110628, -16.322798358804516 ], [ -70.346595480117912, -16.305602483788892 ], [ -70.340280730114543, -16.270093233755514 ], [ -70.345134855119156, -16.256101983742745 ], [ -70.32403323010405, -16.21787223370605 ], [ -70.334596605113404, -16.201568108691415 ], [ -70.362279355135513, -16.206498608697398 ], [ -70.373753105146264, -16.175917358669491 ], [ -70.401942105170392, -16.149029733645786 ], [ -70.408301605176831, -16.120795733619783 ], [ -70.403228730174263, -16.087231358588284 ], [ -70.434282230200537, -16.06187835856608 ], [ -70.440124730206378, -16.036751483542943 ], [ -70.447464855212417, -16.034470733541141 ], [ -70.465778980226645, -16.050369108556712 ], [ -70.48255960524078, -16.039474858547273 ], [ -70.507324230261119, -16.038144483547025 ], [ -70.510322355263909, -16.029986358539539 ], [ -70.526075480276972, -16.026723483537115 ], [ -70.562889980308938, -15.982499983497302 ], [ -70.624769980359645, -16.003019983518517 ], [ -70.640822230373502, -15.987636733504718 ], [ -70.681851605406976, -16.021068358537093 ], [ -70.724359980442614, -16.033669983550041 ], [ -70.741239980457394, -16.016179983534226 ], [ -70.775969980487048, -16.013399983532526 ], [ -70.799969605508466, -15.975963608498269 ], [ -70.80750910551464, -15.988016983509674 ], [ -70.841308605544, -15.971826608495391 ], [ -70.832199230536702, -15.949095733474019 ], [ -70.843276980546776, -15.923255858450194 ], [ -70.865783605566833, -15.889386108419165 ], [ -70.885909980584046, -15.893464983423387 ], [ -70.893821730590986, -15.886908483417454 ], [ -70.890068105588483, -15.851938233384812 ], [ -70.942268355634965, -15.774924233314128 ], [ -70.933219855627271, -15.770673733309993 ], [ -70.922630355618622, -15.746190983286999 ], [ -70.904754605603443, -15.7373399832784 ], [ -70.899925105599706, -15.717626608259948 ], [ -70.917861980615712, -15.686342233231176 ], [ -70.917983980616626, -15.643800733191561 ], [ -70.939163230635288, -15.618023858167977 ], [ -70.982368480672775, -15.59804348315016 ], [ -71.006187480693796, -15.569043108123569 ], [ -71.007194480695077, -15.54294973309929 ], [ -71.018356355704938, -15.529378983086838 ], [ -71.008033730696198, -15.51924035807723 ], [ -71.018363980705431, -15.500021983059501 ], [ -70.992927605684258, -15.458859483020738 ], [ -71.005912730695712, -15.441682858004977 ], [ -71.027122480714098, -15.432039232996342 ], [ -71.038970980724727, -15.405165732971509 ], [ -71.006118980697707, -15.335227357905847 ], [ -70.98511335568007, -15.316676607888201 ], [ -70.959058355657874, -15.319051607889953 ], [ -70.95015648065062, -15.301954357873862 ], [ -70.985280605681396, -15.249029607825229 ], [ -70.962502480662664, -15.215636857793728 ], [ -70.982009730680389, -15.149451982732433 ], [ -70.978641855678205, -15.111367857696921 ], [ -70.994138855691602, -15.094801857681761 ], [ -70.993383480692003, -15.03581485762683 ], [ -71.004206355701797, -14.99865673259241 ], [ -71.004050105702134, -14.971877232567465 ], [ -70.984740355686284, -14.946068482543096 ], [ -70.99597335569662, -14.893905232494729 ], [ -70.991367855693326, -14.861269357464257 ], [ -70.996591855698043, -14.843943482448225 ], [ -70.994675480696657, -14.829898982435118 ], [ -70.97832660568308, -14.824154607429481 ], [ -70.983708980688249, -14.786031232394071 ], [ -70.975059230681396, -14.764981982374319 ], [ -71.01309348071365, -14.739693857351424 ], [ -71.027763480725639, -14.760074982370648 ], [ -71.035693855732418, -14.752117357363373 ], [ -71.053240480747206, -14.754330482365708 ], [ -71.089510355778486, -14.713188107327934 ], [ -71.08804298077753, -14.695701107311645 ], [ -71.110106980796573, -14.673537107291294 ], [ -71.118091730803684, -14.647949857267587 ], [ -71.109118480796269, -14.633950857254444 ], [ -71.073904855766528, -14.631446482251603 ], [ -71.031041980731104, -14.593262607215378 ], [ -71.010053105713482, -14.597541982219019 ], [ -71.020430730722367, -14.585345482207835 ], [ -71.014710355717725, -14.57797848220088 ], [ -70.999542855705172, -14.572301482195352 ], [ -70.977703230686856, -14.583021107204946 ], [ -70.966116480677513, -14.568335982191051 ], [ -70.999348855706216, -14.502638107130474 ], [ -70.986585355695709, -14.498717982126609 ], [ -70.987972605697607, -14.455320357086215 ], [ -70.962352980676712, -14.444538982075734 ], [ -70.985820855696701, -14.406725607040929 ], [ -70.97869160569104, -14.394484357029416 ], [ -70.986035980697324, -14.379762482015838 ], [ -70.970482480684581, -14.3782838570142 ], [ -70.962084980678014, -14.361168231998096 ], [ -70.929772730652047, -14.340878231978616 ], [ -70.912182105637754, -14.341473106978812 ], [ -70.913456855639538, -14.303319481943312 ], [ -70.892822730623266, -14.286671856927422 ], [ -70.890989355622054, -14.272714981914381 ], [ -70.879914605613237, -14.270434106912013 ], [ -70.882164980615414, -14.253465231896264 ], [ -70.899792605629969, -14.232986231877566 ], [ -70.894579730626248, -14.20910860685523 ], [ -70.882143855616548, -14.198785606845368 ], [ -70.889393480622587, -14.187038856834558 ], [ -70.886610105620676, -14.172314356820822 ], [ -70.867337980605356, -14.169561231817827 ], [ -70.846259730589125, -14.14889910679813 ], [ -70.821144480569544, -14.141146856790366 ], [ -70.806130105558253, -14.120320106770627 ], [ -70.805610230558386, -14.099284356751031 ], [ -70.79004298054673, -14.080968356733614 ], [ -70.795882855551469, -14.072119106725506 ], [ -70.817914730568717, -14.067582856721788 ], [ -70.829471730577552, -14.076336856730219 ], [ -70.831665980579615, -14.06152148171647 ], [ -70.849524105593801, -14.054171481710025 ], [ -70.860391105602901, -14.030841856688554 ], [ -70.853534605597872, -14.012859356671656 ], [ -70.840362230587658, -14.008167106666985 ], [ -70.852636105597512, -13.998196731657991 ], [ -70.846275605593277, -13.963541231625575 ], [ -70.809672855566006, -13.912264231577005 ], [ -70.814184230569737, -13.901128356566762 ], [ -70.83085960558283, -13.895075106561482 ], [ -70.825624730579136, -13.878053731545524 ], [ -70.832420355584887, -13.856872481525977 ], [ -70.854160605601891, -13.853548231523336 ], [ -70.875135855618623, -13.838986106510225 ], [ -70.87931598062238, -13.81567260648861 ], [ -70.853926480602922, -13.798604981472181 ], [ -70.84908285559878, -13.81529923148762 ], [ -70.82840035558246, -13.82763085649864 ], [ -70.767726605536325, -13.814384731484886 ], [ -70.732216855509293, -13.823449231492402 ], [ -70.709185730491541, -13.843148481510132 ], [ -70.698858230485001, -13.803167606472607 ], [ -70.713863980496981, -13.77280135644477 ], [ -70.722091480503167, -13.770641981442981 ], [ -70.718702105500796, -13.764901856437531 ], [ -70.735375730514036, -13.73529935641044 ], [ -70.735866855514999, -13.712450356389169 ], [ -70.721235105504476, -13.700155606377331 ], [ -70.715128855501021, -13.662253981341896 ], [ -70.689519980482459, -13.652593106332205 ], [ -70.662806980462832, -13.660567106338835 ], [ -70.616190855431128, -13.609062481289481 ], [ -70.58860423041213, -13.598584481278834 ], [ -70.577870105405097, -13.585841106266617 ], [ -70.543625480381849, -13.577635231257766 ], [ -70.546597730384917, -13.549843356232014 ], [ -70.538873605380346, -13.53125673121445 ], [ -70.488794730348161, -13.500380731183835 ], [ -70.452617980326878, -13.447918356133551 ], [ -70.471826980339557, -13.439927981126901 ], [ -70.442645980322766, -13.395405481084271 ], [ -70.451115855329434, -13.365169731056479 ], [ -70.419825355310095, -13.358553731049023 ], [ -70.399500355296951, -13.371643606060314 ], [ -70.392731105294061, -13.344771856035004 ], [ -70.402502605300725, -13.329410481021132 ], [ -70.39559873029711, -13.316665481008974 ], [ -70.36805748028101, -13.3070724809988 ], [ -70.345846605267639, -13.312746106003006 ], [ -70.346648105268969, -13.295187230986723 ], [ -70.370837480284138, -13.276411355970387 ], [ -70.405352355305212, -13.269408480965435 ], [ -70.422954980316632, -13.254719105952519 ], [ -70.41630885531309, -13.24260710594096 ], [ -70.390626480298067, -13.232108480930062 ], [ -70.38446385529565, -13.204735855904316 ], [ -70.385576855298069, -13.167038980869293 ], [ -70.40122710530801, -13.153229980857155 ], [ -70.389662105302165, -13.131538355836435 ], [ -70.409040605313351, -13.138859730844111 ], [ -70.417695105318856, -13.133089980839134 ], [ -70.404406730311166, -13.12608460583202 ], [ -70.402868105310787, -13.114412855821092 ], [ -69.649863229998687, -13.341716855971823 ], [ -68.871873230379094, -13.003925855486502 ], [ -68.871157355374635, -13.018605605499795 ], [ -68.853175605394853, -13.015900480491071 ], [ -68.866781230374841, -13.030878605509615 ], [ -68.851663855390441, -13.03244998050584 ], [ -68.850112355386457, -13.047985105519619 ], [ -68.863001855372872, -13.047428105523611 ], [ -68.854170105377747, -13.059860105531998 ], [ -68.869108480354242, -13.08150185555716 ], [ -68.859799355358788, -13.095664480567045 ], [ -68.866383355346443, -13.11098073058344 ], [ -68.859242480352961, -13.1132881055831 ], [ -68.873106605338876, -13.113089230587697 ], [ -68.865965730343888, -13.119295355590987 ], [ -68.878019730325732, -13.136202855610737 ], [ -68.867696105336705, -13.13439285560551 ], [ -68.869904230329269, -13.14893335561972 ], [ -68.858088730340626, -13.150524605617077 ], [ -68.870858980321472, -13.168028980637667 ], [ -68.856795855334866, -13.169958480634584 ], [ -68.861132105325595, -13.183484480648589 ], [ -68.872131980315444, -13.181356105650408 ], [ -68.852220855324603, -13.210695730670592 ], [ -68.85466748031989, -13.21688198067717 ], [ -68.861390730314838, -13.212446230675418 ], [ -68.86274335530895, -13.225017480687498 ], [ -68.853795855318879, -13.222090605681679 ], [ -68.857527230310453, -13.235006980694914 ], [ -68.845287480318333, -13.246693105701391 ], [ -68.859515855300856, -13.255960105714943 ], [ -68.852914230305345, -13.261393105717666 ], [ -68.859331355296973, -13.267195230725271 ], [ -68.849018855306184, -13.269614480723877 ], [ -68.861914605292981, -13.271275230729934 ], [ -68.856912230289538, -13.29399135574918 ], [ -68.868400355276464, -13.299826230758574 ], [ -68.859406230280456, -13.312287105766924 ], [ -68.878787855256334, -13.32937798078944 ], [ -68.86802535526472, -13.333501980789551 ], [ -68.878998105250801, -13.344402355803394 ], [ -68.867001980259431, -13.350767605805148 ], [ -68.875367230250689, -13.353882855810904 ], [ -68.868796855254743, -13.359242230813607 ], [ -68.888462855232675, -13.371912105832044 ], [ -68.883156105233965, -13.381406230839016 ], [ -68.89167773022595, -13.383185605843551 ], [ -68.884581980228589, -13.393097605850304 ], [ -68.894697355216849, -13.401709355861682 ], [ -68.885327980223906, -13.40443610586104 ], [ -68.89774998021025, -13.413263730873403 ], [ -68.889486355209471, -13.435396480891056 ], [ -68.90051948020033, -13.435220730894624 ], [ -68.898796855197745, -13.446712855904668 ], [ -68.905998105195167, -13.437068230898147 ], [ -68.896076230194893, -13.461259730917197 ], [ -68.905990230188436, -13.456671855916282 ], [ -68.90144335518734, -13.470449230927484 ], [ -68.908331980182126, -13.469539105928938 ], [ -68.905482480182371, -13.475386730933396 ], [ -68.916757730170431, -13.484271105945343 ], [ -68.907429230176106, -13.489089105946729 ], [ -68.921944730157705, -13.510103730970908 ], [ -68.914543480162507, -13.512543480970763 ], [ -68.919337855154481, -13.525328105984144 ], [ -68.922067730155177, -13.51727948097761 ], [ -68.935168605141527, -13.529088730992781 ], [ -68.940827105139689, -13.522281855988306 ], [ -68.93561960513928, -13.534747230998152 ], [ -68.949515605123892, -13.551533231018105 ], [ -68.945804730120841, -13.568577981032716 ], [ -68.958058605105577, -13.589812481056217 ], [ -68.95247260510456, -13.604400356067956 ], [ -68.972236355092619, -13.601390606071336 ], [ -68.972435605089373, -13.611107481080387 ], [ -69.005044980065549, -13.624119106102302 ], [ -68.990203105070933, -13.634894481107839 ], [ -68.995789105062187, -13.652390606125726 ], [ -69.020329230046798, -13.657632856137827 ], [ -69.025048855046307, -13.650749981132833 ], [ -69.033003855041159, -13.653861356138021 ], [ -69.035593730043772, -13.640482481126357 ], [ -69.046845730036623, -13.644996106133753 ], [ -69.063192105024399, -13.659405856151674 ], [ -69.067242230014671, -13.686751981178123 ], [ -69.035501980021394, -13.716201106196454 ], [ -69.025947230019284, -13.739292981215096 ], [ -69.007759730028937, -13.738501481209026 ], [ -68.974455105040434, -13.76058785621939 ], [ -68.980357480029966, -13.782982481241913 ], [ -68.99238773002493, -13.778046856241037 ], [ -68.994230105020961, -13.787512356250364 ], [ -68.974282730029145, -13.796173106252271 ], [ -68.958591605039999, -13.790498106242117 ], [ -68.917235605057485, -13.814172356250683 ], [ -68.923070355049035, -13.828039856265432 ], [ -68.941050480034207, -13.839539731281935 ], [ -68.950964980015542, -13.878670356321329 ], [ -68.972800855002475, -13.882187231331454 ], [ -68.982527604993408, -13.894712356346041 ], [ -68.982834729982045, -13.930081856378894 ], [ -68.963301104986016, -13.948669606390052 ], [ -68.978893229969245, -13.976530106420693 ], [ -68.95401185497235, -14.005277981439527 ], [ -68.946289479976556, -14.004518981436346 ], [ -68.936339854974534, -14.026345731453331 ], [ -68.917941354984151, -14.027351606448212 ], [ -68.909048854984604, -14.040419981457362 ], [ -68.890320354993221, -14.046605481456721 ], [ -68.87942972999322, -14.064673856469684 ], [ -68.884050729983628, -14.083919981489077 ], [ -68.875283229987758, -14.086790981488704 ], [ -68.871128854981464, -14.111056606509701 ], [ -68.849257854984614, -14.138298856527115 ], [ -68.83328910499209, -14.144873106527381 ], [ -68.833701229988392, -14.153943356535933 ], [ -68.846251979980991, -14.153033106539665 ], [ -68.856179729971458, -14.162667981552156 ], [ -68.846314479964562, -14.196939481580353 ], [ -68.826755854969321, -14.215607481590439 ], [ -68.962406229898392, -14.220054731641129 ], [ -68.968937479890798, -14.235234356657257 ], [ -68.985005729883966, -14.237115231664005 ], [ -68.988395104878521, -14.250430231677383 ], [ -68.979248729877085, -14.265625481688653 ], [ -69.005176354860041, -14.290865856719989 ], [ -69.015243354849517, -14.314709231745065 ], [ -68.985406604840321, -14.37466335679161 ], [ -69.004013229829425, -14.391165231812606 ], [ -69.005263729824989, -14.404343731825195 ], [ -69.024810729818853, -14.406808481833316 ], [ -69.028384104812488, -14.424818856851058 ], [ -69.050382354805947, -14.429128106861423 ], [ -69.061229729799706, -14.442538481876946 ], [ -69.081949229795129, -14.444439481884514 ], [ -69.097482729781007, -14.485722481927061 ], [ -69.112524604778741, -14.486149981931487 ], [ -69.118292979772136, -14.50789360695317 ], [ -69.15403247976495, -14.521617606975136 ], [ -69.143541604763584, -14.530258231980477 ], [ -69.150030354750086, -14.580314232028607 ], [ -69.179247604746109, -14.590522232045361 ], [ -69.221352479747736, -14.581787982047313 ], [ -69.231013729741548, -14.608733857074572 ], [ -69.227901229730776, -14.654161107116032 ], [ -69.244902979729886, -14.661326857126589 ], [ -69.258372979725564, -14.683976732150635 ], [ -69.224870604710631, -14.739024732194142 ], [ -69.239939979706875, -14.759473732216616 ], [ -69.270851604707445, -14.769570357232901 ], [ -69.301203729712014, -14.765298982235464 ], [ -69.353796854712854, -14.801665732280018 ], [ -69.356789104703353, -14.85198248232736 ], [ -69.343871354694585, -14.882726857353367 ], [ -69.353836479688226, -14.924407982394081 ], [ -69.36458785468929, -14.930980482402306 ], [ -69.360574229682399, -14.961060607429474 ], [ -69.323240229665245, -15.004587857462406 ], [ -69.314359354655636, -15.041234357494625 ], [ -69.299521479651162, -15.047371107497197 ], [ -69.304095729650811, -15.053634732503999 ], [ -69.290124979643338, -15.074714857520599 ], [ -69.292445354641842, -15.083738232529488 ], [ -69.285933604640618, -15.083130857527522 ], [ -69.284646479637445, -15.096470732539633 ], [ -69.272691354633409, -15.103476482543531 ], [ -69.277285229632923, -15.109902107550525 ], [ -69.268425729632369, -15.1043437325434 ], [ -69.265610979628931, -15.117240857554776 ], [ -69.262572979629994, -15.109715357547094 ], [ -69.243463229625846, -15.112206107545108 ], [ -69.243935479623701, -15.121849232554162 ], [ -69.23624022962278, -15.119693357550402 ], [ -69.229607479618721, -15.132162107560449 ], [ -69.190451229605827, -15.158775732575878 ], [ -69.154005854586316, -15.215109357619113 ], [ -69.131781229578522, -15.233435482630393 ], [ -69.13182422957523, -15.245869107641958 ], [ -69.119679729570109, -15.259322232651254 ], [ -69.137335979573578, -15.255152357652037 ], [ -69.152156229572199, -15.268890607668631 ], [ -69.176296104578114, -15.26135973266771 ], [ -69.177969854573931, -15.279176482684678 ], [ -69.193487854572737, -15.295820982703962 ], [ -69.194792729568306, -15.315039232722141 ], [ -69.206563979568557, -15.324252107733537 ], [ -69.215641604572227, -15.317158107729107 ], [ -69.248558354567635, -15.37080898278661 ], [ -69.260329479570004, -15.374036357792271 ], [ -69.249846979555201, -15.426719232838893 ], [ -69.232334604546949, -15.441795857848874 ], [ -69.240826604544978, -15.460393482868129 ], [ -69.253511354546575, -15.469192607879206 ], [ -69.290071729564673, -15.436879607857255 ], [ -69.311724854563863, -15.472966232895413 ], [ -69.300582979557333, -15.486346857905501 ], [ -69.313383354560273, -15.492526357913951 ], [ -69.30885985455609, -15.50512985792472 ], [ -69.331464479557141, -15.537979232959975 ], [ -69.391109729585466, -15.507250982943185 ], [ -69.374839479582334, -15.491466232925376 ], [ -69.377084729585022, -15.482022107917022 ], [ -69.367888729578837, -15.496190857928415 ], [ -69.372590854579329, -15.502537732935245 ], [ -69.361847354576014, -15.499208982930032 ], [ -69.363078854573502, -15.514148357944167 ], [ -69.350020479569338, -15.510837732938494 ], [ -69.359098729574285, -15.502749732932783 ], [ -69.358370979577941, -15.482933732914214 ], [ -69.376110479586714, -15.471496232907072 ], [ -69.398156979592855, -15.482723732921704 ], [ -69.43307447960747, -15.478307482924036 ], [ -69.43220110460561, -15.486703982931688 ], [ -69.414988979596615, -15.497976732939046 ], [ -69.432143979602159, -15.505596982949253 ], [ -69.441814479608752, -15.491095232937505 ], [ -69.435724479608766, -15.47727098292355 ], [ -69.440323604613241, -15.4625576079107 ], [ -69.459769604622835, -15.453290357905503 ], [ -69.477371104634827, -15.426185482883318 ], [ -69.499051104646099, -15.413790232875419 ], [ -69.497444354646888, -15.404905232866902 ], [ -69.512387479652901, -15.407395982871668 ], [ -69.531697104664616, -15.386796982855614 ], [ -69.516142229659167, -15.378674607845547 ], [ -69.522110854663168, -15.369968107838426 ], [ -69.540442229669608, -15.379635732850323 ], [ -69.55322122967587, -15.37601448284893 ], [ -69.566589729686243, -15.347564607824513 ], [ -69.573224729688746, -15.350937982828647 ], [ -69.56824622968476, -15.362301107838469 ], [ -69.578622354689543, -15.361888732839644 ], [ -69.589051729692727, -15.373046232851561 ], [ -69.62227897971259, -15.344360857829656 ], [ -69.62939047971571, -15.34629248283245 ], [ -69.623269229711752, -15.353481357838273 ], [ -69.634253104717104, -15.353219982839567 ], [ -69.629799729716282, -15.343708107830093 ], [ -69.640519979722797, -15.334199232822735 ], [ -69.630859104717715, -15.336966357823973 ], [ -69.630129729718249, -15.33071960781807 ], [ -69.653868104734215, -15.297891357790771 ], [ -69.633350229722282, -15.31299385780202 ], [ -69.643944104729712, -15.295898107787574 ], [ -69.64185047973055, -15.2825751077749 ], [ -69.668294729744346, -15.274800482771219 ], [ -69.668702854745419, -15.268198982765135 ], [ -69.655116104738696, -15.269221857764265 ], [ -69.677423854753016, -15.243037107742856 ], [ -69.689333479757352, -15.254661982755218 ], [ -69.68671735475823, -15.237945482739329 ], [ -69.709249729770036, -15.233036357737619 ], [ -69.718129729773167, -15.243871107748804 ], [ -69.735574854782428, -15.241336482748581 ], [ -69.74002185478281, -15.257316357763978 ], [ -69.749768354788785, -15.249797107758139 ], [ -69.759302729792921, -15.257406607766343 ], [ -69.74669260478592, -15.260355232767596 ], [ -69.749006354785777, -15.271659982778388 ], [ -69.73454897977831, -15.270925982775985 ], [ -69.740628979781022, -15.274655107780189 ], [ -69.740601229780452, -15.279244107784461 ], [ -69.723976604771948, -15.278070107781335 ], [ -69.726718729774007, -15.272901482776863 ], [ -69.714454104767071, -15.277926107780038 ], [ -69.699168854755214, -15.309943732807907 ], [ -69.722546104767588, -15.307452607808496 ], [ -69.724410229769902, -15.296504482798555 ], [ -69.750942979785421, -15.283203607789362 ], [ -69.758392479787688, -15.297730982803762 ], [ -69.751663354783503, -15.302652482807547 ], [ -69.773868729795083, -15.30607173281331 ], [ -69.773703354793483, -15.319058232825373 ], [ -69.781199479797479, -15.319887607826992 ], [ -69.793969229806891, -15.299012982809012 ], [ -69.816299354820572, -15.287595232800838 ], [ -69.814963854821301, -15.274082232788114 ], [ -69.830579229829198, -15.28209960779725 ], [ -69.818423104819658, -15.306803857818943 ], [ -69.836792104833037, -15.27889398279493 ], [ -69.838600104833361, -15.28558023280134 ], [ -69.847066229838433, -15.283503982800289 ], [ -69.844410104835831, -15.293686732809475 ], [ -69.857330729843454, -15.29188548280913 ], [ -69.856072729841628, -15.302694482819074 ], [ -69.867070979848009, -15.30261598282012 ], [ -69.869223229850533, -15.290209107808781 ], [ -69.880110729855787, -15.301388357820265 ], [ -69.894892979865162, -15.295082107815851 ], [ -69.875644354852383, -15.309050857826962 ], [ -69.889591854861266, -15.302385232822136 ], [ -69.902705604869027, -15.303081732824051 ], [ -69.895753354864439, -15.307722607827699 ], [ -69.901223854866942, -15.315450982835412 ], [ -69.895432354862592, -15.324601982843381 ], [ -69.889873354859631, -15.321045232839523 ], [ -69.889570229858393, -15.331592982849303 ], [ -69.863772479842609, -15.3368154828516 ], [ -69.868342479844898, -15.340973857855932 ], [ -69.856927979837522, -15.347443857860799 ], [ -69.892651979859323, -15.340973607858333 ], [ -69.873939479847166, -15.351336732866145 ], [ -69.880080729850363, -15.35573185787085 ], [ -69.874046729846711, -15.356450982870902 ], [ -69.87168922984425, -15.366896982880393 ], [ -69.844191479829504, -15.35299960786465 ], [ -69.849451104833292, -15.346000357858692 ], [ -69.847211729832424, -15.341807357854552 ], [ -69.838926854827889, -15.339608482851643 ], [ -69.842568729830234, -15.337076107849667 ], [ -69.845274979832354, -15.331796107845026 ], [ -69.844868104832273, -15.330261607843568 ], [ -69.836589354826572, -15.33892560785076 ], [ -69.846458229831683, -15.34485510785731 ], [ -69.839431979827097, -15.349611982861004 ], [ -69.806930479808997, -15.345101607853332 ], [ -69.791124854799392, -15.35190485785791 ], [ -69.799663479803499, -15.358000482864529 ], [ -69.823677104817406, -15.355418982864744 ], [ -69.83947922982523, -15.367745857877885 ], [ -69.860545604838194, -15.361571107874319 ], [ -69.873860479844524, -15.377161607890153 ], [ -69.876120104847587, -15.359889482874323 ], [ -69.904773479865199, -15.35574023287325 ], [ -69.906492229865123, -15.367422357884291 ], [ -69.920971479874055, -15.366425607884716 ], [ -69.914325479869561, -15.370807732888172 ], [ -69.9255273548752, -15.384261732901747 ], [ -69.923199479875478, -15.365957982884508 ], [ -69.927114479877062, -15.374829857893118 ], [ -69.932854729881882, -15.361115607880885 ], [ -69.927904854876616, -15.384657857902333 ], [ -69.942982104884877, -15.396931732915133 ], [ -69.932189229876812, -15.411512857927731 ], [ -69.937585854879813, -15.41525985793171 ], [ -69.917217354864917, -15.439006357951923 ], [ -69.922283479866636, -15.454388232966721 ], [ -69.896937604846997, -15.494627733001755 ], [ -69.896315479847573, -15.484642232992405 ], [ -69.893125604846176, -15.478815732986673 ], [ -69.895829979846212, -15.495499358002457 ], [ -69.864413979822899, -15.534931358036044 ], [ -69.86043810481813, -15.55760723305675 ], [ -69.849256979810932, -15.560813233058575 ], [ -69.81067960478245, -15.6076722330981 ], [ -69.816144479784498, -15.619286858109495 ], [ -69.807364979778527, -15.625122358113954 ], [ -69.813539479781269, -15.634413108123288 ], [ -69.804603229773676, -15.653972983140513 ], [ -69.792539729765338, -15.662866358147452 ], [ -69.782322104759317, -15.661336483144874 ], [ -69.780614229759223, -15.653189358137089 ], [ -69.770900729752825, -15.65818523314063 ], [ -69.761076229744205, -15.681808608161466 ], [ -69.775902604753085, -15.68219173316356 ], [ -69.798036854768199, -15.667227608152109 ], [ -69.80297772977039, -15.674782358159707 ], [ -69.743764479729009, -15.722836983197615 ], [ -69.752836354733645, -15.729740483205125 ], [ -69.790087854756777, -15.726068983206002 ], [ -69.820693229777788, -15.707576983192144 ], [ -69.850538854799879, -15.67570523316564 ], [ -69.844790229799997, -15.639575733131418 ], [ -69.854874229807791, -15.625002733118897 ], [ -69.880883854825868, -15.607547108105276 ], [ -69.906354979846114, -15.565198983068342 ], [ -69.943225104870521, -15.556506608063685 ], [ -69.939133354867039, -15.565990108072132 ], [ -69.9272869798599, -15.560730733066151 ], [ -69.915140604851373, -15.568760358072492 ], [ -69.929553604860416, -15.570904733075842 ], [ -69.924699104856742, -15.576553483080632 ], [ -69.933164979861061, -15.588856108092868 ], [ -69.927160354857762, -15.582887233086769 ], [ -69.917559479850794, -15.591397733093793 ], [ -69.931117854857092, -15.617756483119592 ], [ -69.918295479849263, -15.612551108113539 ], [ -69.91631822984651, -15.62839873312811 ], [ -69.925589729852319, -15.630395233130843 ], [ -69.926271479851451, -15.644543733144081 ], [ -69.939253104859191, -15.652823608152971 ], [ -69.948249979863121, -15.675033108174464 ], [ -69.958555354870953, -15.663716483164841 ], [ -69.967371104876676, -15.665447483167236 ], [ -69.9617042298717, -15.679185358179524 ], [ -69.962593104872226, -15.679747608180127 ], [ -69.966008729874673, -15.677880983178696 ], [ -69.968137604876105, -15.678084608179077 ], [ -69.955083479866559, -15.687424733186614 ], [ -69.963538354872171, -15.687586858187519 ], [ -69.95601572986709, -15.688286983187494 ], [ -69.964375479872388, -15.691704733191429 ], [ -69.964867979871826, -15.701523483200599 ], [ -69.97489385487826, -15.705276983204971 ], [ -69.999469979896475, -15.686832733189894 ], [ -70.018627479909156, -15.692106358196398 ], [ -70.034179729917426, -15.72262760822607 ], [ -70.023851354908658, -15.742205483243461 ], [ -70.03596122991614, -15.754191108255592 ] ], [ [ -69.590086115158229, -16.106728237763509 ], [ -69.591472604586414, -16.106771483534683 ], [ -69.590086729585579, -16.10672848353444 ], [ -69.590086115158229, -16.106728237763509 ] ], [ [ -69.736249979635971, -16.46099998388388 ], [ -69.736639354636225, -16.460970358883905 ], [ -69.736638729636226, -16.460970733883901 ], [ -69.736249979635971, -16.46099998388388 ] ], [ [ -69.799579854677759, -16.497639983925364 ], [ -69.799578479677734, -16.497640608925366 ], [ -69.800535354678544, -16.496942733924815 ], [ -69.799579854677759, -16.497639983925364 ] ], [ [ -69.940092604821004, -16.079297733550057 ], [ -69.940093229821017, -16.079296358550049 ], [ -69.940255854821146, -16.079005858549802 ], [ -69.940092604821004, -16.079297733550057 ] ], [ [ -69.887743104869585, -15.206932607733128 ], [ -69.910695229884013, -15.19592085772509 ], [ -69.930907104900285, -15.149188357683482 ], [ -69.949646479911166, -15.151826357687646 ], [ -69.954866729912183, -15.17485073270953 ], [ -69.966193604919951, -15.164516857700916 ], [ -69.988585354938337, -15.1089172326511 ], [ -69.99715735494091, -15.14018935768093 ], [ -69.990262604934287, -15.168452232706642 ], [ -70.020887854954793, -15.14984635769186 ], [ -70.016324479952402, -15.144736607686744 ], [ -70.026218479958501, -15.14542060768818 ], [ -70.019382229953138, -15.158627607699914 ], [ -70.026235104957465, -15.15801735769989 ], [ -70.039166354968103, -15.126778107671853 ], [ -70.034243729965681, -15.118601732663866 ], [ -70.044133854972486, -15.110780732657355 ], [ -70.066898354986122, -15.120678482668323 ], [ -70.092749230000834, -15.146215607694007 ], [ -70.118343855017372, -15.149089857698515 ], [ -70.11616435501459, -15.167929982715899 ], [ -70.06391235497864, -15.193595232735964 ], [ -69.97383710492106, -15.204978357739234 ], [ -69.948623604904327, -15.22071110775166 ], [ -69.966458979917419, -15.195042982729344 ], [ -69.948844229905433, -15.209748857741475 ], [ -69.941978104901864, -15.203721232735246 ], [ -69.947795354905907, -15.197538982730009 ], [ -69.946677729905744, -15.192141982724893 ], [ -69.932137354894238, -15.222516982751838 ], [ -69.926602854892124, -15.209658232739365 ], [ -69.924004604889774, -15.218101982746973 ], [ -69.911293854882928, -15.210902982739077 ], [ -69.902742354877219, -15.218053107744918 ], [ -69.89569322987424, -15.206314357733321 ], [ -69.887743104869585, -15.206932607733128 ] ], [ [ -70.201837105034613, -15.771510358283457 ], [ -70.170879355012943, -15.752821733264087 ], [ -70.14209572999215, -15.749278608258859 ], [ -70.153292855001268, -15.73485273324618 ], [ -70.147570854997426, -15.730257858241517 ], [ -70.163702230009903, -15.71928310823238 ], [ -70.152282480001389, -15.722176358234311 ], [ -70.150212105000548, -15.712319358225004 ], [ -70.188303480027443, -15.726267608240486 ], [ -70.198996355035959, -15.716274733231863 ], [ -70.192854355032239, -15.703468358219546 ], [ -70.200236730037886, -15.700066233216846 ], [ -70.209473605043314, -15.722342858238159 ], [ -70.201837105034613, -15.771510358283457 ] ] ] ] } },
{ "type": "Feature", "properties": { "NOMBDEP": "SAN MARTIN", "COUNT": 77, "FIRST_IDDP": "22", "HECTARES": 5096125.898 }, "geometry": { "type": "Polygon", "coordinates": [ [ [ -76.05024998535221, -6.932244100088599 ], [ -76.035640110338605, -6.993146475145314 ], [ -76.020490110324502, -6.989657350142077 ], [ -76.008113235312962, -7.002220725153785 ], [ -76.010717110315397, -7.078379850224686 ], [ -76.020255610324284, -7.107525350251837 ], [ -76.046585610348799, -7.121430225264803 ], [ -76.059944985361241, -7.161301225301928 ], [ -76.143525235439057, -7.203962475341664 ], [ -76.145714985441103, -7.217929225354661 ], [ -76.159275610453733, -7.230568600366424 ], [ -76.166661485460622, -7.267596350400926 ], [ -76.213111360503859, -7.310142600440563 ], [ -76.195918235487852, -7.334402850463154 ], [ -76.214550610505185, -7.40452072552846 ], [ -76.16727536046119, -7.493017600610861 ], [ -76.121910860418922, -7.525992350641579 ], [ -76.115670985413118, -7.562502725675584 ], [ -76.091373610390505, -7.560355725673573 ], [ -76.087253735386682, -7.580747725692572 ], [ -76.079718610379658, -7.584335975695915 ], [ -76.084904735384484, -7.60511835071527 ], [ -76.093871485392825, -7.609725975719551 ], [ -76.082855485382581, -7.619652350728805 ], [ -76.082374985382117, -7.631888725740185 ], [ -76.101332110399781, -7.650456350757503 ], [ -76.101592610400047, -7.72266397582475 ], [ -76.086673860386142, -7.729231725830853 ], [ -76.084435110384049, -7.762560975861893 ], [ -76.067070235367865, -7.769289600868174 ], [ -76.060550985361814, -7.787813850885395 ], [ -76.043802985346204, -7.792343600889631 ], [ -76.037301110340152, -7.81692647591252 ], [ -76.008491735313314, -7.856042600948958 ], [ -76.006039735311035, -7.890586850981144 ], [ -75.988166985294399, -7.892326600982738 ], [ -75.975661485282743, -7.908968100998258 ], [ -75.985855485292248, -7.91714435100586 ], [ -75.993509735299355, -7.953566351039788 ], [ -75.966979485274649, -7.960359351046109 ], [ -75.939455610249055, -7.946120101032861 ], [ -75.927837860238213, -7.957255976043229 ], [ -75.895207610207819, -7.933930476021503 ], [ -75.85879323517392, -7.921125351009576 ], [ -75.829492860146615, -7.97349585105833 ], [ -75.844932735160995, -8.059638101138567 ], [ -75.88730598520047, -8.074876976152764 ], [ -75.920988485231845, -8.073119351151137 ], [ -75.929364735239631, -8.089302851166222 ], [ -75.951802985260542, -8.101295226177358 ], [ -75.940637235250136, -8.110459226185917 ], [ -75.934026985243975, -8.134428476208218 ], [ -75.941164860250638, -8.186183976256434 ], [ -75.926474610236951, -8.206219226275094 ], [ -75.912885860224293, -8.256099976321552 ], [ -75.920816110231669, -8.299674226362116 ], [ -75.948657985257597, -8.318280101379447 ], [ -75.962219860270224, -8.314300851375743 ], [ -75.986425735292769, -8.322294976383187 ], [ -76.001044860306379, -8.314560601375986 ], [ -76.004470735309567, -8.32271097638356 ], [ -76.038060485340864, -8.330611351390949 ], [ -76.042595735345074, -8.341591851401166 ], [ -76.056347610357889, -8.329290976389716 ], [ -76.074253860374554, -8.340183601399858 ], [ -76.086068360385568, -8.336306601396236 ], [ -76.113234360410857, -8.384238226440882 ], [ -76.108714860406664, -8.415990226470452 ], [ -76.130667985427095, -8.467876976518776 ], [ -76.126396485423115, -8.545417976591006 ], [ -76.135021485431139, -8.56730472661137 ], [ -76.120160110417288, -8.589562476632105 ], [ -76.121074235418149, -8.633755976673283 ], [ -76.107617110405627, -8.640466851679509 ], [ -76.107128860405183, -8.648800726687274 ], [ -76.115499985412981, -8.65768360169556 ], [ -76.130029235426505, -8.655287101693316 ], [ -76.139488235435294, -8.666640601703888 ], [ -76.150880860445923, -8.708654351743027 ], [ -76.145265610440674, -8.711435601745601 ], [ -76.155978485450646, -8.732755851765443 ], [ -76.162857235457068, -8.731478476764284 ], [ -76.166171860460167, -8.756040976787128 ], [ -76.197337860489185, -8.75731447678832 ], [ -76.202257860493773, -8.773521476803422 ], [ -76.213772360504478, -8.773519976803428 ], [ -76.216281235506798, -8.787519476816463 ], [ -76.234787110524053, -8.794540976823006 ], [ -76.231777485521263, -8.779480476808979 ], [ -76.240884110529748, -8.768041976798333 ], [ -76.231447235520932, -8.760133726790956 ], [ -76.244027360532669, -8.751533226782945 ], [ -76.228505860518183, -8.746080101777883 ], [ -76.257126985544858, -8.70937110174369 ], [ -76.254884735542745, -8.690068351725719 ], [ -76.267943360554909, -8.688087726723849 ], [ -76.262992235550286, -8.682208976718373 ], [ -76.247085985535492, -8.685861351721785 ], [ -76.2527792355408, -8.665312476702649 ], [ -76.268726735555646, -8.651019226689352 ], [ -76.262464860549812, -8.638298976677499 ], [ -76.269552735556402, -8.627498101667426 ], [ -76.261599610549027, -8.61635760165704 ], [ -76.285271485571059, -8.586589851629343 ], [ -76.280358610566495, -8.573563976617187 ], [ -76.301808610586463, -8.573615226617232 ], [ -76.300960985585661, -8.558751976603403 ], [ -76.324025360607109, -8.525023476572006 ], [ -76.311436860595421, -8.505005351553352 ], [ -76.327426860610302, -8.47990835152997 ], [ -76.321716110604982, -8.469839476520599 ], [ -76.33283698561533, -8.430525851483978 ], [ -76.356099610637003, -8.42507422647892 ], [ -76.366709985646864, -8.411540726466301 ], [ -76.417496235694145, -8.443748226496311 ], [ -76.436058610711427, -8.469880851520635 ], [ -76.469802610742846, -8.571325976615112 ], [ -76.495308610766585, -8.575760851619256 ], [ -76.494837860766111, -8.549587851594859 ], [ -76.540074235808234, -8.512921851560735 ], [ -76.547806610815414, -8.497640601546488 ], [ -76.566292985832632, -8.508146476556258 ], [ -76.636794860898206, -8.514562476562254 ], [ -76.643484360904438, -8.523648476570703 ], [ -76.678435485936916, -8.521066351568312 ], [ -76.697271485954445, -8.532408226578873 ], [ -76.728403985983363, -8.515004476562657 ], [ -76.740989360995073, -8.524646851571621 ], [ -76.75459373600772, -8.51964460156697 ], [ -76.768424111020565, -8.526809351573636 ], [ -76.79014986104076, -8.523641351570708 ], [ -76.796318736046516, -8.511188226559087 ], [ -76.804449861054053, -8.510572726558518 ], [ -76.842659111089546, -8.525229976572188 ], [ -76.846842361093451, -8.545789726591332 ], [ -76.862540361108017, -8.552537351597607 ], [ -76.864701611110036, -8.566349601610449 ], [ -76.887358111131078, -8.554798101599713 ], [ -76.897084236140103, -8.568750601612699 ], [ -76.935971986176185, -8.566966851611028 ], [ -76.94012273618003, -8.551956726597066 ], [ -76.954226611193121, -8.545339851590901 ], [ -76.977300861214545, -8.560598726605122 ], [ -76.994841861230796, -8.555631726600494 ], [ -77.01159761124633, -8.53768747658377 ], [ -77.031419861264723, -8.540882851586755 ], [ -77.037371111270218, -8.553339851598336 ], [ -77.054871986286429, -8.550605226595785 ], [ -77.061001736292113, -8.53778222658384 ], [ -77.074500861304628, -8.535032726581285 ], [ -77.091650736320489, -8.516981351564466 ], [ -77.081937736311502, -8.487256351536805 ], [ -77.139927736365195, -8.480455101530453 ], [ -77.133843736359538, -8.440021476492783 ], [ -77.119780111346515, -8.447651226499893 ], [ -77.104588986332487, -8.444763476497215 ], [ -77.09319598632193, -8.434469601487642 ], [ -77.086638611315834, -8.407138726462183 ], [ -77.067619111298228, -8.396587851452333 ], [ -77.03401173626709, -8.40470697645992 ], [ -77.000429236235973, -8.38240347643915 ], [ -76.991684736227853, -8.396296351452083 ], [ -76.976898611214153, -8.396138726451937 ], [ -76.968372611206235, -8.371241476428754 ], [ -76.951247361190354, -8.375705226432935 ], [ -76.942679236182386, -8.359945476418236 ], [ -76.927004736167831, -8.359257101417592 ], [ -76.93193023617242, -8.342595101402075 ], [ -76.913745236155549, -8.326089851386708 ], [ -76.910515111152549, -8.295073601357821 ], [ -76.901243236143941, -8.28346635134702 ], [ -76.913078986154915, -8.23698785130372 ], [ -76.925596736166526, -8.218497351286521 ], [ -76.908644236150806, -8.165288101236944 ], [ -76.930210736170807, -8.138456976211952 ], [ -76.947033611186413, -8.139919476213324 ], [ -76.984914861221569, -8.11385347618903 ], [ -76.993880861229869, -8.086917976163965 ], [ -77.02094336125495, -8.05158597613107 ], [ -77.101523486329583, -8.027230476108357 ], [ -77.150535111374921, -8.032042976112827 ], [ -77.166228486389414, -8.021636726103148 ], [ -77.231865236450048, -8.011748101093923 ], [ -77.251312736467995, -8.028003601109063 ], [ -77.260078111476119, -8.048439476128078 ], [ -77.281341611495691, -8.048783226128396 ], [ -77.296664236509827, -8.062565726141234 ], [ -77.349299111558295, -8.054384351133583 ], [ -77.372444236579597, -8.064925726143411 ], [ -77.385472611591553, -8.055386726134518 ], [ -77.37493636158186, -8.031527226112312 ], [ -77.407129611611438, -7.991985601075474 ], [ -77.387445486593336, -7.962887851048365 ], [ -77.390522361596183, -7.947312976033869 ], [ -77.375367361582235, -7.920064226008515 ], [ -77.376909236583643, -7.908821350998029 ], [ -77.410784486614759, -7.900524725990291 ], [ -77.43838473664006, -7.850150350943372 ], [ -77.431573111633796, -7.841736350935522 ], [ -77.442861111644149, -7.813641725909376 ], [ -77.478590236676879, -7.804240475900572 ], [ -77.506550111702452, -7.770380725869043 ], [ -77.525468736719731, -7.76834185086715 ], [ -77.526182111720388, -7.753889225853695 ], [ -77.496146486692922, -7.737951225838853 ], [ -77.48293573668083, -7.719348850821521 ], [ -77.483981361681757, -7.698371850801979 ], [ -77.461279236660971, -7.691371100795479 ], [ -77.460732986660474, -7.680297975785162 ], [ -77.467168361666367, -7.674677850779926 ], [ -77.497889611694475, -7.686354850790801 ], [ -77.509474611705073, -7.676536225781658 ], [ -77.511602486707005, -7.657404975763821 ], [ -77.538391361731456, -7.650227975757149 ], [ -77.522704236717132, -7.633407225741477 ], [ -77.528388736722334, -7.615950100725214 ], [ -77.495247111692038, -7.614134975723552 ], [ -77.485763611683367, -7.603992225714081 ], [ -77.496944736693564, -7.582741475694303 ], [ -77.54006723673298, -7.577413600689317 ], [ -77.529127736722927, -7.516192350632301 ], [ -77.521388736715863, -7.509552600626134 ], [ -77.539076861732028, -7.507385350624091 ], [ -77.559659986750773, -7.464187475583861 ], [ -77.591867236780118, -7.443507100564593 ], [ -77.598968236786561, -7.44851035056923 ], [ -77.613649986799885, -7.419949475542635 ], [ -77.630917736815576, -7.413874600536954 ], [ -77.621678361807184, -7.396994100521252 ], [ -77.639211611823072, -7.343701225471616 ], [ -77.628419236813244, -7.320808725450295 ], [ -77.646920236830013, -7.270050225403021 ], [ -77.637200486821172, -7.253509975387623 ], [ -77.645125486828377, -7.253454725387556 ], [ -77.647350611830376, -7.241514350376415 ], [ -77.638139236821999, -7.243403475378202 ], [ -77.633812486818087, -7.233097600368604 ], [ -77.605530236792404, -7.219161850355624 ], [ -77.607382361794066, -7.206112600343495 ], [ -77.621048736806472, -7.191630725329996 ], [ -77.615504236801428, -7.177997225317284 ], [ -77.634266361818462, -7.169414850309293 ], [ -77.64129573682483, -7.150709100291884 ], [ -77.713378611890022, -7.10788710025194 ], [ -77.718047111894222, -7.087552850233017 ], [ -77.707005986884212, -7.068524850215295 ], [ -77.723830986899387, -7.059598975206959 ], [ -77.739980111913951, -7.035422100184452 ], [ -77.747188736920393, -6.986061850138459 ], [ -77.758933611930914, -6.964507850118376 ], [ -77.738384486912423, -6.948343350103347 ], [ -77.733816361908296, -6.928577350084926 ], [ -77.715760611892037, -6.921201975078077 ], [ -77.707197986884282, -6.908182725065965 ], [ -77.723324861898803, -6.893455975052241 ], [ -77.764748986936013, -6.799758474964938 ], [ -77.731897861906461, -6.783467349949807 ], [ -77.74810936192101, -6.744924974913904 ], [ -77.739500486913244, -6.711099724882402 ], [ -77.746365861919372, -6.668985099843174 ], [ -77.740296611913905, -6.647456224823106 ], [ -77.715935486891965, -6.659123099834009 ], [ -77.701933611879355, -6.676761724850438 ], [ -77.688372986867122, -6.677365099851012 ], [ -77.662661861843873, -6.659899849834752 ], [ -77.660517611841911, -6.641505849817617 ], [ -77.628145361812557, -6.612561724790692 ], [ -77.612336736798227, -6.612261224790426 ], [ -77.568764736758638, -6.638217724814621 ], [ -77.544074236736179, -6.676996099850744 ], [ -77.521197611715337, -6.679679099853239 ], [ -77.510655861705715, -6.672339349846429 ], [ -77.475481986673572, -6.683628474856943 ], [ -77.45646748665618, -6.680522349854066 ], [ -77.405557236609553, -6.726214224896618 ], [ -77.400135361604569, -6.708452849880089 ], [ -77.381732986587693, -6.697589099869973 ], [ -77.404986111609006, -6.663054349837818 ], [ -77.407656236611473, -6.646331974822236 ], [ -77.423692611626151, -6.638061974814519 ], [ -77.43565436163712, -6.618070349795921 ], [ -77.43788086163913, -6.602527349781432 ], [ -77.393869861598802, -6.6026882247816 ], [ -77.380511736586541, -6.569227974750428 ], [ -77.359290986567046, -6.564445349745981 ], [ -77.344846736553777, -6.547229099729943 ], [ -77.326356611536752, -6.468027349656184 ], [ -77.305914736517963, -6.45372372464289 ], [ -77.297670736510341, -6.42473997461588 ], [ -77.273158611487773, -6.40653084959892 ], [ -77.286659986500197, -6.331023474528595 ], [ -77.261690361477221, -6.327144849525 ], [ -77.243653111460588, -6.33812047453522 ], [ -77.221456361440133, -6.381132724575305 ], [ -77.208964986428626, -6.375043349569631 ], [ -77.171732486394234, -6.381169974575326 ], [ -77.144346861368959, -6.349096599545453 ], [ -77.132302736357829, -6.322550724520748 ], [ -77.132725236358212, -6.302421099501994 ], [ -77.170790736393371, -6.265198974467316 ], [ -77.174070236396361, -6.246529349449922 ], [ -77.211626736431043, -6.215840349421335 ], [ -77.219190736438023, -6.194313099401294 ], [ -77.202056736422222, -6.179714849387716 ], [ -77.222985111441503, -6.146895974357125 ], [ -77.2406541114578, -6.149761724359812 ], [ -77.257955611473733, -6.138015724348878 ], [ -77.280478486494488, -6.142209099352756 ], [ -77.332410736542258, -6.112181599324788 ], [ -77.346427986555113, -6.114341099326779 ], [ -77.358679361566345, -6.072820224288123 ], [ -77.380500111586386, -6.079985974294786 ], [ -77.395497611600149, -6.039376724256964 ], [ -77.419304736621953, -6.032380849250442 ], [ -77.432115736633705, -6.061916349277936 ], [ -77.47690486167464, -5.999967599220222 ], [ -77.487075361683907, -6.010248849229813 ], [ -77.489020736685674, -6.028510974246818 ], [ -77.509751861704629, -6.032496099250523 ], [ -77.518843736712924, -6.055943349272352 ], [ -77.536589861729084, -6.063705099279587 ], [ -77.542228111734218, -6.052787849269404 ], [ -77.554735361745614, -6.050728724267465 ], [ -77.56680323675657, -6.02812197424641 ], [ -77.586199486774191, -6.03691659925459 ], [ -77.596361611783436, -6.03333084925126 ], [ -77.597707861784627, -6.004415974224341 ], [ -77.639139861822159, -6.001079474221198 ], [ -77.669224861849386, -5.980365099201912 ], [ -77.672008611851865, -5.964744599187333 ], [ -77.651890611833693, -5.935331974159959 ], [ -77.663293861843997, -5.917670224143527 ], [ -77.665512361845956, -5.892204724119794 ], [ -77.683080486861826, -5.877575599106172 ], [ -77.681526736860391, -5.849487099080009 ], [ -77.694813361872363, -5.84023284907139 ], [ -77.726415986900832, -5.843981974074842 ], [ -77.74613836191854, -5.835110474066565 ], [ -77.763929111934502, -5.819708724052206 ], [ -77.770355486940247, -5.788142599022804 ], [ -77.76056011193144, -5.770454474006345 ], [ -77.772418611942058, -5.753351348990423 ], [ -77.759358611930338, -5.729847973968521 ], [ -77.775147986944489, -5.710751973950737 ], [ -77.775090861944406, -5.689679348931106 ], [ -77.754365236925793, -5.658997723902555 ], [ -77.752606236924208, -5.637577598882618 ], [ -77.736383986909644, -5.609290098856272 ], [ -77.765761736935929, -5.538982473790782 ], [ -77.757037361928113, -5.513941598767465 ], [ -77.771789736941287, -5.492120723747131 ], [ -77.770637486940259, -5.478153098734129 ], [ -77.748831986920692, -5.459859348717098 ], [ -77.767741986937637, -5.435723348694603 ], [ -77.745524611917702, -5.407630723668468 ], [ -77.712702611888233, -5.416411223676639 ], [ -77.671869736851434, -5.408771223669548 ], [ -77.660005736840731, -5.424744723684449 ], [ -77.606973986792781, -5.44858309870667 ], [ -77.59481011178174, -5.464224223721219 ], [ -77.579490611767838, -5.459806098717146 ], [ -77.558119111748411, -5.425578098685282 ], [ -77.518074361711996, -5.465543848722488 ], [ -77.500432111695943, -5.515341223768871 ], [ -77.492271486688495, -5.519704473772951 ], [ -77.507365236702256, -5.552664098803624 ], [ -77.490189361686589, -5.562460848812786 ], [ -77.472751736670673, -5.554786848805619 ], [ -77.46204298666089, -5.568373098818268 ], [ -77.461943486660815, -5.584140098832977 ], [ -77.433822361635094, -5.594921098843026 ], [ -77.432005861633442, -5.583142598832038 ], [ -77.410599611613847, -5.589753848838196 ], [ -77.404240736608003, -5.57436559882387 ], [ -77.371820361578287, -5.56710547381712 ], [ -77.337026236546365, -5.604026348851525 ], [ -77.279909861493849, -5.601084973848803 ], [ -77.265800986480883, -5.613969473860786 ], [ -77.231941361449671, -5.595460973843569 ], [ -77.223946236442288, -5.611375848858399 ], [ -77.200780861420952, -5.626561973872539 ], [ -77.183445486404935, -5.621488473867814 ], [ -77.138049611363044, -5.631888348877495 ], [ -77.1029667363306, -5.655777348899757 ], [ -77.091796611320291, -5.65423272389832 ], [ -77.048746736280464, -5.674542973917221 ], [ -76.995605611231255, -5.667119098910324 ], [ -76.972908236210216, -5.698953098939969 ], [ -76.934434736174566, -5.711487973951646 ], [ -76.892843611135987, -5.74778247398545 ], [ -76.861831986107205, -5.739726473977957 ], [ -76.835451111082719, -5.745555348983383 ], [ -76.824604236072645, -5.757296098994325 ], [ -76.829422611077149, -5.777340724012973 ], [ -76.816328736064975, -5.807566224041142 ], [ -76.826338861074262, -5.817847474050713 ], [ -76.820203486068564, -5.859285849089291 ], [ -76.777743611029152, -5.900554974127736 ], [ -76.764632736016964, -5.946621349170639 ], [ -76.746728111000309, -5.95402759917754 ], [ -76.745584985999287, -5.974896099196981 ], [ -76.754891361007921, -5.993423349214249 ], [ -76.750323861003665, -6.002815474222985 ], [ -76.710769485966907, -6.013665974233101 ], [ -76.640011360901127, -6.002604724222802 ], [ -76.618281235880943, -6.014398474233786 ], [ -76.553440360820602, -6.023323474242079 ], [ -76.519018110788608, -6.003399474223523 ], [ -76.50437936077499, -6.003909974223992 ], [ -76.412269485689251, -5.950664099174419 ], [ -76.400008735677858, -5.953663224177208 ], [ -76.37278711065251, -5.973759724195928 ], [ -76.334006110616414, -6.042106849259599 ], [ -76.315339860599025, -6.05406634927073 ], [ -76.318296610601777, -6.086094974300543 ], [ -76.303500985588016, -6.099618474313129 ], [ -76.269666235556528, -6.106889474319936 ], [ -76.223630860513666, -6.166031224374998 ], [ -76.127210985423858, -6.176705099384957 ], [ -76.088501860387836, -6.155007724364743 ], [ -76.030521610333821, -6.098523349312129 ], [ -75.986681360292991, -6.091332099305424 ], [ -75.965435235273205, -6.09519809930902 ], [ -75.933104610243134, -6.134945849346064 ], [ -75.916992235228122, -6.141723099352369 ], [ -75.903590110215646, -6.13590197434692 ], [ -75.834450610151237, -6.139095474349913 ], [ -75.814189985132373, -6.100879974314322 ], [ -75.769519985090767, -6.125079974336869 ], [ -75.771159985092311, -6.147649974357883 ], [ -75.758030110080057, -6.141449974352097 ], [ -75.726639985050838, -6.144009974354477 ], [ -75.711419985036656, -6.135399974346451 ], [ -75.680049985007457, -6.09530997430915 ], [ -75.651699984981036, -6.097909974311555 ], [ -75.629209984960085, -6.082989974297647 ], [ -75.621070234952541, -6.029380849247731 ], [ -75.568929609903961, -6.000388599220732 ], [ -75.565029234900322, -6.025544974244149 ], [ -75.532793734870296, -6.095599474309418 ], [ -75.526777359864695, -6.162134724371356 ], [ -75.487187609827828, -6.203415349409834 ], [ -75.487285109827923, -6.254259724457174 ], [ -75.496343734836358, -6.281025349482097 ], [ -75.550094984886414, -6.347707974544189 ], [ -75.536447109873706, -6.391540224585013 ], [ -75.543418109880207, -6.406865224599311 ], [ -75.533730484871171, -6.416300724608086 ], [ -75.539002859876092, -6.435132974625619 ], [ -75.529849359867569, -6.440098099630235 ], [ -75.520141234858528, -6.464820724653279 ], [ -75.524227484862337, -6.475579599663305 ], [ -75.5095966098487, -6.492141349678721 ], [ -75.502983484842531, -6.552228724734677 ], [ -75.509304734848428, -6.582978474763321 ], [ -75.500228484839965, -6.640322224816716 ], [ -75.506207109845548, -6.697052974869552 ], [ -75.502347609841934, -6.769566474937086 ], [ -75.512734984851619, -6.786465724952834 ], [ -75.561840234897346, -6.801614099966947 ], [ -75.574167359908841, -6.808825974973653 ], [ -75.576786234911282, -6.820988849984989 ], [ -75.610251859942451, -6.839100475001844 ], [ -75.632847234963492, -6.843395475005864 ], [ -75.642373984972352, -6.815761974980104 ], [ -75.659671984988478, -6.819332099983433 ], [ -75.672915235000801, -6.844396975006777 ], [ -75.68675411001368, -6.846142850008398 ], [ -75.68998636001669, -6.861267600022487 ], [ -75.700805610026777, -6.869113975029797 ], [ -75.724795860049113, -6.850874475012809 ], [ -75.746056610068905, -6.856546850018088 ], [ -75.780539110101046, -6.848412100010521 ], [ -75.794183360113749, -6.821401599985381 ], [ -75.81397186013217, -6.825477974989174 ], [ -75.813933485132139, -6.817225474981465 ], [ -75.843875360160013, -6.797261724962893 ], [ -75.877515860191352, -6.802298349967582 ], [ -75.915355610226584, -6.790635974956711 ], [ -75.942950735252282, -6.795029099960807 ], [ -75.964392985272269, -6.78838984995464 ], [ -75.980162235286926, -6.800068974965492 ], [ -75.983833110290348, -6.793753224959604 ], [ -76.000580110305961, -6.795063224960819 ], [ -76.011584860316205, -6.806022224971048 ], [ -76.052059235353894, -6.812733974977286 ], [ -76.035003860337994, -6.864986350025975 ], [ -76.01051173531522, -6.892228225051346 ], [ -76.015735860320049, -6.913700975071328 ], [ -76.05024998535221, -6.932244100088599 ] ] ] } },
{ "type": "Feature", "properties": { "NOMBDEP": "TACNA", "COUNT": 27, "FIRST_IDDP": "23", "HECTARES": 1608306.709 }, "geometry": { "type": "Polygon", "coordinates": [ [ [ -69.967665979746059, -17.178824234576464 ], [ -69.898632854683413, -17.220906234609284 ], [ -69.873609354661866, -17.22331835960907 ], [ -69.850783229640413, -17.244081984626067 ], [ -69.790550729590194, -17.235289109611376 ], [ -69.765289104565724, -17.263363234634642 ], [ -69.761837854560866, -17.280435484650148 ], [ -69.731070354533017, -17.295466734660458 ], [ -69.695248104505239, -17.27439448463635 ], [ -69.682931604494314, -17.278736359638803 ], [ -69.655437479472255, -17.270751984627729 ], [ -69.644560604460935, -17.287515609641851 ], [ -69.575218729402138, -17.292589859636614 ], [ -69.467316354299129, -17.373537109694631 ], [ -69.468292979278274, -17.504169859816553 ], [ -69.665412104430843, -17.65990035999166 ], [ -69.795988229550773, -17.64624223499488 ], [ -69.821197229569478, -17.686355485035008 ], [ -69.821677729564044, -17.743812485088608 ], [ -69.800048854542183, -17.762331985103504 ], [ -69.795714854527574, -17.862257860196141 ], [ -69.776718729504807, -17.908160110236771 ], [ -69.747177729472838, -17.943937485266677 ], [ -69.751503854472304, -17.985589860306014 ], [ -69.813080104517951, -18.114478485433114 ], [ -69.854308729553097, -18.165347610484872 ], [ -69.960548854648508, -18.262884735585871 ], [ -69.980232604667208, -18.270263610594455 ], [ -70.050706979736333, -18.268802735598825 ], [ -70.14965235482957, -18.318367235652165 ], [ -70.197167979875616, -18.322187485658802 ], [ -70.317451229992827, -18.309703110654031 ], [ -70.353876980027181, -18.326193360671244 ], [ -70.376711105048088, -18.350927735695393 ], [ -70.484816355155175, -18.271181610625849 ], [ -70.678574230342662, -18.161847610530732 ], [ -70.760595730422054, -18.078705110455562 ], [ -70.811673730470631, -18.050246110430297 ], [ -70.813156230472231, -18.04048823542125 ], [ -70.887695355542675, -18.009285110393858 ], [ -70.882585980538195, -17.993359360378918 ], [ -70.890189355545772, -17.969294860356655 ], [ -70.91208398056655, -17.95280073534175 ], [ -70.910492230565282, -17.940068360329846 ], [ -70.923333980577311, -17.93778911032798 ], [ -70.925259730579313, -17.926681610317683 ], [ -70.935429730588751, -17.929306610320317 ], [ -70.943144480596217, -17.913812485306035 ], [ -70.959683605611687, -17.91066598530341 ], [ -71.009134730658261, -17.87689648527283 ], [ -71.0295117306771, -17.884904235280622 ], [ -71.096275355739479, -17.868197235266084 ], [ -71.105452980748353, -17.843402360243129 ], [ -71.139443355780202, -17.821482360223182 ], [ -71.121409980763701, -17.803349985206047 ], [ -71.121489855763997, -17.785629985189551 ], [ -71.101134730745727, -17.739497985146304 ], [ -71.082175855728252, -17.734617235141485 ], [ -71.082191355728497, -17.716683610124775 ], [ -71.057923980706008, -17.718075235125713 ], [ -71.026915980677487, -17.703874985111991 ], [ -71.017113230668329, -17.709210860116801 ], [ -71.003349605656012, -17.683699235092799 ], [ -70.992996230646526, -17.679119110088347 ], [ -70.983162230637333, -17.68462698509332 ], [ -70.956279980612635, -17.675959985084759 ], [ -70.91249998057198, -17.687369985094538 ], [ -70.903889980565268, -17.622559985034002 ], [ -70.879959980544555, -17.555669984971221 ], [ -70.779979980455238, -17.450599984871054 ], [ -70.754629605432413, -17.437578109858272 ], [ -70.736719980416837, -17.4082799848305 ], [ -70.752404105431808, -17.380573359805119 ], [ -70.746702855427372, -17.351353609777757 ], [ -70.733868230416462, -17.323191109751196 ], [ -70.705652230391763, -17.29117973472059 ], [ -70.715917105401516, -17.273652109704557 ], [ -70.704279105391166, -17.267205109698221 ], [ -70.684090730374152, -17.224264734657645 ], [ -70.651093480344883, -17.209175359642593 ], [ -70.609978355307817, -17.214503859646229 ], [ -70.572507855274949, -17.194109359625951 ], [ -70.555050480259226, -17.197663234628624 ], [ -70.5211406052304, -17.158234359590637 ], [ -70.491313605206528, -17.090208484526109 ], [ -70.448739355169351, -17.080669109515455 ], [ -70.439201230162226, -17.050363234486817 ], [ -70.463158480185186, -17.004367484445016 ], [ -70.443199230169384, -16.964277359406818 ], [ -70.465016855189234, -16.944434109389274 ], [ -70.453657605179941, -16.929745734375107 ], [ -70.459191355185055, -16.922738234368818 ], [ -70.451751980179523, -16.900005734347328 ], [ -70.441574230171, -16.892404359339807 ], [ -70.450904355180398, -16.861087859311052 ], [ -70.440689355172466, -16.840046859291014 ], [ -70.385230480125784, -16.815871109265967 ], [ -70.372794980115941, -16.798179734248901 ], [ -70.311294980064829, -16.773300734222598 ], [ -70.291856855047953, -16.781345234229047 ], [ -70.268287105028676, -16.770431609217582 ], [ -70.247300480009159, -16.802464859246189 ], [ -70.181554479953107, -16.817157234255824 ], [ -70.184067229954096, -16.834687484272326 ], [ -70.211714854976975, -16.840810484279764 ], [ -70.223083979985645, -16.856087859294682 ], [ -70.243767605002873, -16.860242234299804 ], [ -70.259364605013687, -16.903654109341122 ], [ -70.249817605002974, -16.949339609383124 ], [ -70.225105604981309, -16.95855073439024 ], [ -70.218013354975966, -16.946352484378448 ], [ -70.181289229945619, -16.932119609362875 ], [ -70.173689354940478, -16.912232359343868 ], [ -70.148372229918493, -16.921869734351148 ], [ -70.152003729920793, -16.933173984361929 ], [ -70.145587604914738, -16.942688359370347 ], [ -70.12926035490058, -16.948623234374754 ], [ -70.118436104889909, -16.971145234394964 ], [ -70.095288854869324, -16.985847859406995 ], [ -70.099637979871545, -17.006009234426081 ], [ -70.042335979819228, -17.058712859470827 ], [ -70.046804729819883, -17.099433609509102 ], [ -70.040330354812198, -17.127678984534903 ], [ -70.025131854799668, -17.122181484528561 ], [ -70.013174854787934, -17.141639984545698 ], [ -69.987630854765371, -17.151423859552672 ], [ -69.981363979758598, -17.168622484568161 ], [ -69.972484229751274, -17.165859359564816 ], [ -69.967665979746059, -17.178824234576464 ] ] ] } },
{ "type": "Feature", "properties": { "NOMBDEP": "TUMBES", "COUNT": 13, "FIRST_IDDP": "24", "HECTARES": 469026.014 }, "geometry": { "type": "Polygon", "coordinates": [ [ [ -80.604732612344563, -3.637196346974424 ], [ -80.580851612389822, -3.635363346974278 ], [ -80.558783237428457, -3.610546846952858 ], [ -80.497714862525669, -3.49918747185389 ], [ -80.474874987562515, -3.506462846861821 ], [ -80.469703112570514, -3.505706971861413 ], [ -80.475785112561013, -3.505220721860653 ], [ -80.479701112554793, -3.503621096858961 ], [ -80.457939487588177, -3.500248096856989 ], [ -80.462962862580753, -3.503968721860158 ], [ -80.460953112583951, -3.505921846862067 ], [ -80.456246112590748, -3.499995596856864 ], [ -80.426723862633395, -3.48728572184665 ], [ -80.407315112660527, -3.485220096845704 ], [ -80.399022862671913, -3.486264221847085 ], [ -80.423158862638459, -3.487129721846695 ], [ -80.441133112612945, -3.494766846852819 ], [ -80.428702862630715, -3.490181721849222 ], [ -80.431138612627677, -3.498623096856893 ], [ -80.415958987649134, -3.49638872185559 ], [ -80.421044862642887, -3.512810596870476 ], [ -80.378830112699234, -3.49461134685573 ], [ -80.394968737677743, -3.492249971852772 ], [ -80.371906237707719, -3.485722596847859 ], [ -80.326591737761206, -3.439779346807471 ], [ -80.312845737775419, -3.40269909677383 ], [ -80.318478487767933, -3.381773346754255 ], [ -80.289923862801388, -3.410476596781943 ], [ -80.245894487847494, -3.418628846791246 ], [ -80.220900362872356, -3.43869547181073 ], [ -80.240126862854979, -3.461253846830876 ], [ -80.24502348785127, -3.485800721853354 ], [ -80.23243548786364, -3.489164096856967 ], [ -80.228005862868358, -3.501617221868643 ], [ -80.21432811288112, -3.503341846870781 ], [ -80.204988237891612, -3.552210971916328 ], [ -80.218148487880711, -3.575488221937328 ], [ -80.211128862887804, -3.592208971953047 ], [ -80.188191362908185, -3.59840234695967 ], [ -80.197160112901301, -3.617706971977182 ], [ -80.186615237910814, -3.629130846988166 ], [ -80.185594237912937, -3.658995972015823 ], [ -80.198736362902977, -3.689378847043417 ], [ -80.180179737920696, -3.735162097086482 ], [ -80.188449237914142, -3.74331247209371 ], [ -80.183578112918596, -3.751748097101692 ], [ -80.191937487911417, -3.748542972098409 ], [ -80.192605487912019, -3.775374972123182 ], [ -80.160431612939476, -3.802390597149436 ], [ -80.163111362938409, -3.827673847172712 ], [ -80.151437487948598, -3.854830097198318 ], [ -80.158554737943788, -3.869818347211886 ], [ -80.127196362967837, -3.88811859723004 ], [ -80.126883737968356, -3.895083597236463 ], [ -80.140241862959428, -3.912962097252549 ], [ -80.157810487946222, -3.913146472252013 ], [ -80.183456987926448, -3.927248097264057 ], [ -80.216779862899273, -3.956979597290169 ], [ -80.234472737882768, -3.948465722281522 ], [ -80.236162487881913, -3.962720722294645 ], [ -80.262329987858607, -3.999449972327426 ], [ -80.298076237822812, -4.017258097342192 ], [ -80.323692612794304, -4.011165847335314 ], [ -80.338645362776049, -3.992172472317023 ], [ -80.352758737759515, -3.99476472231869 ], [ -80.365596612743133, -3.981819972306063 ], [ -80.377110737729197, -3.989635347312666 ], [ -80.398287487701324, -3.98026434730287 ], [ -80.424539737666919, -3.996471847316356 ], [ -80.430244112658528, -3.989503847309618 ], [ -80.445103487637866, -3.996126972314863 ], [ -80.445317487638846, -4.015854722333053 ], [ -80.456227237623111, -4.0173618473338 ], [ -80.451126612631455, -4.031027222346702 ], [ -80.467918737606965, -4.035042472349375 ], [ -80.47988311259023, -4.054871347366934 ], [ -80.473974112600899, -4.079558222390035 ], [ -80.517341737534167, -4.098162097404413 ], [ -80.558980487468702, -4.161080097459514 ], [ -80.561259737465932, -4.176580097473602 ], [ -80.586949237421805, -4.198949222492351 ], [ -80.589820362417797, -4.214119097506086 ], [ -80.604419862390401, -4.210740222501899 ], [ -80.62268948735742, -4.231892597519924 ], [ -80.64523048731283, -4.229560597516024 ], [ -80.699320362195593, -4.187800597473224 ], [ -80.719681612150936, -4.194189472477332 ], [ -80.735140612114037, -4.178029347461167 ], [ -80.744749987092248, -4.18428909746604 ], [ -80.763009737047881, -4.174910097455781 ], [ -80.783369111998596, -4.180570347459087 ], [ -80.803306611947789, -4.175966847452982 ], [ -80.837232361860259, -4.18935547246189 ], [ -80.882822236734157, -4.19280072246032 ], [ -80.923675736610804, -4.169480472434583 ], [ -80.935673861575225, -4.178410097441382 ], [ -80.944089861547837, -4.168482472431361 ], [ -80.967562486473966, -4.1725975974324 ], [ -80.961650361489774, -4.148236347410879 ], [ -80.971322236455848, -4.127117222390493 ], [ -80.999962861359023, -4.111361347372744 ], [ -81.019277361293234, -4.112818347371713 ], [ -81.041417986211968, -4.087546847345958 ], [ -81.010658236313233, -4.041331972307677 ], [ -80.986812486386441, -3.98469922225888 ], [ -80.972794861431709, -3.976591847253084 ], [ -80.963058611461065, -3.95788284723713 ], [ -80.833646486836017, -3.875757847175265 ], [ -80.828691361845458, -3.837296847140539 ], [ -80.78722848694558, -3.748185597062614 ], [ -80.753599612026647, -3.71816997203789 ], [ -80.726566362090466, -3.710796847033289 ], [ -80.683630862185069, -3.679498097007813 ], [ -80.627429737301711, -3.663039096996684 ], [ -80.604732612344563, -3.637196346974424 ] ] ] } },
{ "type": "Feature", "properties": { "NOMBDEP": "UCAYALI", "COUNT": 15, "FIRST_IDDP": "25", "HECTARES": 10534176.378 }, "geometry": { "type": "Polygon", "coordinates": [ [ [ -73.542691483017009, -8.346695351405907 ], [ -73.521820357997569, -8.360134726418419 ], [ -73.520331982996197, -8.372699226430123 ], [ -73.485294732963567, -8.384223101440861 ], [ -73.441311357922643, -8.425401101479208 ], [ -73.421691357904422, -8.434689476487858 ], [ -73.406714857890492, -8.431290976484711 ], [ -73.388115232873162, -8.470240226520971 ], [ -73.37615235786204, -8.463761726514928 ], [ -73.371606357857814, -8.472651601523221 ], [ -73.331830732820819, -8.474035351524497 ], [ -73.328813357818035, -8.523062226570163 ], [ -73.335202982823958, -8.533042226579472 ], [ -73.341041607829396, -8.61678385165745 ], [ -73.336509232825165, -8.620963726661335 ], [ -73.319275232809133, -8.610905976651978 ], [ -73.311875107802265, -8.63190622667155 ], [ -73.300093732791311, -8.631960976671582 ], [ -73.28487810777716, -8.664328226701715 ], [ -73.265690482759297, -8.67133047670826 ], [ -73.255472107749824, -8.69021572672583 ], [ -73.204517482702471, -8.687747101723513 ], [ -73.167241482667833, -8.698297726733367 ], [ -73.135977482638779, -8.739122226771377 ], [ -73.140551732643061, -8.749611226781164 ], [ -73.13463323263754, -8.766723101797076 ], [ -73.114648482618989, -8.784412726813541 ], [ -73.112013732616518, -8.819297601846053 ], [ -73.095794232601477, -8.836403976861986 ], [ -73.07770785758467, -8.842191601867366 ], [ -73.080041482586864, -8.860324851884252 ], [ -73.071079857578525, -8.862425226886209 ], [ -73.058885982567205, -8.905773726926581 ], [ -73.037101357547016, -8.916179726936258 ], [ -73.019276482530472, -8.911298226931718 ], [ -72.999692607512301, -8.917516101937505 ], [ -72.96797960748286, -8.981012976996638 ], [ -72.940911482457793, -8.984940227000305 ], [ -72.963070607478329, -9.0120991020256 ], [ -72.946534232462994, -9.032989477045035 ], [ -72.943056982459765, -9.053528602064159 ], [ -72.949822232466062, -9.070244102079734 ], [ -72.939994107456926, -9.093248102101146 ], [ -72.946479607462933, -9.120346102126385 ], [ -72.960075857475545, -9.133128602138317 ], [ -72.958197357473793, -9.14302422714753 ], [ -72.990158732503431, -9.162032352165205 ], [ -73.003674857515961, -9.160591977163898 ], [ -73.011784857523494, -9.17413072717649 ], [ -73.026124357536801, -9.177856727179957 ], [ -73.012292232523947, -9.195047977195989 ], [ -73.003342857515662, -9.195447352196354 ], [ -73.009298107521175, -9.222364727221398 ], [ -73.023709607534542, -9.220429352219631 ], [ -73.036394107546329, -9.234751602232949 ], [ -73.062596857570639, -9.227099102225846 ], [ -73.073517607580769, -9.234607477232823 ], [ -73.094361357600107, -9.269279352265119 ], [ -73.107328232612161, -9.275348227270765 ], [ -73.101433607606666, -9.308117227301286 ], [ -73.131406232634532, -9.31831685231079 ], [ -73.133796857636739, -9.330564477322184 ], [ -73.148093732650011, -9.33672260232794 ], [ -73.148366107650247, -9.354101102344114 ], [ -73.169379232669783, -9.360389227349971 ], [ -73.176665982676553, -9.355005852344952 ], [ -73.188759732687799, -9.363222602352609 ], [ -73.186323982685522, -9.396940102384011 ], [ -73.203453107701449, -9.405769477392228 ], [ -73.200439482698641, -9.411396477397492 ], [ -72.716294607249949, -9.412241977398185 ], [ -72.711582482245618, -9.430004227414738 ], [ -72.698931482233931, -9.429221602414025 ], [ -72.695145982230429, -9.439364602423446 ], [ -72.68263885721889, -9.433454477417948 ], [ -72.655020232193436, -9.452045352435258 ], [ -72.643322607182668, -9.442199977426071 ], [ -72.627818232168366, -9.442364852426234 ], [ -72.619954607161134, -9.453461602436558 ], [ -72.576779607121409, -9.455868227438774 ], [ -72.577342732121906, -9.464175227446535 ], [ -72.567831232113178, -9.459951352442568 ], [ -72.561323232107185, -9.472513477454264 ], [ -72.557021107103267, -9.465864727448093 ], [ -72.542144357089583, -9.46702185244915 ], [ -72.51953473206882, -9.491281352471743 ], [ -72.500938357051751, -9.480453602461624 ], [ -72.454619232009321, -9.489768977470311 ], [ -72.440783606996646, -9.477033477458422 ], [ -72.426466731983567, -9.485695602466489 ], [ -72.407492231966245, -9.477153602458515 ], [ -72.386403606946971, -9.49234697747265 ], [ -72.35687623192004, -9.494598477474732 ], [ -72.340496981905105, -9.5069216024862 ], [ -72.342475606906902, -9.520527352498858 ], [ -72.318585606885136, -9.543794352520527 ], [ -72.300484356868679, -9.533249977510675 ], [ -72.282898481852712, -9.539953102516918 ], [ -72.28820898185748, -9.603158227575779 ], [ -72.2684257318395, -9.620757727592151 ], [ -72.252818356825358, -9.616333977588011 ], [ -72.260314481832125, -9.6417637276117 ], [ -72.245392606818584, -9.658736352627503 ], [ -72.262955106834397, -9.750855477713296 ], [ -72.245623106818698, -9.750833977713251 ], [ -72.2148691067908, -9.778816352739288 ], [ -72.186912106765561, -9.778206977738702 ], [ -72.151361106733461, -9.797416352756539 ], [ -72.162833356743761, -9.83040210278727 ], [ -72.154304731736048, -9.835257852791797 ], [ -72.148201231730511, -9.872228477826205 ], [ -72.135935356719457, -9.874871602828657 ], [ -72.150711731732713, -9.905741852857441 ], [ -72.1653294817459, -9.908964227860437 ], [ -72.174337481753994, -9.930933852880912 ], [ -72.155827231737277, -9.942233227891402 ], [ -72.162049731742869, -9.953577477901991 ], [ -72.149986731731985, -9.966336977913846 ], [ -72.158847356739955, -9.979176477925824 ], [ -72.177169981756478, -9.98549810293173 ], [ -72.180404356759382, -9.999671852944925 ], [ -71.375044856064051, -10.0001444779426 ], [ -71.360007856052135, -9.983740227927255 ], [ -71.350066356044181, -9.98518560292851 ], [ -71.342763731038517, -9.966773477911302 ], [ -71.312408231014274, -9.991638727934227 ], [ -71.298190231003062, -9.992199102934649 ], [ -71.291054730997587, -9.98192772792501 ], [ -71.253998105968762, -9.976558602919701 ], [ -71.253212855968286, -9.962925727907018 ], [ -71.220519480943068, -9.969677727913005 ], [ -71.209388730934606, -9.965052727908578 ], [ -71.205093730931523, -9.946380852891151 ], [ -71.192574230922091, -9.94176372788672 ], [ -71.189429730919912, -9.920914102867265 ], [ -71.178763730911896, -9.918119102864592 ], [ -71.171181605906511, -9.890527352838808 ], [ -71.139740230883447, -9.857015602807264 ], [ -71.102242230855964, -9.853189477803314 ], [ -71.076919980837957, -9.827703102779269 ], [ -71.058585980824873, -9.824749977776287 ], [ -71.051224605819741, -9.815835977767886 ], [ -70.993912105779572, -9.817208977768409 ], [ -70.992431605778876, -9.795035102747759 ], [ -70.963367355759715, -9.748912477704414 ], [ -70.92382748073338, -9.741298227696724 ], [ -70.897804855716785, -9.714134102671004 ], [ -70.868502105698852, -9.664808727624603 ], [ -70.83824498067996, -9.656367227616199 ], [ -70.836148980678914, -9.643235352603947 ], [ -70.793318855652871, -9.638462477598694 ], [ -70.786146980649079, -9.614269477576023 ], [ -70.765691480637145, -9.606971227568835 ], [ -70.767752855638506, -9.600692602563036 ], [ -70.757240980632275, -9.604253352566138 ], [ -70.759532730634078, -9.58404410254736 ], [ -70.750668730629457, -9.560425727525207 ], [ -70.738319730622393, -9.559005227523617 ], [ -70.729796730617295, -9.570255727533901 ], [ -70.714758105609391, -9.547148602512085 ], [ -70.679718855590508, -9.534458727499457 ], [ -70.666119730583645, -9.519420227485135 ], [ -70.663202980581914, -9.526011477491211 ], [ -70.651379480576068, -9.512371727478207 ], [ -70.652952480577227, -9.500266727467 ], [ -70.635781480568312, -9.501631852467851 ], [ -70.631902855566921, -9.480190977447791 ], [ -70.623298730562851, -9.470587352438656 ], [ -70.615989730559036, -9.476127602443597 ], [ -70.611541855557348, -9.457426102426076 ], [ -70.596351855549827, -9.459090727427224 ], [ -70.595805605550069, -9.442496102411782 ], [ -70.570809605538187, -9.440389352409154 ], [ -70.561914105534385, -9.430011227399218 ], [ -70.5496892305286, -9.43565547740414 ], [ -70.546489980527383, -9.427878352396794 ], [ -70.538530730523462, -9.438360477406304 ], [ -70.526722230518544, -9.428892727397157 ], [ -70.52601973051793, -9.438308477405892 ], [ -70.510465605511612, -9.424679102392743 ], [ -70.495977730505444, -9.425485352393046 ], [ -70.495873730504897, -9.440883477407356 ], [ -70.511557980511327, -9.447750227414232 ], [ -70.504777355507898, -9.46333947742853 ], [ -70.524902355516687, -9.461199227427167 ], [ -70.50569923050692, -9.504601602466929 ], [ -70.513716855510765, -9.49280285245621 ], [ -70.521920605513941, -9.505466852468233 ], [ -70.53151685551822, -9.503547727466744 ], [ -70.530979480517615, -9.515523602477868 ], [ -70.544333980523703, -9.51408985247693 ], [ -70.542128855521923, -9.537699352498846 ], [ -70.57062098053531, -9.532917227495204 ], [ -70.564004480531935, -9.540710852502267 ], [ -70.569078480533904, -9.554349727515092 ], [ -70.556292105527717, -9.56076322752071 ], [ -70.555317855526923, -9.571885352531019 ], [ -70.566034105531912, -9.573184352532534 ], [ -70.576384980537128, -9.563726477524016 ], [ -70.587547730542369, -9.567257977527598 ], [ -70.58909023054369, -9.548869852510551 ], [ -70.60017185554878, -9.560397852521584 ], [ -70.585648480541224, -9.575581977535322 ], [ -70.588035105541707, -9.598330102556522 ], [ -70.598244105546428, -9.607623102565446 ], [ -70.584701230538812, -9.640839852595972 ], [ -70.566626980529279, -9.667414102620196 ], [ -70.553023480522825, -9.668179727620501 ], [ -70.542564480517569, -9.679935602631122 ], [ -70.525230480508498, -9.714978477663202 ], [ -70.545921855515971, -9.778800727723203 ], [ -70.559630855522144, -9.789468727733516 ], [ -70.577773480531292, -9.777794977723207 ], [ -70.590904480537034, -9.802978477746976 ], [ -70.608162105545787, -9.801142602745745 ], [ -70.623382855553018, -9.820544977764207 ], [ -70.622275355551551, -9.852925727794307 ], [ -70.613480480546613, -9.866081977806305 ], [ -70.613884730545337, -9.916855477853545 ], [ -70.624191355550991, -9.907412102845065 ], [ -70.637650355558009, -9.909951227847758 ], [ -70.65089448056446, -9.931955102868569 ], [ -70.648521480562664, -9.951576227886747 ], [ -70.667627480572548, -9.970693102905051 ], [ -70.656892855565886, -9.999729477931792 ], [ -70.66648373057096, -10.00659260293841 ], [ -70.673300730574013, -10.03400585296407 ], [ -70.649985355559906, -10.07980247800611 ], [ -70.69817385558585, -10.118031228042867 ], [ -70.708231480591138, -10.136840228060622 ], [ -70.705111480588798, -10.15868060308086 ], [ -70.717025355595354, -10.172648478094136 ], [ -70.750693355614857, -10.191011728111997 ], [ -70.761550105621026, -10.209163978129109 ], [ -70.817443355654646, -10.256857478174656 ], [ -70.875456980691666, -10.281503853198673 ], [ -70.927597605725708, -10.330851603245504 ], [ -70.964316355750853, -10.337374978252173 ], [ -70.967224605752151, -10.38134185329311 ], [ -70.993683605769817, -10.438607478346821 ], [ -71.024533480791206, -10.47820010338412 ], [ -71.078505855830144, -10.50137097840644 ], [ -71.128514355867296, -10.504735853410155 ], [ -71.142197230877386, -10.523796853428065 ], [ -71.164570855894269, -10.531261478435257 ], [ -71.165293105894364, -10.569643853470994 ], [ -71.196212855917949, -10.579861353480817 ], [ -71.220802730936384, -10.636734353534028 ], [ -71.206290980924962, -10.652160103548248 ], [ -71.229648980942798, -10.684354478578449 ], [ -71.214514730930688, -10.714916603606751 ], [ -71.223694105937682, -10.729375853620297 ], [ -71.217682355932666, -10.759848103648633 ], [ -71.227425980940282, -10.761302353650091 ], [ -71.233665605944992, -10.778149478665823 ], [ -71.257854480963957, -10.784998603672419 ], [ -71.274955105976872, -10.850716853733765 ], [ -71.291402355989774, -10.87267185375436 ], [ -71.308336981003265, -10.877813853759276 ], [ -71.317304856010196, -10.909565103788909 ], [ -71.346497356033652, -10.926515853804952 ], [ -71.354014106039557, -10.94979110382668 ], [ -71.378012356059088, -10.9534743538303 ], [ -71.393455106071798, -10.947333978824702 ], [ -71.412941356087771, -10.958068353834813 ], [ -71.472509481137223, -10.953692603831117 ], [ -71.485951356148391, -10.963790228840626 ], [ -71.508132481166953, -10.966092228842895 ], [ -71.527148856183004, -10.961727103838925 ], [ -71.531977106187128, -10.952138478830026 ], [ -71.558853606209823, -10.964802728841974 ], [ -71.661719106297724, -10.983183853859549 ], [ -71.68072285631419, -10.971558103848817 ], [ -71.693555856325247, -10.979740853856484 ], [ -71.701693981332355, -10.97383860385102 ], [ -71.716002606344674, -10.997850228873421 ], [ -71.729998231356888, -10.983586353860192 ], [ -71.751144481375292, -10.993751978869746 ], [ -71.780228481400741, -10.987814478864317 ], [ -71.833656231447648, -11.000492228876286 ], [ -71.847552731459942, -10.991411353867861 ], [ -71.867667981477723, -10.991906228868386 ], [ -71.877357481486257, -10.999927728875868 ], [ -72.011642606605932, -10.989337853866315 ], [ -72.05441310664429, -11.011073603886629 ], [ -72.143927731725043, -10.989234353866431 ], [ -72.158790981738463, -11.007730478883682 ], [ -72.182089856759575, -11.010242228886039 ], [ -72.17443160675262, -11.032357478906613 ], [ -72.184864981762018, -11.06581047893779 ], [ -72.169430606748023, -11.075942978947207 ], [ -72.16609185674497, -11.089580103959893 ], [ -72.149986356730381, -11.087874978958288 ], [ -72.124648481707467, -11.102167978971556 ], [ -72.120468731703667, -11.119490228987711 ], [ -72.146705106727325, -11.150138729016293 ], [ -72.179747981757259, -11.16373047902897 ], [ -72.187599606764337, -11.188628854052192 ], [ -72.19940773177504, -11.19781085406073 ], [ -72.198183356773853, -11.261696854120254 ], [ -72.217664106791517, -11.300181729156108 ], [ -72.204623356779592, -11.347432729200094 ], [ -72.246021106817267, -11.346160604198927 ], [ -72.255042856825497, -11.329861354183768 ], [ -72.280060606848281, -11.33960547919288 ], [ -72.283751981851708, -11.316890604171729 ], [ -72.307708981873574, -11.306999979162548 ], [ -72.315001981880243, -11.321775229176318 ], [ -72.338294981901527, -11.31708010417195 ], [ -72.361023481922302, -11.333863229187616 ], [ -72.381164106940773, -11.334023479187778 ], [ -72.38709535694619, -11.34766072920047 ], [ -72.39343648195198, -11.342101104195303 ], [ -72.396501856954799, -11.349764479202435 ], [ -72.399326856957387, -11.343152979196278 ], [ -72.403383981961113, -11.357112479209295 ], [ -72.423594356979649, -11.355173979207509 ], [ -72.425127106981023, -11.368487354219893 ], [ -72.449845482003738, -11.371477604222697 ], [ -72.449033982002973, -11.385767729236006 ], [ -72.464856857017537, -11.390606229240534 ], [ -72.469364732021646, -11.385256979235542 ], [ -72.474338482026212, -11.392349229242146 ], [ -72.481115357032465, -11.387555854237688 ], [ -72.487516607038344, -11.39334097924308 ], [ -72.482212232033476, -11.398119354247536 ], [ -72.49306135704343, -11.404009729253017 ], [ -72.49895160704888, -11.395023979244671 ], [ -72.501214982050925, -11.409018604257691 ], [ -72.509821982058853, -11.411509354260017 ], [ -72.507427482056642, -11.421106979268941 ], [ -72.518054107066405, -11.418019979266081 ], [ -72.516669232065112, -11.431964479279076 ], [ -72.53363335708076, -11.439205979285816 ], [ -72.535066357082087, -11.425396229272959 ], [ -72.536316482083237, -11.434801479281727 ], [ -72.548847357094772, -11.436888354283674 ], [ -72.547731732093737, -11.44834197929433 ], [ -72.553665357099206, -11.432079854279179 ], [ -72.581817982125173, -11.439123979285768 ], [ -72.580820857124252, -11.430797604278002 ], [ -72.596143732138387, -11.440037979286609 ], [ -72.591041732133675, -11.432094104279221 ], [ -72.600315107142222, -11.4185328542666 ], [ -72.609538857150739, -11.439938354286539 ], [ -72.607511232148866, -11.429252229276583 ], [ -72.624329857164398, -11.425612604273208 ], [ -72.617166982157784, -11.417784979265896 ], [ -72.631891607171369, -11.415674354263931 ], [ -72.634218232173524, -11.405054729254047 ], [ -72.645569107183988, -11.412765854261252 ], [ -72.665694982202609, -11.38590935423624 ], [ -72.692302232227178, -11.395698104245371 ], [ -72.698617482233018, -11.380408479231125 ], [ -72.709735607243303, -11.378812979229624 ], [ -72.712378232245783, -11.347352979200345 ], [ -72.717679732250645, -11.362110729214091 ], [ -72.723263732255816, -11.35075310420352 ], [ -72.738237607269681, -11.347429354200441 ], [ -72.76334923229291, -11.371610229222957 ], [ -72.794975482322187, -11.384556604235003 ], [ -72.789457857317075, -11.368602229220171 ], [ -72.797036232324103, -11.364430729216288 ], [ -72.799728607326585, -11.385570354235973 ], [ -72.816198107341847, -11.375083604226194 ], [ -72.822679607347837, -11.389608854239727 ], [ -72.842463732366184, -11.386840479237165 ], [ -72.8339689823583, -11.374300729225483 ], [ -72.844414857367994, -11.373348979224582 ], [ -72.844438607368005, -11.363283854215231 ], [ -72.852861982375828, -11.365282604217091 ], [ -72.85916748238165, -11.355431604207912 ], [ -72.877061107398248, -11.364306979216192 ], [ -72.876180607397444, -11.35528897920779 ], [ -72.887234357407692, -11.356499354208923 ], [ -72.8903661074106, -11.343175354196486 ], [ -72.894683857414591, -11.358259854210553 ], [ -72.919886482437974, -11.343638604196942 ], [ -72.926372482443966, -11.34825297920122 ], [ -72.920924232438921, -11.355443104207918 ], [ -72.932839857449977, -11.350383979203233 ], [ -72.920794482438808, -11.333835604187806 ], [ -72.924352607442103, -11.327405229181814 ], [ -72.944736982461023, -11.33991385419348 ], [ -72.949518107465423, -11.33049985418471 ], [ -72.961674607476738, -11.33485472918877 ], [ -72.964900107479721, -11.329498479183783 ], [ -72.950927607466767, -11.324632479179233 ], [ -72.959512482474722, -11.314196479169528 ], [ -72.94442535746073, -11.309869104165479 ], [ -72.939334357455991, -11.322387854177162 ], [ -72.932669982449823, -11.306004729161893 ], [ -72.955555607471069, -11.304616354160608 ], [ -72.952824982468513, -11.293277729150038 ], [ -72.935631982452577, -11.290824854147759 ], [ -72.945188857461446, -11.275436729133428 ], [ -72.956272857471731, -11.272868104131035 ], [ -72.955879482471346, -11.263380729122209 ], [ -72.967935482482531, -11.266226979124848 ], [ -72.975483232489552, -11.224351604085836 ], [ -72.966180482480922, -11.217323729079306 ], [ -72.977061607491024, -11.21229347907464 ], [ -72.987669982500861, -11.183349979047666 ], [ -72.998984857511388, -11.220417104082189 ], [ -73.026508857536911, -11.264084604122854 ], [ -73.065040982572697, -11.284354979141728 ], [ -73.079090857585754, -11.27694410413485 ], [ -73.131661982634597, -11.293927479150652 ], [ -73.205995232703714, -11.290195729147213 ], [ -73.257445732751535, -11.312708854168168 ], [ -73.318635357808461, -11.307484729163303 ], [ -73.339814107828147, -11.317170229172334 ], [ -73.378660482864319, -11.350740729203592 ], [ -73.386262482871388, -11.371270229222697 ], [ -73.413158357896407, -11.387271354237617 ], [ -73.449758607930477, -11.368082979219745 ], [ -73.467868857947323, -11.343651229196986 ], [ -73.482159107960641, -11.353588354206247 ], [ -73.484128857962446, -11.318531229173582 ], [ -73.459194232939268, -11.300924104157202 ], [ -73.463230607943004, -11.284408979141814 ], [ -73.449811607930513, -11.236767979097452 ], [ -73.475186482954129, -11.128355853996469 ], [ -73.466780607946333, -11.11907247898783 ], [ -73.471080982950312, -11.088492603959354 ], [ -73.482603482961039, -11.065242228937693 ], [ -73.542578733016867, -11.047424478921121 ], [ -73.540992858015414, -11.022098103897509 ], [ -73.553011608026566, -11.014051603890039 ], [ -73.55877910803197, -10.974962728853619 ], [ -73.572577108044797, -10.954499978834578 ], [ -73.564357483037128, -10.934792978816239 ], [ -73.560261483033329, -10.860609228747133 ], [ -73.61039623308001, -10.84657385373408 ], [ -73.666568358132309, -10.802639603693136 ], [ -73.668029483133665, -10.791113228682415 ], [ -73.731742483192974, -10.753818478647672 ], [ -73.742116108202637, -10.734008228629223 ], [ -73.781986358239777, -10.750624978644717 ], [ -73.778368108236407, -10.774528603666971 ], [ -73.786939483244367, -10.794138728685233 ], [ -73.814216858269788, -10.799896478690595 ], [ -73.82215773327718, -10.8360721037243 ], [ -73.81601235827145, -10.857368228744123 ], [ -73.820774358275884, -10.879013728764276 ], [ -73.813004983268655, -10.889241103773804 ], [ -73.826748608281463, -10.911353603794392 ], [ -73.823660233278588, -10.921578603803905 ], [ -73.855748108308447, -10.956965603836872 ], [ -73.86220173331445, -10.978774978857187 ], [ -73.86564698331766, -11.098680478968841 ], [ -73.852695483305595, -11.164261479029927 ], [ -73.863060233315267, -11.169124354034462 ], [ -73.890613983340913, -11.16965297903495 ], [ -73.916487233365004, -11.143101979010215 ], [ -73.954551483400465, -11.150398854017023 ], [ -73.975926733420366, -11.125498478993814 ], [ -73.983717733427639, -11.092441228963045 ], [ -73.978837983423077, -11.069038478941257 ], [ -74.007201858449491, -10.991308478868852 ], [ -74.061358358499916, -10.995744978872967 ], [ -74.102906233538619, -10.9864044788643 ], [ -74.137384483570713, -10.988693978866426 ], [ -74.155652733587743, -10.998760978875788 ], [ -74.19086998362053, -10.985997103863918 ], [ -74.202767358631633, -11.021013478896517 ], [ -74.256435983681598, -11.018222728893923 ], [ -74.281506858704944, -11.033125978907799 ], [ -74.316450233737498, -11.03671297891114 ], [ -74.341634233760942, -11.054772853927961 ], [ -74.373167608790311, -11.056619853929678 ], [ -74.450309733862156, -11.001866978878688 ], [ -74.496471608905154, -11.00023872887717 ], [ -74.508383733916247, -10.95029972883065 ], [ -74.572995108976414, -10.912601978795545 ], [ -74.547974608953126, -10.890619103775093 ], [ -74.508300733916172, -10.878865228764134 ], [ -74.483349358892923, -10.835468228723725 ], [ -74.467302483877972, -10.836658853724828 ], [ -74.431056358844216, -10.81295722870275 ], [ -74.386764858802991, -10.81311585370289 ], [ -74.374396483791458, -10.788568353680036 ], [ -74.377644608794498, -10.759950478653401 ], [ -74.352100983770697, -10.756920228650568 ], [ -74.34432223376345, -10.740185603634981 ], [ -74.31730560873828, -10.726707228622418 ], [ -74.284402858707637, -10.676120853575338 ], [ -74.258029358683075, -10.67978710357872 ], [ -74.252809358678235, -10.659479978559833 ], [ -74.22757810865474, -10.651839853552712 ], [ -74.228200358655315, -10.633242103535403 ], [ -74.203680608632482, -10.630143853532516 ], [ -74.190617483620315, -10.639706978541406 ], [ -74.164960358596403, -10.638449603540257 ], [ -74.138953858572194, -10.667543353567341 ], [ -74.132033608565735, -10.655597728556193 ], [ -74.140582983573694, -10.617459353520687 ], [ -74.133810483567402, -10.600692978505085 ], [ -74.181580608611881, -10.505012603415979 ], [ -74.179846608610262, -10.487027603399236 ], [ -74.215252608643254, -10.453273478367787 ], [ -74.255179608680436, -10.452479103367061 ], [ -74.274878733698785, -10.414822228331973 ], [ -74.275910108699748, -10.370863228291046 ], [ -74.24060160866685, -10.328062478251178 ], [ -74.25219498367764, -10.305131103229812 ], [ -74.224341983651726, -10.279230478205699 ], [ -74.224437858651811, -10.246905853175589 ], [ -74.235170608661804, -10.218259853148929 ], [ -74.230606733657538, -10.186316603119161 ], [ -74.26209998368688, -10.171207853105088 ], [ -74.302873233724853, -10.164837728099169 ], [ -74.305916733727685, -10.1322292280688 ], [ -74.319804733740625, -10.112973853050871 ], [ -74.364218733781996, -10.11458747805238 ], [ -74.400890358816127, -10.070123853010953 ], [ -74.418828108832855, -10.02574997796963 ], [ -74.412670733827099, -10.006771727951952 ], [ -74.424591233838214, -9.986676102933245 ], [ -74.411194233825739, -9.957568852906144 ], [ -74.416646483830817, -9.93082422788123 ], [ -74.411700358826224, -9.914835727866347 ], [ -74.43310160884613, -9.876058602830231 ], [ -74.453300858864935, -9.86363622781866 ], [ -74.447759608859798, -9.777586102738523 ], [ -74.455361358866867, -9.745982477709079 ], [ -74.485552733894991, -9.702220727668328 ], [ -74.496184983904897, -9.593880102567425 ], [ -74.531653858937915, -9.592102852565786 ], [ -74.573883483977255, -9.57380485254874 ], [ -74.574447233977764, -9.545777977522629 ], [ -74.593494358995514, -9.507361852486865 ], [ -74.584560608987204, -9.495624227475945 ], [ -74.677103359073385, -9.428324227413256 ], [ -74.673095734069648, -9.39107035237855 ], [ -74.610619109011452, -9.333039102324516 ], [ -74.587150233989604, -9.296607477290582 ], [ -74.589904233992172, -9.267171727263163 ], [ -74.624466859024352, -9.215562477215093 ], [ -74.639564484038431, -9.159681602163069 ], [ -74.636538734035611, -9.125511227131238 ], [ -74.671864984068492, -9.110542477117297 ], [ -74.678093734074309, -9.094039102101908 ], [ -74.658399734055962, -9.071403727080861 ], [ -74.651366109049405, -9.048768352059776 ], [ -74.669163984065989, -9.020256727033207 ], [ -74.661709609059045, -9.003829602017916 ], [ -74.647874984046155, -8.995767602010419 ], [ -74.652740234050697, -8.979581976995327 ], [ -74.644310734042847, -8.918783226938725 ], [ -74.624214984024121, -8.888726601910713 ], [ -74.618308609018612, -8.832027351857924 ], [ -74.588089858990486, -8.812646476839868 ], [ -74.572874608976321, -8.792645851821245 ], [ -74.53217810893841, -8.776133226805864 ], [ -74.526597858933201, -8.754995601786172 ], [ -74.536122608942094, -8.629864976669618 ], [ -74.547134608952362, -8.584567226627437 ], [ -74.582982483985717, -8.551086726596276 ], [ -74.630328859029817, -8.550410351595636 ], [ -74.664147609061303, -8.561908726606344 ], [ -74.847146484231757, -8.661524101699134 ], [ -74.8407761092258, -8.679068976715479 ], [ -74.847978484232527, -8.691979601727491 ], [ -74.852198734236453, -8.763094351793731 ], [ -74.939901609318127, -8.857216976881364 ], [ -74.953645484330934, -8.858053476882152 ], [ -74.946500859324289, -8.888435476910455 ], [ -74.930673734309522, -8.906003601926797 ], [ -74.934164109312775, -8.93022460194938 ], [ -74.964958984341479, -8.938218726956805 ], [ -74.979705109355208, -8.951902351969567 ], [ -75.012642609385864, -8.913580101933876 ], [ -75.054167984424538, -8.904677726925589 ], [ -75.104300734471224, -8.928953101948176 ], [ -75.140708984505153, -8.96707422698368 ], [ -75.150742234514496, -9.00250972701668 ], [ -75.149193359513049, -9.034519477046484 ], [ -75.171470734533784, -9.069451227079028 ], [ -75.209296859569037, -9.102537102109856 ], [ -75.23803710959578, -9.107402352114359 ], [ -75.210601609570233, -9.159136727162558 ], [ -75.202011734562234, -9.205410102205647 ], [ -75.206130859566088, -9.223216852222224 ], [ -75.244392609601704, -9.261931602258278 ], [ -75.262330109618404, -9.270367227266135 ], [ -75.282722609637403, -9.309831977302885 ], [ -75.328941359680442, -9.297029352290981 ], [ -75.334960984686063, -9.304152352297596 ], [ -75.372337859720858, -9.309406227302521 ], [ -75.395179609742144, -9.295181602289247 ], [ -75.452101484795165, -9.296722602290696 ], [ -75.456254609799032, -9.324999977317026 ], [ -75.487792984828388, -9.372650352361413 ], [ -75.558394484894137, -9.399898477386762 ], [ -75.671478484999454, -9.396300727383426 ], [ -75.731757860055609, -9.272265602267924 ], [ -75.75782036007989, -9.247927727245244 ], [ -75.774933610095815, -9.20750972720761 ], [ -75.794113235113684, -9.188365227189776 ], [ -75.806464860125175, -9.121486352127492 ], [ -75.83603586015272, -9.08481085209333 ], [ -75.844390610160502, -9.051505852062302 ], [ -75.870497985184812, -9.029123102041479 ], [ -75.880919860194524, -9.006080102020029 ], [ -75.877152360191019, -8.956800726974119 ], [ -75.92281248523355, -8.864054726887755 ], [ -75.929593735239848, -8.826972476853214 ], [ -75.921646485232458, -8.780808601810227 ], [ -75.938529360248168, -8.75178510178317 ], [ -75.945750110254892, -8.716138726749977 ], [ -75.899980485212268, -8.67815047671461 ], [ -75.889765985202772, -8.659662976697387 ], [ -75.833387110150255, -8.652288601690538 ], [ -75.818234735136144, -8.636070976675411 ], [ -75.818597860136492, -8.617888476658488 ], [ -75.795461360114928, -8.592495351634842 ], [ -75.779639235100205, -8.54741535159285 ], [ -75.790144110109992, -8.5116211015595 ], [ -75.783192735103526, -8.503606351552062 ], [ -75.786927860106971, -8.496680976545594 ], [ -75.71647036004137, -8.487328476536886 ], [ -75.707009610032543, -8.439324851492181 ], [ -75.688169735015009, -8.42361835147755 ], [ -75.645119984974912, -8.408894976463825 ], [ -75.599062984932033, -8.411977726466702 ], [ -75.581747609915908, -8.426838726480545 ], [ -75.584647109918592, -8.440246226493056 ], [ -75.549119484885495, -8.466590226517578 ], [ -75.490096359830545, -8.441683601494383 ], [ -75.437660234781703, -8.434659601487843 ], [ -75.43478273477902, -8.393303976449333 ], [ -75.479374734820539, -8.379184101436175 ], [ -75.480780109821865, -8.363249351421318 ], [ -75.504373609843839, -8.350513351409484 ], [ -75.490935109831327, -8.314906851376309 ], [ -75.50287723484243, -8.289411851352568 ], [ -75.488445484828986, -8.264096976328982 ], [ -75.471679734813392, -8.252567101318244 ], [ -75.471070109812814, -8.240949226307423 ], [ -75.448400484791705, -8.220482476288351 ], [ -75.453716109796673, -8.211740851280229 ], [ -75.437633359781671, -8.194849976264509 ], [ -75.43923885978316, -8.174874601245897 ], [ -75.429781109774353, -8.166522726238112 ], [ -75.39813148474488, -8.168468726239947 ], [ -75.376146984724414, -8.138777101212298 ], [ -75.34553773469591, -8.129410351203569 ], [ -75.323525984675399, -8.139309851212763 ], [ -75.287892234642214, -8.125490726199892 ], [ -75.247284109604408, -8.154772476227167 ], [ -75.235406234593341, -8.150501851223193 ], [ -75.23568273459361, -8.140100726213516 ], [ -75.212404984571918, -8.123931976198458 ], [ -75.212493484572008, -8.100482476176607 ], [ -75.189321484550419, -8.079044226156665 ], [ -75.195902859556554, -8.052686226132089 ], [ -75.185697359547049, -8.018442601100206 ], [ -75.149434734513278, -8.001818851084717 ], [ -75.144109859508319, -7.979091726063544 ], [ -75.092217359459994, -7.973675726058514 ], [ -75.03334960940515, -7.950054726036505 ], [ -75.005531234379248, -7.970152351055239 ], [ -74.982259734357584, -7.968986351054154 ], [ -74.953404734330718, -8.012707476094869 ], [ -74.887928109269723, -8.084199476161439 ], [ -74.840384734225438, -8.058351601137385 ], [ -74.7790259841683, -8.04237635112249 ], [ -74.727944484120741, -7.98100897606536 ], [ -74.711275359105201, -7.97900235106347 ], [ -74.668440484065314, -7.945642101032393 ], [ -74.627984234027622, -7.939828101026973 ], [ -74.610144484011016, -7.913982476002926 ], [ -74.598174358999884, -7.864730475957046 ], [ -74.569745108973407, -7.815980475911656 ], [ -74.515609608922972, -7.777825225876103 ], [ -74.524341483931096, -7.757133850856842 ], [ -74.558935233963325, -7.747465225847852 ], [ -74.582083983984887, -7.706013725809234 ], [ -74.583455233986172, -7.685068600789734 ], [ -74.570820483974387, -7.66848822577429 ], [ -74.576227108979424, -7.637229850745169 ], [ -74.608795109009776, -7.608782100718674 ], [ -74.643144359041742, -7.562285100675368 ], [ -74.642902109041529, -7.500086475617445 ], [ -74.616073859016552, -7.435037600556878 ], [ -74.579521358982504, -7.409929475533477 ], [ -74.566011358969917, -7.359707725486703 ], [ -74.534690233940751, -7.318203600448062 ], [ -74.535522858941533, -7.293768850425304 ], [ -74.500091233908535, -7.262049475395767 ], [ -74.472044983882412, -7.275466475408264 ], [ -74.46352085887446, -7.298596850429807 ], [ -74.444447233856692, -7.307129225437749 ], [ -74.431321358844485, -7.301594850432575 ], [ -74.413827233828187, -7.314896850444981 ], [ -74.370177983787528, -7.317272100447201 ], [ -74.361566858779526, -7.336606725465195 ], [ -74.344313483763443, -7.344729600472744 ], [ -74.28403685870731, -7.354202225481595 ], [ -74.253658983679003, -7.343682475471797 ], [ -74.233726608660447, -7.360015600486992 ], [ -74.180856858611207, -7.358747225485805 ], [ -74.1416364835747, -7.377771725503535 ], [ -74.13293685856658, -7.400802350524992 ], [ -74.039109483479209, -7.448879475569769 ], [ -74.036473858476754, -7.481244475599888 ], [ -74.018373108459897, -7.491445350609399 ], [ -74.012091858454042, -7.513884725630293 ], [ -73.98303323342698, -7.534361350649385 ], [ -73.978568358422834, -7.561470725674623 ], [ -73.958404233404039, -7.564437475677376 ], [ -73.889023483339457, -7.603552725713811 ], [ -73.900458983350077, -7.640228475747985 ], [ -73.868064483319927, -7.675296725780637 ], [ -73.855376983308105, -7.677589850782759 ], [ -73.839179733293037, -7.666871100772791 ], [ -73.836060608290126, -7.692230475796404 ], [ -73.822464983277456, -7.700515600804113 ], [ -73.81775585827306, -7.717259725819725 ], [ -73.801760108258193, -7.713720850816419 ], [ -73.741415983202003, -7.733287225834648 ], [ -73.734088983195193, -7.744752475845313 ], [ -73.714799233177217, -7.742385975843103 ], [ -73.711717358174354, -7.76090522586037 ], [ -73.688480108152703, -7.767135475866145 ], [ -73.676187858141262, -7.800530350897272 ], [ -73.682823983147458, -7.817893975913438 ], [ -73.678159733143119, -7.857964100950751 ], [ -73.703574233166776, -7.875956975967508 ], [ -73.720908233182911, -7.872396475964192 ], [ -73.735451108196443, -7.878810600970179 ], [ -73.758267608217679, -7.870671850962581 ], [ -73.761542983220735, -7.860599600953194 ], [ -73.765824233224734, -7.866216850958424 ], [ -73.755224608214832, -7.892328100982746 ], [ -73.772255858230693, -7.909164100998452 ], [ -73.740302733200963, -7.929673851017552 ], [ -73.747886733208048, -7.947373226034014 ], [ -73.730476608191822, -7.952628851038912 ], [ -73.726783233188371, -7.96584572605123 ], [ -73.705634733168708, -7.954703101040835 ], [ -73.699867233163317, -7.976320351060984 ], [ -73.681099608145843, -7.983867226068009 ], [ -73.681664108146364, -7.996751976080006 ], [ -73.668022983133667, -8.013148101095277 ], [ -73.639248483106869, -8.006529476089124 ], [ -73.616851233086038, -8.034250226114944 ], [ -73.626252858094773, -8.057459726136555 ], [ -73.584471108055894, -8.128678476202872 ], [ -73.595694733066338, -8.16456085123629 ], [ -73.588790858059923, -8.19697460126646 ], [ -73.571412108043745, -8.22366010129131 ], [ -73.587386358058595, -8.240860976307356 ], [ -73.562992233035885, -8.245497851311672 ], [ -73.526261983001717, -8.270785726335204 ], [ -73.53761335801228, -8.296773476359409 ], [ -73.526433108001868, -8.3211326013821 ], [ -73.542691483017009, -8.346695351405907 ] ] ] } }
]
}
