"ciudad","fecha","pp","ant_log","ant_op","prob","prob_corte","evento_log","Iop","umbral_op","evento_op"
"10001",2026-10-08,1.1,0.1,0.1,0,0.256,0,1.2,29.6,0
"10004",2026-10-08,0.3,1.3,0,0,0.003,0,0.3,41.5,0
"10005",2026-10-08,0,0,0,0.001,0.371,0,0,38.1,0
"10006",2026-10-08,0,0.2,0.2,0,0.34,0,0.2,70.4,0
"10007",2026-10-08,0,0.3,0.3,0,0.564,0,0.4,104.8,0
"10008",2026-10-08,0.1,0.2,0.3,0,0.016,0,0.4,113.1,0
"10010",2026-10-08,0,0,NA,0.002,NA,NA,NA,NA,NA
"10013",2026-10-08,0,0,0,0.001,0.311,0,0,3.7,0
"10014",2026-10-08,0,0,0,0.002,0.502,0,0,3,0
"10015",2026-10-08,0,0.1,0,0.002,0.375,0,0,3.4,0
"10016",2026-10-08,0,0.1,0,0.002,0.519,0,0,1.9,0
"10017",2026-10-08,0,0.1,0,0.002,0.458,0,0,1.9,0
"10156",2026-10-08,10.1,6.2,83.2,0.001,0.001,1,93.3,20.7,1
"10157",2026-10-08,12.7,6.9,38.4,0.001,0.001,1,51,235.4,0
"10158",2026-10-08,16.9,8.1,45.2,0.001,0,1,62.1,272.5,0
"10159",2026-10-08,14.7,39,112.1,0.001,0,1,126.9,27.1,1
"10160",2026-10-08,17.3,5.7,94.6,0.001,0,1,111.9,45.8,1
"10161",2026-10-08,26.6,2.1,2.1,0.004,0.048,0,28.6,133.6,0
"10162",2026-10-08,28.9,1.7,1.7,0.003,0.034,0,30.5,126.2,0
"10163",2026-10-08,26.4,1,1,0.003,0.025,0,27.4,116.4,0
"10164",2026-10-08,12,0.3,0.3,0.003,0.038,0,12.2,98.3,0
"10165",2026-10-08,3.2,1.2,0.1,0.003,0.067,0,3.2,92.6,0
"10166",2026-10-08,4.4,1.2,0.2,0.003,0.158,0,4.5,78.6,0
"10167",2026-10-08,8.4,1.2,0.3,0.003,0.448,0,8.8,70,0
"10168",2026-10-08,17.6,0.2,12,0.005,0.17,0,29.6,0.2,1
"10169",2026-10-08,18.3,0.2,0.2,0.003,0.364,0,18.5,74.4,0
"10170",2026-10-08,8.5,0.3,27.8,0.002,0.121,0,36.3,1.7,1
"10172",2026-10-08,6.7,34.7,1.2,0.003,0.051,0,8,184.1,0
"10173",2026-10-08,6.2,36.4,3,0.002,0.088,0,9.1,119.1,0
"10174",2026-10-08,11.8,3.7,34.4,0.005,0.083,0,46.2,291.1,0
"10175",2026-10-08,21.4,3.8,43.7,0.009,0.048,0,65.1,274.9,0
"10186",2026-10-08,26.1,41.5,7.3,0.002,0,1,33.4,126.6,0
"10187",2026-10-08,26.4,57.2,119,0.006,0.001,1,145.3,7.7,1
"10188",2026-10-08,20.2,45.3,58,0.009,0.148,0,78.2,1,1
"10189",2026-10-08,16.4,48.5,5.4,0.006,0.152,0,21.9,57,0
"10190",2026-10-08,18.4,59.8,35,0.005,0.143,0,53.4,137.5,0
"10193",2026-10-08,15.5,6.2,112.9,0.01,0.004,1,128.4,20.3,1
"10194",2026-10-08,11.2,5,84.4,0.012,0.038,0,95.5,18.4,1
"10195",2026-10-08,6.4,19.2,3.3,0.005,0.006,0,9.6,10.8,0
"10196",2026-10-08,2.6,13.2,6.7,0.002,0.001,1,9.3,32.9,0
"10197",2026-10-08,2.3,5.2,12.2,0.002,0.001,1,14.5,0.1,1
"10198",2026-10-08,3,16.7,16.7,0.001,0,1,19.7,0.4,1
"10199",2026-10-08,1.9,3.8,3.8,0,0.029,0,5.7,50.6,0
"10200",2026-10-08,1.9,21.6,0.7,0.001,0.046,0,2.6,33.7,0
"10201",2026-10-08,3.1,27.5,27.5,0.001,0.001,1,30.6,0.1,1
"10202",2026-10-08,4.1,33.6,33.6,0.001,0.001,1,37.8,0.2,1
"10203",2026-10-08,3.3,29.7,15.4,0.001,0,1,18.6,0.2,1
"10204",2026-10-08,2.4,22.6,10.4,0.001,0.001,1,12.8,62.4,0
"10205",2026-10-08,0.7,7,1.1,0.001,0.001,1,1.8,24.4,0
"10206",2026-10-08,1,7.6,7.6,0,0.003,0,8.6,40.6,0
"10207",2026-10-08,3.1,14,15.5,0,0.087,0,18.6,136.6,0
"10208",2026-10-08,3,10.2,10.2,0.001,0.064,0,13.2,82,0
"10209",2026-10-08,1.7,0.2,0.2,0,0.013,0,2,23.3,0
"10210",2026-10-08,1.3,5,0.2,0.001,0.089,0,1.5,27.1,0
"10211",2026-10-08,1.5,5.9,0.1,0,0.018,0,1.6,22,0
"10216",2026-10-08,0.3,0,0,0,0.013,0,0.4,28.9,0
"10218",2026-10-08,0.1,0.4,1,0,0.012,0,1.1,101.4,0
"10219",2026-10-08,0,0,0,0,0.008,0,0,56.8,0
"10224",2026-10-08,0,0,0,0.001,0.23,0,0,8.3,0
"10225",2026-10-08,0,0.1,0,0.001,0.364,0,0,3.5,0
"10226",2026-10-08,0,0.1,0,0.001,0.621,0,0,2.9,0
"10227",2026-10-08,0,0.1,0,0.001,0.36,0,0,1.7,0
"10228",2026-10-08,0,0,0,0.002,0.335,0,0,3.7,0
"10366",2026-10-08,11.2,6.8,86.9,0.001,0.001,1,98,19.7,1
"10367",2026-10-08,10.5,5.7,32.9,0.001,0.001,1,43.3,276.3,0
"10368",2026-10-08,12.7,6.1,33.5,0.001,0.001,1,46.2,298.3,0
"10369",2026-10-08,10.9,4.4,29,0.001,0,1,39.9,260.4,0
"10370",2026-10-08,11.4,1.2,1.2,0.003,0.072,0,12.6,126,0
"10371",2026-10-08,19,1.6,1.6,0.002,0.043,0,20.6,142.7,0
"10372",2026-10-08,25.5,1.6,1.6,0.003,0.065,0,27.2,173.1,0
"10373",2026-10-08,27.6,1.3,1.3,0.003,0.067,0,28.9,170.6,0
"10374",2026-10-08,19.6,0.5,0.5,0.002,0.064,0,20.1,133.7,0
"10375",2026-10-08,7.5,9.2,27.5,0.004,0.003,1,34.9,1.3,1
"10376",2026-10-08,2.7,19.1,0.1,0.004,0.08,0,2.8,61.5,0
"10377",2026-10-08,4.9,0.8,0.2,0.002,0.073,0,5.1,62.5,0
"10378",2026-10-08,5.8,0.3,0.3,0.001,0.186,0,6.1,77.2,0
"10379",2026-10-08,5.5,1,0.3,0.002,0.299,0,5.9,66.3,0
"10380",2026-10-08,4.4,1.1,33.2,0.002,0.453,0,37.6,1.1,1
"10381",2026-10-08,3.8,0.2,0.8,0.003,0.297,0,4.6,84.8,0
"10382",2026-10-08,4.2,1.5,1.5,0,0.397,0,5.7,130.6,0
"10396",2026-10-08,21.2,31.1,5.1,0.002,0,1,26.3,115.7,0
"10397",2026-10-08,27,72.3,6.8,0.004,0.183,0,33.8,140.5,0
"10398",2026-10-08,26.4,67.5,6.5,0.003,0.234,0,33,128.5,0
"10399",2026-10-08,22.4,59.6,5.3,0.003,0.247,0,27.7,111.7,0
"10400",2026-10-08,23.3,108.9,5.5,0.007,0.09,0,28.9,102.5,0
"10401",2026-10-08,25.1,6.3,127.8,0.006,0.115,0,152.9,4.6,1
"10402",2026-10-08,23.6,134.1,82,0.003,0.001,1,105.7,3,1
"10403",2026-10-08,19.7,6.1,140.4,0.012,0.005,1,160.1,66.9,1
"10404",2026-10-08,15.4,5.3,124.7,0.011,0.006,1,140.1,57.6,1
"10405",2026-10-08,8.5,61.3,61.3,0.002,0.001,1,69.9,3.3,1
"10406",2026-10-08,2.4,16.2,16.2,0.001,0.001,1,18.6,0.6,1
"10407",2026-10-08,1.2,9.8,9.8,0.001,0.001,1,10.9,0.1,1
"10408",2026-10-08,1.5,10,0.7,0.001,0.123,0,2.2,43.5,0
"10409",2026-10-08,1.1,8.5,0.3,0.001,0.114,0,1.4,42.6,0
"10410",2026-10-08,1.2,12.4,0.3,0.001,0.074,0,1.6,43,0
"10411",2026-10-08,2.2,9.2,20.1,0,0.008,0,22.3,0.3,1
"10412",2026-10-08,3.3,14.5,26.6,0.001,0.001,1,29.9,0.4,1
"10413",2026-10-08,3.4,25.8,25.8,0.001,0.001,1,29.2,0.4,1
"10414",2026-10-08,2.4,17.7,13.1,0.001,0.001,1,15.4,0.4,1
"10415",2026-10-08,1.1,4.5,4.5,0.001,0.01,0,5.7,40.8,0
"10416",2026-10-08,1.8,5.5,8.9,0,0.002,0,10.7,46.4,0
"10417",2026-10-08,4.7,14.5,11.8,0,0.046,0,16.5,96.5,0
"10418",2026-10-08,5,15.4,12.2,0,0.013,0,17.1,85.2,0
"10419",2026-10-08,3.3,9.3,0.4,0.001,0.006,0,3.6,24.8,0
"10420",2026-10-08,2.4,7.9,7.9,0.002,0.003,0,10.3,17.5,0
"10421",2026-10-08,2.1,7.9,7.9,0.002,0.003,0,10,17.8,0
"10424",2026-10-08,1.1,5.4,5.4,0,0.02,0,6.6,70.4,0
"10425",2026-10-08,0.9,0.1,4.3,0,0.017,0,5.2,75.4,0
"10435",2026-10-08,0,0,0,0.001,0.277,0,0,10.4,0
"10436",2026-10-08,0,0.1,0,0.001,0.11,0,0,7.4,0
"10437",2026-10-08,0,0,0.1,0,0.209,0,0.1,5.9,0
"10438",2026-10-08,0,0,0,0.001,0.441,0,0,1.9,0
"10439",2026-10-08,0,0,0,0.002,0.707,0,0,1.8,0
"10440",2026-10-08,0,0,0,0.001,0.58,0,0,1.8,0
"10441",2026-10-08,0,0,0,0.002,0.691,0,0,1.6,0
"10576",2026-10-08,11.9,99,99,0.002,0.001,1,110.9,10,1
"10577",2026-10-08,8.2,10.1,30.2,0.002,0.001,1,38.4,279.7,0
"10578",2026-10-08,7.9,3.8,24.3,0.002,0.202,0,32.1,349.4,0
"10579",2026-10-08,8.9,3.7,24,0.002,0.001,1,32.9,306.9,0
"10580",2026-10-08,12.2,1.3,29.7,0.003,0.075,0,41.8,307.7,0
"10581",2026-10-08,19,1.6,1.6,0.004,0.052,0,20.6,105.8,0
"10582",2026-10-08,27.1,1.9,1.9,0.003,0.186,0,29,145,0
"10583",2026-10-08,42.7,2.4,2.4,0.005,0.168,0,45.1,180.5,0
"10584",2026-10-08,41.9,1.8,1.8,0.004,0.26,0,43.7,200.4,0
"10585",2026-10-08,9.6,15.9,1.3,0.007,0.004,1,10.9,0.1,1
"10588",2026-10-08,1.8,0.1,34.6,0.002,0.108,0,36.4,170.3,0
"10589",2026-10-08,2,0.8,0.4,0.001,0.407,0,2.4,68.7,0
"10590",2026-10-08,1.5,1.3,0.8,0.002,0.524,0,2.3,148.3,0
"10591",2026-10-08,3.4,1.3,0.5,0.001,0.119,0,3.8,81.6,0
"10592",2026-10-08,4.1,1.8,1.8,0,0.061,0,6,65.4,0
"10593",2026-10-08,3.9,2.4,28.6,0,0.08,0,32.5,173.8,0
"10605",2026-10-08,21,94.3,54.7,0.006,0.001,1,75.7,2.6,1
"10606",2026-10-08,19.8,34.2,4.2,0.003,0.281,0,23.9,99.7,0
"10607",2026-10-08,22.9,62.2,4.6,0.004,0.372,0,27.5,140,0
"10608",2026-10-08,26.5,58.5,4.7,0.002,0.518,0,31.2,173.4,0
"10609",2026-10-08,24.8,3.8,3.8,0.002,0.605,0,28.6,174.6,0
"10610",2026-10-08,27.7,68.8,4,0.005,0.372,0,31.7,147.3,0
"10611",2026-10-08,32.4,26.1,5.3,0.006,0.194,0,37.7,142.8,0
"10612",2026-10-08,28.7,146.1,146.1,0.003,0.001,1,174.8,9.8,1
"10613",2026-10-08,22.5,153.8,153.8,0.012,0.007,1,176.2,91.3,1
"10614",2026-10-08,16.6,136.1,136.1,0.002,0.001,1,152.8,11.7,1
"10615",2026-10-08,8.5,64.1,64.1,0.001,0.001,1,72.6,3.1,1
"10616",2026-10-08,2.8,21,21,0.001,0,1,23.8,0.3,1
"10617",2026-10-08,1.4,8.2,13.8,0.001,0,1,15.1,0.1,1
"10618",2026-10-08,1.3,3.2,11.6,0,0,1,12.9,0.3,1
"10619",2026-10-08,0.8,10.1,0.2,0.002,0.161,0,1,55.1,0
"10620",2026-10-08,0.5,10.5,0.1,0.001,0.148,0,0.5,53.3,0
"10621",2026-10-08,1.3,20.4,0.3,0.001,0.218,0,1.6,49,0
"10622",2026-10-08,2.5,22.9,0.6,0.001,0.063,0,3.1,57.4,0
"10623",2026-10-08,4.1,24.9,24.9,0.001,0.016,0,29,150,0
"10624",2026-10-08,3.5,18.4,18.4,0.001,0.001,1,21.9,0.9,1
"10625",2026-10-08,2.3,11.5,7.1,0.001,0.001,1,9.4,61.7,0
"10626",2026-10-08,3.6,10.4,10.4,0,0.026,0,14,125.3,0
"10627",2026-10-08,8.7,13.8,12.2,0,0.015,0,20.9,92.9,0
"10628",2026-10-08,8.4,0.5,10.5,0.001,0.012,0,19,59.3,0
"10629",2026-10-08,4.8,8.7,20.9,0.001,0.005,0,25.6,2,1
"10630",2026-10-08,4.5,13.2,13.2,0.003,0.002,1,17.7,17.6,1
"10631",2026-10-08,3.9,13.3,13.3,0.003,0.003,1,17.1,14.9,1
"10635",2026-10-08,1.2,0.1,4.4,0,0.008,0,5.6,40.7,0
"10644",2026-10-08,0,0.1,0,0,0.272,0,0,20.6,0
"10645",2026-10-08,0,0,0,0,0.207,0,0,40.8,0
"10646",2026-10-08,0,0.1,0,0.001,0.103,0,0,18.8,0
"10647",2026-10-08,0,0,0,0,0.135,0,0,11,0
"10648",2026-10-08,0,0,0,0.001,0.407,0,0,3.1,0
"10649",2026-10-08,0,0.1,0,0.001,0.5,0,0,1.6,0
"10650",2026-10-08,0,0,0,0,0.629,0,0,2.8,0
"10651",2026-10-08,0,0,0,0.001,0.17,0,0,2.2,0
"10652",2026-10-08,0,0,0,0.001,0.592,0,0,0.8,0
"10787",2026-10-08,8.3,1.4,28,0.001,0.009,0,36.3,293.7,0
"10788",2026-10-08,5.5,0.8,19.2,0.001,0.01,0,24.7,300.4,0
"10789",2026-10-08,5.9,0.8,51.1,0.001,0.207,0,57,4.5,1
"10790",2026-10-08,10.2,1.2,63.2,0.001,0.126,0,73.4,5.9,1
"10791",2026-10-08,17,1.6,70.7,0.003,0.071,0,87.7,5.2,1
"10792",2026-10-08,27.2,2,34.6,0.004,0.058,0,61.8,1.1,1
"10793",2026-10-08,51.8,3.1,42.2,0.006,0.273,0,93.9,403.6,0
"10794",2026-10-08,59.3,3.4,3.4,0.006,0.566,0,62.7,270.5,0
"10798",2026-10-08,1.2,0.3,45.8,0.003,0.725,0,47,1,1
"10799",2026-10-08,1.8,1,30.7,0.001,0.656,0,32.5,1,1
"10800",2026-10-08,0.2,0.1,0,0.001,0.089,0,0.2,85.1,0
"10801",2026-10-08,3.8,11.6,26.7,0.001,0.21,0,30.5,168.7,0
"10802",2026-10-08,6.4,28.3,28.3,0,0.185,0,34.7,183.7,0
"10803",2026-10-08,6.1,31.8,31.8,0,0.191,0,37.9,193,0
"10804",2026-10-08,7.8,37.3,37.3,0,0.033,0,45.1,219.2,0
"10814",2026-10-08,23.8,29.7,29.7,0.001,0.003,0,53.5,88.9,0
"10815",2026-10-08,22.8,29.8,29.8,0.001,0.003,0,52.5,91.2,0
"10816",2026-10-08,22.5,106.3,61.8,0.004,0.001,1,84.3,3,1
"10817",2026-10-08,22.2,105,60.5,0.004,0.001,1,82.7,4.1,1
"10818",2026-10-08,24.3,86,20.1,0.005,0.384,0,44.5,231.8,0
"10819",2026-10-08,27.2,70.8,2,0.005,0.375,0,29.2,151.5,0
"10820",2026-10-08,31.5,83.1,14.1,0.006,0.328,0,45.5,248.2,0
"10821",2026-10-08,32.1,15.2,75,0.003,0.172,0,107,4.8,1
"10822",2026-10-08,29,150.4,150.4,0.004,0.001,1,179.4,10,1
"10823",2026-10-08,25,169.9,169.9,0.004,0.001,1,194.9,12.5,1
"10824",2026-10-08,20.5,153.1,153.1,0.003,0.002,1,173.6,16.1,1
"10825",2026-10-08,12.8,83.5,52.8,0.002,0.001,1,65.5,0.7,1
"10826",2026-10-08,6.8,41.7,41.7,0.001,0,1,48.5,1.5,1
"10827",2026-10-08,3.5,6.1,27.6,0.001,0,1,31.1,0.4,1
"10828",2026-10-08,2.2,6.8,19.7,0.001,0,1,21.9,0.2,1
"10829",2026-10-08,1.1,20.4,0.2,0.003,0.162,0,1.2,50.4,0
"10830",2026-10-08,0.7,46.1,0,0.009,0.25,0,0.7,50.1,0
"10831",2026-10-08,1.3,30.1,0.2,0.001,0.194,0,1.5,61.4,0
"10832",2026-10-08,2.6,27.2,27.2,0.001,0.001,1,29.8,0.1,1
"10833",2026-10-08,3.5,24,12.8,0.001,0.013,0,16.2,58.9,0
"10834",2026-10-08,2.2,13.8,9.1,0.001,0.13,0,11.4,58.4,0
"10835",2026-10-08,2.4,11.3,0.4,0.001,0.164,0,2.8,48,0
"10836",2026-10-08,4.7,7.1,0.4,0.001,0.298,0,5.1,54.4,0
"10837",2026-10-08,15.4,14,14,0.008,0.08,0,29.4,61.1,0
"10841",2026-10-08,4.5,12.1,12.1,0.005,0.003,1,16.6,8.5,1
"10852",2026-10-08,0.1,0.4,0.4,0,0.182,0,0.5,196.4,0
"10859",2026-10-08,0,0,0,0,0.41,0,0,2.6,0
"10860",2026-10-08,0,0,0,0.001,0.528,0,0,4.6,0
"10861",2026-10-08,0,0,0,0.001,0.342,0,0,1.3,0
"10862",2026-10-08,0,0,0,0.001,0.558,0,0,2.1,0
"10863",2026-10-08,0,0,0,0.001,0.36,0,0,1.2,0
"10997",2026-10-08,8.5,1.5,22.7,0.001,0.009,0,31.2,239.4,0
"10998",2026-10-08,6.1,3.1,17.9,0.001,0.179,0,24,274.4,0
"10999",2026-10-08,5,2.2,43.3,0.004,0.527,0,48.3,1.4,1
"11000",2026-10-08,8.5,3.2,50.2,0.004,0.312,0,58.7,1.5,1
"11001",2026-10-08,16,1.6,28.3,0.002,0.066,0,44.3,185.1,0
"11002",2026-10-08,22.3,1.9,1.9,0.004,0.049,0,24.2,109.8,0
"11003",2026-10-08,27.6,2,2,0.003,0.375,0,29.5,192,0
"11004",2026-10-08,23.1,1.5,1.5,0.003,0.666,0,24.6,256.1,0
"11005",2026-10-08,9.9,0.6,0.6,0.002,0.129,0,10.5,133.9,0
"11006",2026-10-08,0.8,0.1,0.1,0.001,0.062,0,0.9,96.6,0
"11007",2026-10-08,2.4,12.3,33.3,0.002,0.189,0,35.7,234.5,0
"11008",2026-10-08,3.3,0.6,0.6,0.002,0.118,0,3.9,108.8,0
"11009",2026-10-08,3.6,13.6,0.4,0.001,0.001,1,4,76,0
"11010",2026-10-08,3.6,13.5,0.5,0.001,0.211,0,4.1,70.1,0
"11011",2026-10-08,5.3,20,0.7,0.002,0.001,1,6,77.6,0
"11012",2026-10-08,7.3,1,1,0.001,0.051,0,8.4,59,0
"11013",2026-10-08,7.9,7.7,39,0.001,0.001,1,46.9,245.8,0
"11024",2026-10-08,23.5,4.4,4.4,0.006,0.032,0,27.9,67.9,0
"11025",2026-10-08,22.7,19.8,4.2,0.006,0.044,0,26.9,80.7,0
"11026",2026-10-08,22.2,117.5,3.8,0.004,0.021,0,25.9,78.2,0
"11027",2026-10-08,22.6,103.6,3,0.004,0.025,0,25.6,88.1,0
"11028",2026-10-08,25,101.7,60.8,0.005,0.001,1,85.8,2.1,1
"11029",2026-10-08,36.1,75.4,7,0.01,0.259,0,43.1,201.1,0
"11030",2026-10-08,45.1,54.4,2.9,0.008,0.001,1,48.1,235,0
"11031",2026-10-08,27.6,83.8,1.2,0.004,0.114,0,28.8,123,0
"11032",2026-10-08,19.9,117.2,117.2,0.002,0.001,1,137.1,9.8,1
"11033",2026-10-08,22.6,148.1,23.6,0.004,0.033,0,46.2,273.9,0
"11034",2026-10-08,24.3,148.4,148.4,0.005,0.008,0,172.7,274.5,0
"11035",2026-10-08,19.5,28.3,103.1,0.002,0.001,1,122.5,6.1,1
"11036",2026-10-08,14,1.9,69.5,0.001,0.061,0,83.5,4.9,1
"11037",2026-10-08,8.4,10.8,49.1,0.001,0,1,57.4,1.9,1
"11038",2026-10-08,4.3,7.1,34.5,0.001,0,1,38.8,0.7,1
"11039",2026-10-08,2.3,33.5,7.8,0.005,0.175,0,10.1,106.1,0
"11040",2026-10-08,1.6,34.8,0.2,0.001,0.057,0,1.8,42.6,0
"11041",2026-10-08,1.7,25.8,0.3,0.001,0.092,0,2,40.5,0
"11042",2026-10-08,2.2,20.8,20.8,0.001,0.001,1,23,0.1,1
"11043",2026-10-08,1.8,14.5,0.3,0.001,0.027,0,2.1,25.2,0
"11044",2026-10-08,0.6,6.4,0,0.001,0.108,0,0.7,27.8,0
"11045",2026-10-08,1.8,11.1,4.8,0.001,0.228,0,6.6,65.5,0
"11047",2026-10-08,7.2,9.1,0.4,0.001,0.153,0,7.6,44.9,0
"11064",2026-10-08,0,0.1,0.1,0,0.279,0,0.1,120.6,0
"11069",2026-10-08,0,0,0,0.001,0.552,0,0,3,0
"11070",2026-10-08,0,0,0,0.001,0.546,0,0,9.6,0
"11071",2026-10-08,0,0,0,0.001,0.644,0,0,1.6,0
"11072",2026-10-08,0,0,0,0.001,0.718,0,0,2.9,0
"11073",2026-10-08,0,0,0,0.001,0.549,0,0,1.3,0
"11074",2026-10-08,0,0,0,0,0.161,0,0,3.2,0
"11075",2026-10-08,0,0,0,0.001,0.348,0,0,2.9,0
"11076",2026-10-08,0,0,0,0,0.033,0,0,2.1,0
"1110",2026-10-08,0.1,0,0.2,0.002,0.031,0,0.3,79.5,0
"1111",2026-10-08,0.1,3.2,0.1,0.002,0.175,0,0.2,48.9,0
"1112",2026-10-08,0.1,2.6,0.1,0.002,0.254,0,0.2,54,0
"1113",2026-10-08,0.1,2.2,2.2,0,0.144,0,2.3,107.4,0
"1114",2026-10-08,0.1,0.2,2,0.001,0.145,0,2.1,235.7,0
"1115",2026-10-08,0,0,2,0.002,0.052,0,2.1,272.4,0
"1116",2026-10-08,0,0.3,0.3,0.001,0.057,0,0.4,183.1,0
"1117",2026-10-08,0,0,2,0.002,0.005,0,2.1,222.2,0
"1118",2026-10-08,0,0.2,1.8,0.002,0.006,0,1.8,173.3,0
"1119",2026-10-08,0,0.2,0.2,0.003,0.396,0,0.2,154.9,0
"1120",2026-10-08,0,1.3,0,0.002,0.171,0,0,42.4,0
"11207",2026-10-08,7.7,1.4,18.3,0.001,0.332,0,26,190.3,0
"11208",2026-10-08,6.9,1.1,18.1,0.001,0.164,0,25,224.7,0
"11209",2026-10-08,7.9,3.7,49,0.004,0.55,0,56.9,1,1
"1121",2026-10-08,0,1.1,0,0.001,0.229,0,0,47.4,0
"11210",2026-10-08,11.9,16.8,4.7,0.004,0.3,0,16.6,186.7,0
"11211",2026-10-08,18.7,2.2,30.9,0.003,0.242,0,49.6,0.6,1
"11212",2026-10-08,19.7,2,31.3,0.003,0.217,0,50.9,1.5,1
"11213",2026-10-08,16.8,1.5,1.5,0.002,0.3,0,18.3,137.1,0
"11214",2026-10-08,14,1.1,1.1,0.002,0.5,0,15.1,187.2,0
"11215",2026-10-08,9.9,0.7,2,0.001,0.223,0,11.9,198.7,0
"11216",2026-10-08,4.1,42.6,0.9,0,0.043,0,5,154.3,0
"11217",2026-10-08,3.6,41.8,0.9,0,0.087,0,4.5,114.6,0
"11218",2026-10-08,4.5,9.8,1.3,0.002,0.001,1,5.8,114.9,0
"11219",2026-10-08,4.9,12.1,54.1,0.002,0.001,1,59,243.5,0
"1122",2026-10-08,0,1,1,0.001,0.111,0,1,213.3,0
"11220",2026-10-08,5.7,14.1,0.7,0.001,0.001,1,6.4,86.4,0
"11221",2026-10-08,6.4,0.9,0.9,0.001,0.035,0,7.3,68.5,0
"11222",2026-10-08,7.1,1,1,0.001,0.033,0,8.1,78.6,0
"1123",2026-10-08,0,0.2,0,0.002,0.589,0,0,40.2,0
"11234",2026-10-08,22.4,40.8,20.2,0.006,0.003,1,42.6,64.1,0
"11235",2026-10-08,20.9,130,130,0.004,0.003,1,150.9,29.8,1
"11236",2026-10-08,19.7,15.8,65.1,0.002,0.13,0,84.9,4.8,1
"11237",2026-10-08,20.7,13.4,63.6,0.002,0.091,0,84.3,2.1,1
"11238",2026-10-08,26.5,10.9,70.7,0.002,0.067,0,97.2,2.3,1
"11239",2026-10-08,39.7,94.1,1.1,0.007,0.046,0,40.8,99.3,0
"1124",2026-10-08,0,0,0,0.002,0.015,0,0,29.5,0
"11240",2026-10-08,40.3,71.4,71.4,0.005,0.001,1,111.7,6.9,1
"11241",2026-10-08,17.6,88.3,0.7,0.003,0.001,1,18.3,100.5,0
"11242",2026-10-08,6.5,1.5,0.2,0.002,0.076,0,6.7,100.6,0
"11243",2026-10-08,14.6,11.1,5.7,0.004,0.312,0,20.3,208.8,0
"11244",2026-10-08,18.8,14.8,107.9,0.004,0.172,0,126.7,561.5,0
"11245",2026-10-08,20.2,99.4,99.4,0.001,0.001,1,119.6,6.6,1
"11246",2026-10-08,18.7,25.8,83.6,0.002,0.001,1,102.3,8,1
"11247",2026-10-08,12.6,12.1,65.5,0.001,0,1,78.2,5.6,1
"11248",2026-10-08,6.5,5.9,23.3,0.001,0,1,29.8,0.1,1
"11249",2026-10-08,4.1,4.2,30.9,0.001,0,1,35,0.2,1
"11250",2026-10-08,3.4,6.1,25.9,0.001,0.05,0,29.3,0.2,1
"11251",2026-10-08,2.4,18.3,12.6,0.002,0.001,1,15,0.1,1
"11252",2026-10-08,1.9,13.2,5.2,0.002,0.001,1,7.1,35.9,0
"11253",2026-10-08,1.5,11.5,4.7,0.002,0.018,0,6.1,34.4,0
"11254",2026-10-08,1.2,10.2,10.2,0.002,0.001,1,11.4,0.3,1
"11255",2026-10-08,1.9,13.5,4.4,0.002,0.056,0,6.3,36.7,0
"11279",2026-10-08,0,0,0,0.001,0.32,0,0,19.7,0
"11280",2026-10-08,0,0,0,0.002,0.508,0,0,28.9,0
"11281",2026-10-08,0,0,0,0.001,0.841,0,0,24.3,0
"11282",2026-10-08,0,0,0,0.001,0.831,0,0,12.4,0
"11283",2026-10-08,0,0,0,0,0.11,0,0,3.3,0
"11284",2026-10-08,0,0,0,0,0.16,0,0,2.5,0
"11285",2026-10-08,0,0,0,0,0.063,0,0,5.3,0
"11286",2026-10-08,0,0,0,0,0.058,0,0,1.5,0
"11418",2026-10-08,5.8,1,40.6,0.001,0.151,0,46.4,4.5,1
"11419",2026-10-08,10.9,1.7,59.2,0.001,0.165,0,70.2,5.6,1
"11420",2026-10-08,17.8,2.6,63.8,0.002,0.262,0,81.5,3.6,1
"11421",2026-10-08,21.6,61,61,0.002,0.001,1,82.6,6.1,1
"11422",2026-10-08,20.3,25.3,57.3,0.003,0.309,0,77.6,2.5,1
"11423",2026-10-08,15.4,1.6,17.1,0.004,0.276,0,32.5,251.3,0
"11424",2026-10-08,11.4,0.9,0.9,0.003,0.169,0,12.3,138.7,0
"11425",2026-10-08,10.7,0.7,0.7,0.003,0.27,0,11.4,154.6,0
"11426",2026-10-08,7.8,43.5,1.7,0,0.056,0,9.5,153.7,0
"11427",2026-10-08,6.8,41.3,1.9,0,0.032,0,8.7,105.4,0
"11428",2026-10-08,6.4,38.8,38.8,0,0,1,45.2,7.9,1
"11445",2026-10-08,21.9,19.5,3.9,0.003,0.018,0,25.7,91.4,0
"11446",2026-10-08,21.5,103.1,103.1,0.003,0.001,1,124.6,10.8,1
"11448",2026-10-08,29.7,130.3,130.3,0.002,0.001,1,160,11.2,1
"11449",2026-10-08,37.2,27.4,27.4,0.005,0.002,1,64.6,1.6,1
"11450",2026-10-08,32.3,21.9,21.9,0.004,0.002,1,54.1,227,0
"11451",2026-10-08,18.1,1,118.7,0.009,0.008,1,136.8,54,1
"11452",2026-10-08,9.8,3.4,102.8,0.003,0.072,0,112.6,4.3,1
"11453",2026-10-08,12.7,12,0.5,0.004,0.318,0,13.2,126,0
"11454",2026-10-08,14.2,12.3,6.5,0.003,0.25,0,20.7,225.6,0
"11455",2026-10-08,17.5,110.1,110.1,0.002,0.001,1,127.6,4,1
"11456",2026-10-08,19.2,94.1,94.1,0.001,0.001,1,113.2,10.7,1
"11457",2026-10-08,15.3,12.7,73.2,0.001,0.077,0,88.5,12.5,1
"11458",2026-10-08,8.5,3.8,39.6,0.001,0,1,48.1,1.8,1
"11459",2026-10-08,7.9,0.8,19.7,0.002,0,1,27.6,0.2,1
"11460",2026-10-08,5.6,19.4,0.3,0.004,0.003,1,5.9,21.4,0
"11461",2026-10-08,3.6,5.9,0.4,0.002,0.021,0,4,21.5,0
"11462",2026-10-08,2.9,6.5,0.4,0.002,0.026,0,3.3,17.8,0
"11463",2026-10-08,2.5,6.7,0.4,0.001,0.051,0,2.9,21,0
"11464",2026-10-08,2.2,5.9,0.3,0.001,0.048,0,2.5,17.8,0
"11465",2026-10-08,1.9,5.1,5.1,0.001,0.03,0,7,24.7,0
"11487",2026-10-08,0.1,0.3,0.2,0.001,0.117,0,0.3,7.8,0
"11489",2026-10-08,0,0,0,0.001,0.379,0,0,22.8,0
"11491",2026-10-08,0,0,0,0.001,0.9,0,0,51.1,0
"11492",2026-10-08,0,0,0,0,0.225,0,0,18.5,0
"11493",2026-10-08,0,0,0,0,0.181,0,0,12.6,0
"11494",2026-10-08,0,0,0,0,0.183,0,0,6.5,0
"11495",2026-10-08,0,0,0,0,0.071,0,0,3.5,0
"11496",2026-10-08,0,0,0,0,0.066,0,0,2.5,0
"11497",2026-10-08,0,0,0,0,0.07,0,0,2.4,0
"11500",2026-10-08,0,0,0,0,0.002,0,0,1.3,0
"11501",2026-10-08,0,0,0,0,0.054,0,0,2,0
"11505",2026-10-08,0,0,0,0.002,0.007,0,0,0.7,0
"11506",2026-10-08,0,0,0,0.002,0.005,0,0,0.5,0
"11629",2026-10-08,13.3,66.5,33.8,0,0,1,47.1,8.5,1
"11630",2026-10-08,20.6,3.3,81.4,0,0.189,0,102,21.5,1
"11631",2026-10-08,22.7,3.5,81.1,0,0.178,0,103.8,25.6,1
"11632",2026-10-08,17.4,25,25,0.002,0.197,0,42.4,341.8,0
"11633",2026-10-08,11.1,14.9,14.9,0.001,0.196,0,26,354,0
"11634",2026-10-08,10.7,4.6,10.1,0.001,0.265,0,20.8,327.8,0
"11635",2026-10-08,12.7,0.7,30.3,0.003,0.688,0,43,2.3,1
"11636",2026-10-08,10.3,30.9,2.1,0,0.042,0,12.4,142.8,0
"11637",2026-10-08,11,31.7,31.7,0,0,1,42.7,6.2,1
"11638",2026-10-08,10.6,36.3,36.3,0,0,1,46.8,6.4,1
"11661",2026-10-08,25.3,1.6,127.5,0.01,0.008,1,152.8,50.1,1
"11662",2026-10-08,21.7,31.6,111.2,0.004,0.003,1,132.9,13.3,1
"11663",2026-10-08,20.9,30.9,0.6,0.004,0.032,0,21.5,102.1,0
"11664",2026-10-08,14.6,19.1,0.9,0.002,0.084,0,15.5,108.2,0
"11665",2026-10-08,13.4,10.7,10.7,0.002,0.004,0,24.1,59.6,0
"11666",2026-10-08,13.9,12.6,76.6,0.001,0,1,90.5,12.3,1
"11667",2026-10-08,13.8,11.2,18.8,0.001,0,1,32.6,2,1
"11668",2026-10-08,10.9,4.8,41.9,0.001,0,1,52.8,2.7,1
"11669",2026-10-08,10.2,1.4,23,0.002,0,1,33.2,0.4,1
"11670",2026-10-08,7.6,4.8,0.4,0.002,0.021,0,7.9,33.5,0
"11671",2026-10-08,6.1,8.7,0.6,0.002,0.038,0,6.7,41.5,0
"11672",2026-10-08,4.9,9.9,0.7,0.002,0.044,0,5.6,42.4,0
"11673",2026-10-08,4.6,10.9,0.7,0.001,0.026,0,5.3,50.6,0
"11674",2026-10-08,4.1,10.3,10.3,0.001,0.015,0,14.4,70.4,0
"11678",2026-10-08,1.8,0.2,0.2,0,0.012,0,2,12.1,0
"11682",2026-10-08,1.2,12.6,12.6,0.001,0.008,0,13.8,39.5,0
"11691",2026-10-08,1.1,3.9,6.9,0,0,1,8,0.3,1
"11692",2026-10-08,0.8,2.9,9.9,0,0,1,10.7,1.1,1
"11699",2026-10-08,0,0,0,0,0.071,0,0,104.9,0
"11701",2026-10-08,0,0,0,0,0.217,0,0,30.6,0
"11702",2026-10-08,0,0,0,0,0.257,0,0,31.6,0
"11703",2026-10-08,0,0,0,0,0.255,0,0,35.6,0
"11704",2026-10-08,0,0,0,0,0.222,0,0,18.4,0
"11705",2026-10-08,0,0,0,0,0.195,0,0,14.2,0
"11706",2026-10-08,0,0,0,0,0.079,0,0,6.8,0
"11711",2026-10-08,0,0,0,0.001,0.053,0,0,1.6,0
"11714",2026-10-08,0,0,0,0.002,0.009,0,0,0.7,0
"11715",2026-10-08,0,0,0,0.002,0.01,0,0,0.6,0
"11716",2026-10-08,0,0,0,0.002,0.006,0,0,0.6,0
"11717",2026-10-08,0,0,0,0.002,0.007,0,0,1.1,0
"11839",2026-10-08,16.1,19.1,40.9,0,0,1,57,10.2,1
"11840",2026-10-08,23.6,25,93.7,0,0,1,117.3,25.3,1
"11841",2026-10-08,24.6,22.7,98.7,0,0,1,123.3,24.5,1
"11842",2026-10-08,17.4,13.3,27.2,0.002,0.043,0,44.5,270.4,0
"11843",2026-10-08,11.2,16.5,16.5,0.002,0.197,0,27.8,240.3,0
"11844",2026-10-08,11.1,1.2,41.1,0.002,0.154,0,52.2,2.8,1
"11845",2026-10-08,11.1,31.8,16.8,0.001,0,1,27.9,4.7,1
"11846",2026-10-08,10.1,0.9,0.9,0.002,0.006,0,11,33.2,0
"11847",2026-10-08,10.7,31.9,31.9,0,0,1,42.6,4.5,1
"11848",2026-10-08,12,1.5,1.5,0.002,0.003,0,13.5,23.4,0
"11849",2026-10-08,10,1.4,1.4,0.002,0.003,0,11.4,17,0
"11873",2026-10-08,26.9,13.7,123.4,0.005,0.01,0,150.4,19.7,1
"11874",2026-10-08,17.6,1.3,96.3,0.004,0.056,0,113.9,14,1
"11875",2026-10-08,12.4,1.2,71.8,0.004,0.009,0,84.2,11.4,1
"11876",2026-10-08,11,18.9,69.3,0.004,0.002,1,80.4,12.1,1
"11877",2026-10-08,13.2,12,42.1,0.004,0.002,1,55.3,6.1,1
"11878",2026-10-08,13,1,1,0.001,0.01,0,14,52.1,0
"11879",2026-10-08,11.3,42.8,0.8,0.001,0.007,0,12.1,44.2,0
"11880",2026-10-08,10.3,43,0.9,0.001,0.023,0,11.1,55.4,0
"11881",2026-10-08,9.8,15.4,1.1,0.002,0.033,0,11,86.9,0
"11882",2026-10-08,7.2,14.2,1,0.002,0.046,0,8.2,81.8,0
"11883",2026-10-08,5.9,13.2,0.9,0.001,0.032,0,6.8,71.9,0
"11888",2026-10-08,2.5,0.4,0.4,0,0.019,0,2.9,26.8,0
"11891",2026-10-08,1,13.3,13.3,0.002,0.007,0,14.2,26.2,0
"11892",2026-10-08,0.7,3.1,3.1,0.001,0.009,0,3.8,18.1,0
"11893",2026-10-08,0.5,2.3,2.3,0.001,0.01,0,2.8,20.5,0
"11894",2026-10-08,0.3,0.8,8.9,0,0,1,9.2,0.4,1
"11895",2026-10-08,0.3,0.7,1.8,0.001,0.064,0,2.1,74.8,0
"11901",2026-10-08,0.8,2.9,4.9,0,0.215,0,5.8,143.3,0
"11902",2026-10-08,0.8,3.2,3.2,0,0.053,0,4,72.3,0
"11903",2026-10-08,0.7,2.4,2.9,0,0.046,0,3.6,86,0
"11904",2026-10-08,0.8,2.6,5.1,0,0.057,0,5.9,0.1,1
"11909",2026-10-08,0,0.4,0.4,0,0.003,0,0.5,47.7,0
"11910",2026-10-08,0,0.2,0,0,0.153,0,0,27.8,0
"11911",2026-10-08,0,0,0,0,0.206,0,0,30.4,0
"11912",2026-10-08,0,0,0,0,0,1,0,28.1,0
"11913",2026-10-08,0,0,0,0,0.147,0,0,33.6,0
"11914",2026-10-08,0,0,0,0,0.178,0,0,28,0
"11915",2026-10-08,0,0,0,0,0.216,0,0,25.5,0
"11920",2026-10-08,0,0,0,0.002,0.005,0,0,0.9,0
"11921",2026-10-08,0,0,0,0.009,0.721,0,0,20.3,0
"11924",2026-10-08,0,0,0,0.002,0.054,0,0,0.7,0
"11925",2026-10-08,0,0,0,0.001,0.088,0,0,0.7,0
"11926",2026-10-08,0,0,0,0.002,0.011,0,0,0.6,0
"11927",2026-10-08,0,0,0,0.002,0.007,0,0,0.8,0
"12050",2026-10-08,21.2,24.4,80.9,0,0,1,102.1,18.1,1
"12051",2026-10-08,22.4,23.1,85,0.001,0.001,1,107.4,12.2,1
"12052",2026-10-08,20.9,19.1,80,0.001,0.001,1,100.9,9.8,1
"12053",2026-10-08,17.7,2.8,37.8,0.002,0.089,0,55.6,9.7,1
"12054",2026-10-08,15.2,2,50.7,0.002,0.119,0,65.9,6.3,1
"12055",2026-10-08,12.3,1.5,41.4,0.002,0.074,0,53.7,6.1,1
"12056",2026-10-08,10,36.4,14.6,0,0.029,0,24.6,174.6,0
"12057",2026-10-08,9.8,1.3,1.3,0.002,0.003,0,11.1,22.3,0
"12058",2026-10-08,11,1.6,1.6,0.002,0.003,0,12.6,22.8,0
"12059",2026-10-08,12.1,1.9,1.9,0.002,0.003,0,13.9,20.2,0
"12085",2026-10-08,19.3,34.1,95.5,0.005,0.002,1,114.8,365.5,0
"12086",2026-10-08,17.5,17.3,104.5,0.004,0.002,1,121.9,353.7,0
"12087",2026-10-08,16.5,24,99.9,0.001,0.003,0,116.4,320.8,0
"12088",2026-10-08,13.8,19,80,0.001,0.003,0,93.8,267,0
"12089",2026-10-08,13.7,72.9,72.9,0.001,0.009,0,86.7,269.9,0
"12090",2026-10-08,13.6,20.5,1.6,0.001,0.017,0,15.2,65,0
"12091",2026-10-08,11.8,20.7,1.6,0.002,0.036,0,13.4,109.6,0
"12092",2026-10-08,8.9,17.8,1.3,0.002,0.039,0,10.2,87.3,0
"12093",2026-10-08,7.3,1.1,1.1,0.001,0.02,0,8.4,76,0
"12096",2026-10-08,7.5,16.1,16.1,0,0.189,0,23.6,177.9,0
"12098",2026-10-08,4.9,16.6,0.7,0.001,0.012,0,5.7,43.6,0
"12100",2026-10-08,1.9,7.5,36.1,0.001,0.006,0,37.9,56.9,0
"12101",2026-10-08,1.2,0.2,3.6,0.002,0.128,0,4.8,47.1,0
"12102",2026-10-08,0.6,0.1,0.1,0.002,0.196,0,0.7,21.3,0
"12103",2026-10-08,0,0.1,0.1,0,0.019,0,0.2,31.8,0
"12104",2026-10-08,0.2,0.5,0.5,0.001,0.016,0,0.7,27.2,0
"12105",2026-10-08,0.2,0.5,1,0.001,0.146,0,1.2,51.9,0
"12106",2026-10-08,0.4,1.2,1.2,0.001,0.02,0,1.7,29.3,0
"12112",2026-10-08,0.7,4.4,4.4,0,0.483,0,5.1,57.5,0
"12113",2026-10-08,0.8,3,5,0,0.059,0,5.8,130.5,0
"12114",2026-10-08,1.1,0.3,0.3,0,0.002,0,1.4,23.5,0
"12115",2026-10-08,0.7,2.4,7.7,0,0.094,0,8.4,0.5,1
"12121",2026-10-08,0,0.1,0.1,0,0.223,0,0.1,250.1,0
"12122",2026-10-08,0,0,0,0,0.135,0,0,30.7,0
"12123",2026-10-08,0,0,0,0,0.03,0,0,40.7,0
"12130",2026-10-08,0,0,0,0.001,0.029,0,0,3.6,0
"12134",2026-10-08,0,0,0,0.001,0.075,0,0,1.2,0
"12135",2026-10-08,0,0,0,0.002,0.085,0,0,0.7,0
"12136",2026-10-08,0,0,0,0.001,0.02,0,0,0.7,0
"12261",2026-10-08,17,19.6,61.3,0.001,0,1,78.3,9.9,1
"12262",2026-10-08,22.4,3.9,69.1,0.002,0.163,0,91.5,26,1
"12263",2026-10-08,23.2,3.8,68,0.002,0.151,0,91.2,26.2,1
"12264",2026-10-08,18.7,41.4,70.3,0.002,0.001,1,89,31.8,1
"12265",2026-10-08,13.7,2,67.9,0.002,0.071,0,81.7,15.1,1
"12266",2026-10-08,9.9,53.9,53.9,0.001,0.036,0,63.7,347.3,0
"12267",2026-10-08,9.7,1.5,1.5,0.002,0.003,0,11.2,21.9,0
"12268",2026-10-08,10.3,1.6,1.6,0.002,0.003,0,11.9,19.3,0
"12270",2026-10-08,13.6,2.4,92,0.002,0.002,1,105.7,295.4,0
"12295",2026-10-08,20.1,19,2.4,0.001,0.004,0,22.4,85.8,0
"12296",2026-10-08,17.7,18.5,100.3,0.001,0.005,0,118.1,469.6,0
"12297",2026-10-08,15.5,24.3,97.4,0.001,0.005,0,112.9,465.2,0
"12298",2026-10-08,12.3,19.6,90.4,0.001,0.003,0,102.7,386.7,0
"12299",2026-10-08,12.7,26.8,95.9,0.001,0.002,0,108.6,354.6,0
"12300",2026-10-08,14.9,26.2,2.1,0.001,0.008,0,17.1,60.9,0
"12301",2026-10-08,13.4,93.1,2,0.001,0.08,0,15.4,59,0
"12302",2026-10-08,10.6,1.7,1.7,0,0.006,0,12.2,49.5,0
"12303",2026-10-08,9.8,1.5,1.5,0.001,0.017,0,11.4,74.8,0
"12305",2026-10-08,10.7,18.2,1.2,0.001,0.004,0,12,55.8,0
"12306",2026-10-08,12.6,17.6,42.2,0,0.125,0,54.8,329.7,0
"12307",2026-10-08,10.2,13.2,17.5,0,0.014,0,27.6,200.9,0
"12310",2026-10-08,3.7,0.6,14.5,0.001,0.005,0,18.2,63.4,0
"12311",2026-10-08,3.7,64.7,64.7,0.004,0.001,1,68.4,0.7,1
"12312",2026-10-08,2.6,62.4,62.4,0.003,0.001,1,65,0.8,1
"12313",2026-10-08,1.1,33.5,0.2,0.002,0.13,0,1.3,53.4,0
"12314",2026-10-08,0.5,0.1,1.2,0.001,0.03,0,1.7,36.4,0
"12315",2026-10-08,0.3,0.8,0.8,0,0.005,0,1,19.4,0
"12316",2026-10-08,0.1,0.3,0.3,0.001,0.052,0,0.4,37.1,0
"12317",2026-10-08,0.5,2.3,1.3,0.001,0.114,0,1.8,58.6,0
"12318",2026-10-08,0.3,0.9,0.1,0.002,0.068,0,0.3,43.6,0
"12324",2026-10-08,0.9,0.3,4.3,0,0.028,0,5.2,84.7,0
"12325",2026-10-08,0.7,0.2,0.2,0.001,0.157,0,0.9,30,0
"12326",2026-10-08,0.4,0.1,6.3,0.001,0.131,0,6.7,0.2,1
"12327",2026-10-08,0.4,0.2,0.2,0,0.017,0,0.6,21.9,0
"12328",2026-10-08,0.3,0.1,2.5,0,0.004,0,2.8,0.1,1
"12331",2026-10-08,0.1,0.2,0,0,0.003,0,0.1,12.8,0
"12333",2026-10-08,0,0,0,0,0.053,0,0,72.8,0
"12334",2026-10-08,0,0,0,0,0.014,0,0,14.8,0
"12480",2026-10-08,10.5,1.9,64.2,0.004,0.003,1,74.6,212.2,0
"12481",2026-10-08,11,2.1,83.3,0.003,0.002,1,94.3,200.7,0
"12503",2026-10-08,21.4,2,32.3,0.001,0.09,0,53.7,1.1,1
"12504",2026-10-08,20,2.2,64.3,0.001,0.143,0,84.2,10.4,1
"12505",2026-10-08,17.6,17.3,2.2,0.001,0.004,0,19.9,86.9,0
"12506",2026-10-08,13.1,14,1.8,0.001,0.007,0,14.9,106.7,0
"12507",2026-10-08,11.4,13.2,1.6,0,0.009,0,13,115.4,0
"12508",2026-10-08,10.4,12.9,1.6,0.001,0.005,0,12,92.5,0
"12509",2026-10-08,10.9,19.5,25.2,0.001,0.006,0,36.2,332.3,0
"12510",2026-10-08,13.6,25.7,25.7,0.001,0.053,0,39.3,219.6,0
"12511",2026-10-08,15.6,2.5,2.5,0,0.003,0,18.2,89.8,0
"12512",2026-10-08,14.7,2.4,2.4,0,0.003,0,17.1,48.3,0
"12513",2026-10-08,14.6,39.3,2.3,0,0.013,0,16.9,97.3,0
"12514",2026-10-08,16.7,23,2.3,0.001,0.007,0,19,73.6,0
"12515",2026-10-08,15.2,12.8,1.2,0.001,0.01,0,16.4,52.8,0
"12516",2026-10-08,11.3,3.3,3.3,0.001,0.059,0,14.7,250,0
"12517",2026-10-08,7.9,5.3,7.5,0.001,0.127,0,15.4,145.1,0
"12520",2026-10-08,5,92.8,92.8,0.002,0.001,1,97.8,3.5,1
"12521",2026-10-08,6.5,127,127,0.004,0.001,1,133.5,3.6,1
"12522",2026-10-08,6.9,118.1,118.1,0.003,0.122,0,125,4.2,1
"12523",2026-10-08,4.6,79.9,20.4,0.002,0.001,1,25,294.9,0
"12525",2026-10-08,0.9,2.4,2.4,0,0.005,0,3.3,20.2,0
"12526",2026-10-08,0.4,1.2,1.2,0,0.006,0,1.6,19.2,0
"12527",2026-10-08,0.5,1.3,1.3,0,0.003,0,1.8,26.3,0
"12532",2026-10-08,0.3,2.7,2.7,0.001,0.012,0,3.1,45.7,0
"12534",2026-10-08,0.5,2.9,0.1,0.001,0.06,0,0.6,32.4,0
"12535",2026-10-08,0.5,2.2,0.2,0.001,0.1,0,0.6,28.2,0
"12536",2026-10-08,0.5,0.2,0.2,0.001,0.01,0,0.6,18.2,0
"12537",2026-10-08,0.5,1.7,2,0.001,0.056,0,2.5,66.3,0
"12538",2026-10-08,0.4,0.2,0.2,0,0.015,0,0.6,24.2,0
"12539",2026-10-08,0.3,0.2,0.2,0,0.011,0,0.5,22.5,0
"12542",2026-10-08,0.1,0,0,0,0.017,0,0.1,19.7,0
"12543",2026-10-08,0,0,0,0,0.011,0,0.1,15.1,0
"12544",2026-10-08,0.1,0,0,0,0.015,0,0.1,14.9,0
"12545",2026-10-08,0,0,0,0,0.007,0,0,12.2,0
"12689",2026-10-08,10,1.9,68.1,0.002,0.004,0,78.1,197.7,0
"12690",2026-10-08,9.5,1.8,65.6,0.004,0.085,0,75.2,19.2,1
"12691",2026-10-08,9.5,1.9,68.3,0.003,0.002,1,77.7,139.9,0
"12692",2026-10-08,8.3,1.6,26.2,0.004,0.099,0,34.5,131.7,0
"12701",2026-10-08,10.4,10.4,67.4,0.003,0.012,0,77.8,4.8,1
"12702",2026-10-08,14.4,14.1,76.7,0.003,0.023,0,91.1,5.6,1
"12713",2026-10-08,18.4,1.9,14.5,0.001,0.156,0,32.9,159.4,0
"12714",2026-10-08,20.6,2.4,63.9,0.001,0.162,0,84.5,4,1
"12715",2026-10-08,20.6,20.2,70.4,0.001,0.004,0,91,415.3,0
"12716",2026-10-08,16.7,18,2.3,0.001,0.006,0,19.1,89.9,0
"12717",2026-10-08,13.6,2,2,0.001,0.017,0,15.6,110.5,0
"12718",2026-10-08,11.3,84.7,25.8,0,0,1,37.2,0.7,1
"12719",2026-10-08,11,26.6,26.6,0,0.013,0,37.6,269.7,0
"12720",2026-10-08,12.9,32.8,2.2,0,0.185,0,15.1,187.4,0
"12726",2026-10-08,11.1,6.7,8.7,0.001,0.132,0,19.8,244.5,0
"12729",2026-10-08,5.7,64.5,64.5,0.002,0.001,1,70.2,4.7,1
"12730",2026-10-08,5,95,95,0.002,0.001,1,99.9,5.3,1
"12731",2026-10-08,5.4,117.6,117.6,0.005,0.001,1,123,4.6,1
"12732",2026-10-08,7.2,126,126,0.003,0,1,133.2,4.8,1
"12733",2026-10-08,7.6,126.2,1.7,0.002,0.001,1,9.3,142.1,0
"12740",2026-10-08,0.3,0.1,2.3,0.001,0.146,0,2.6,105.5,0
"12741",2026-10-08,0.1,4.5,4.7,0.001,0.164,0,4.8,92.8,0
"12742",2026-10-08,0.3,2.5,2.2,0,0.11,0,2.4,73.7,0
"12743",2026-10-08,0,0,2.5,0.001,0.026,0,2.5,57.2,0
"12744",2026-10-08,0.3,0.1,0.1,0,0.117,0,0.3,37.8,0
"12745",2026-10-08,0.4,0.1,0.1,0,0.035,0,0.5,29.3,0
"12746",2026-10-08,0.3,0.2,2,0,0.039,0,2.3,70.9,0
"12747",2026-10-08,0.3,1.6,0.2,0,0.383,0,0.5,33.2,0
"12748",2026-10-08,0.4,0.2,0.2,0,0.153,0,0.6,29.6,0
"12749",2026-10-08,0.5,5,0.2,0,0.011,0,0.7,36.4,0
"12750",2026-10-08,0.4,0.2,4.2,0.001,0.003,0,4.6,145.8,0
"12752",2026-10-08,0.1,0.1,0.1,0,0.005,0,0.2,18.7,0
"12753",2026-10-08,0.1,0.1,0.1,0,0.008,0,0.2,16.5,0
"12754",2026-10-08,0.1,0.1,0.1,0,0.014,0,0.2,17.4,0
"12766",2026-10-08,0,0,0,0,0.013,0,0,1.1,0
"12767",2026-10-08,0,0,0,0,0.013,0,0,1.2,0
"12770",2026-10-08,0,0,0,0.002,0.015,0,0,1.1,0
"12899",2026-10-08,10.7,2.2,83.9,0.003,0.004,0,94.6,202.5,0
"12900",2026-10-08,9.2,1.9,63.4,0.004,0.075,0,72.6,155.6,0
"12901",2026-10-08,7.8,1.6,54.8,0.003,0.064,0,62.6,114.6,0
"12910",2026-10-08,12.2,2.5,74.3,0.003,0.021,0,86.4,3.2,1
"12911",2026-10-08,12.7,12.5,79.7,0.003,0.014,0,92.3,3.4,1
"12924",2026-10-08,16.9,14.5,1.9,0.001,0.011,0,18.8,84.2,0
"12925",2026-10-08,17.9,17,2.3,0.001,0.007,0,20.2,81.4,0
"12926",2026-10-08,17.8,18.8,2.5,0.001,0.005,0,20.3,81.6,0
"12927",2026-10-08,15.4,17.9,2.3,0.001,0.011,0,17.8,102.8,0
"12928",2026-10-08,12.7,97.7,57.3,0.001,0,1,70,1.8,1
"12929",2026-10-08,11.7,109.4,60,0.001,0,1,71.7,2.4,1
"12930",2026-10-08,12.2,101.7,57.7,0,0,1,69.8,435.2,0
"12939",2026-10-08,6.1,51.2,51.2,0.003,0.001,1,57.3,2.8,1
"12940",2026-10-08,5,28.3,53.1,0.003,0.001,1,58.1,2.5,1
"12941",2026-10-08,4.6,77.2,77.2,0.004,0.001,1,81.9,3.8,1
"12942",2026-10-08,6.5,119.9,45.2,0.004,0.001,1,51.7,2.3,1
"12943",2026-10-08,8,138.5,138.5,0.002,0,1,146.5,9.2,1
"12949",2026-10-08,0.3,0.1,0.1,0.002,0.039,0,0.3,17.7,0
"12950",2026-10-08,0.7,0.1,2.8,0.001,0.031,0,3.5,127.7,0
"12951",2026-10-08,0.7,0.1,3,0.004,0.293,0,3.7,100.8,0
"12952",2026-10-08,0.4,0.5,0,0.001,0.159,0,0.4,32.3,0
"12953",2026-10-08,0.3,1.4,0.1,0.001,0.029,0,0.3,31.2,0
"12954",2026-10-08,0.3,0.1,0.1,0,0.111,0,0.4,23.7,0
"12955",2026-10-08,0.4,0.2,0.2,0,0.169,0,0.5,24.2,0
"12958",2026-10-08,0.4,1.5,0.2,0,0.013,0,0.6,32,0
"12959",2026-10-08,0.5,6.2,0.3,0,0.01,0,0.8,37.5,0
"12960",2026-10-08,0.5,5.1,5.1,0,0.102,0,5.6,217.2,0
"12972",2026-10-08,0,0,0,0,0.007,0,0,13.1,0
"12975",2026-10-08,0,0,0,0.001,0.007,0,0,3.3,0
"12976",2026-10-08,0,0,0,0.001,0.021,0,0,1.5,0
"12977",2026-10-08,0,0,0,0.001,0.044,0,0,7.5,0
"12978",2026-10-08,0,0,0,0,0.007,0,0,0.7,0
"12979",2026-10-08,0,0,0,0.001,0.048,0,0,0.9,0
"12980",2026-10-08,0,0,0,0.001,0.003,0,0,0.4,0
"13109",2026-10-08,8.4,1.8,66.2,0.002,0.004,0,74.6,244.8,0
"13110",2026-10-08,8.4,1.7,59,0.004,0.006,0,67.3,192.8,0
"13111",2026-10-08,7,1.4,55.8,0.004,0.106,0,62.8,156.7,0
"13119",2026-10-08,13.4,13.3,49.8,0.002,0.084,0,63.1,318.6,0
"13120",2026-10-08,12.4,12.3,47.3,0.003,0.021,0,59.7,1.8,1
"13126",2026-10-08,17.6,90,1.8,0.003,0.063,0,19.4,102.9,0
"13127",2026-10-08,13.3,57.3,0.9,0.003,0.045,0,14.2,102.6,0
"13128",2026-10-08,13.9,51.9,0.4,0.003,0.041,0,14.3,99,0
"13129",2026-10-08,20,0.3,0.3,0.002,0.134,0,20.3,110.3,0
"13130",2026-10-08,26.4,1.1,93.1,0.001,0.087,0,119.5,3.3,1
"13136",2026-10-08,13.8,13.6,57.2,0.001,0.007,0,71,308.5,0
"13137",2026-10-08,12.4,14,1.9,0.001,0.008,0,14.3,92.9,0
"13139",2026-10-08,11.5,95.1,95.1,0.001,0,1,106.6,3.6,1
"13140",2026-10-08,12.5,95.6,95.6,0,0,1,108.2,7.7,1
"13141",2026-10-08,16.5,111.8,69.5,0,0,1,86.1,467.5,0
"13148",2026-10-08,8.2,58.8,58.8,0.002,0.001,1,67,1.7,1
"13149",2026-10-08,6.5,1.2,41.7,0.003,0.331,0,48.2,1,1
"13150",2026-10-08,5.2,27.8,42.3,0.002,0.086,0,47.5,1.9,1
"13151",2026-10-08,5.1,1,71.2,0.002,0.28,0,76.3,3.9,1
"13152",2026-10-08,5.8,100.2,100.2,0.004,0.001,1,106,5.6,1
"13153",2026-10-08,4.6,82.8,31.9,0.003,0.144,0,36.5,2.6,1
"13159",2026-10-08,0.8,0.2,2.2,0.001,0.029,0,3,30.9,0
"13160",2026-10-08,1,6,2.5,0.001,0.029,0,3.5,37.1,0
"13161",2026-10-08,0.8,1.9,0.1,0.005,0.247,0,0.9,42,0
"13162",2026-10-08,0.4,0.9,1.3,0.001,0.224,0,1.7,85.1,0
"13163",2026-10-08,0.3,0.1,0.1,0.001,0.04,0,0.4,22.5,0
"13164",2026-10-08,0.3,0.1,0.1,0.001,0.014,0,0.4,17.6,0
"13169",2026-10-08,0.4,8.2,8.2,0,0.057,0,8.7,151.6,0
"13170",2026-10-08,0.4,6.7,6.7,0,0.099,0,7.2,191.2,0
"13171",2026-10-08,0.4,3.1,0.2,0,0,1,0.6,69,0
"1318",2026-10-08,0.2,3.5,3.5,0,0.012,0,3.7,112.7,0
"13181",2026-10-08,0,0,0,0,0.004,0,0,58.9,0
"13182",2026-10-08,0,0,0,0,0.163,0,0,18.7,0
"13183",2026-10-08,0,0,0,0,0.057,0,0,17.1,0
"13184",2026-10-08,0,0,0,0.001,0.008,0,0,3.2,0
"13185",2026-10-08,0,0,0,0.001,0.007,0,0,5.1,0
"13186",2026-10-08,0,0,0,0.003,0.166,0,0,9.7,0
"13187",2026-10-08,0,0,0,0.001,0.01,0,0,2.3,0
"13188",2026-10-08,0,0,0,0,0.06,0,0,3.7,0
"1319",2026-10-08,0.1,0,4.4,0,0.002,0,4.5,75.5,0
"1320",2026-10-08,0.1,5,0,0.002,0.271,0,0.1,81.6,0
"1321",2026-10-08,0.1,4.2,0.1,0.002,0.217,0,0.2,87.9,0
"1322",2026-10-08,0.1,3.2,0.1,0.002,0.383,0,0.2,137.7,0
"1323",2026-10-08,0.1,2.4,2.4,0,0.038,0,2.5,191.9,0
"1324",2026-10-08,0.1,2,2,0,0.211,0,2.1,275.3,0
"1325",2026-10-08,0,2,2,0,0.06,0,2.1,253.9,0
"1326",2026-10-08,0,2.2,2.2,0,0.255,0,2.3,295.7,0
"1327",2026-10-08,0.1,2.1,2.1,0,0.31,0,2.2,299.8,0
"1328",2026-10-08,0,2,2,0,0.263,0,2,218.2,0
"1329",2026-10-08,0,1.7,0,0.008,0.761,0,0,129,0
"1330",2026-10-08,0,0.2,0,0.009,0.832,0,0,164.9,0
"1331",2026-10-08,0,0.3,0.3,0.001,0.284,0,0.3,102.4,0
"13318",2026-10-08,8.4,1.8,60.2,0.002,0.005,0,68.6,231.8,0
"13319",2026-10-08,7.3,1.6,58.3,0.002,0.004,0,65.6,235.1,0
"1332",2026-10-08,0,0.8,NA,0.012,NA,NA,NA,NA,NA
"13320",2026-10-08,7.9,1.7,61.7,0.002,0.004,0,69.6,204.8,0
"13321",2026-10-08,6.6,1.3,60.5,0.002,0.106,0,67,165.4,0
"13328",2026-10-08,12.4,41.6,49.1,0.003,0.07,0,61.4,201.8,0
"13329",2026-10-08,12,35.2,46.4,0.002,0.001,1,58.4,250.1,0
"1333",2026-10-08,0,0.8,NA,0.011,NA,NA,NA,NA,NA
"13330",2026-10-08,10.6,10.5,17,0.002,0.085,0,27.6,0.3,1
"13336",2026-10-08,12.2,60.1,1.2,0.003,0.001,1,13.5,62.9,0
"13337",2026-10-08,10.1,35.1,8.4,0.003,0.001,1,18.5,144.7,0
"13338",2026-10-08,10.9,36.7,0.6,0.004,0.014,0,11.5,54.1,0
"13339",2026-10-08,19.2,0.9,60.4,0.003,0.001,1,79.5,22.9,1
"1334",2026-10-08,0,0.5,1.1,0.002,0.37,0,1.1,236.2,0
"13349",2026-10-08,9.4,73.9,73.9,0,0,1,83.3,2.5,1
"13350",2026-10-08,10.3,79.6,79.6,0,0,1,89.9,5.8,1
"13351",2026-10-08,13.4,92.7,92.7,0,0,1,106,11.5,1
"13358",2026-10-08,9.3,77,77,0.002,0.001,1,86.3,2.4,1
"13359",2026-10-08,6.8,1.1,53.1,0.003,0.28,0,59.9,0.7,1
"13360",2026-10-08,5.3,51.5,51.5,0.002,0.001,1,56.8,1.8,1
"13361",2026-10-08,5.2,69,69,0.002,0.001,1,74.3,3.7,1
"13362",2026-10-08,6.5,91.7,91.7,0.002,0.001,1,98.2,4.7,1
"13363",2026-10-08,4.4,1,20.2,0.003,0.339,0,24.6,207.2,0
"13364",2026-10-08,2,0.5,0.5,0.002,0.346,0,2.4,43.7,0
"13369",2026-10-08,0.8,0.2,0.2,0,0.13,0,1,19.4,0
"13370",2026-10-08,0.6,0.1,0.1,0.001,0.114,0,0.8,19.9,0
"13371",2026-10-08,0.4,1.1,0.1,0.001,0.042,0,0.5,18.1,0
"13372",2026-10-08,0.3,0.9,0.1,0.001,0.132,0,0.4,15.9,0
"13378",2026-10-08,0.1,8.4,0.3,0,0.082,0,0.4,48.1,0
"13379",2026-10-08,0.3,11.8,11.8,0,0,1,12,0.4,1
"13380",2026-10-08,0.4,8.9,8.9,0,0,1,9.3,0.1,1
"13392",2026-10-08,0,0,0,0,0.006,0,0,14,0
"13393",2026-10-08,0,0,0,0,0.014,0,0,33,0
"13395",2026-10-08,0,0,0,0.001,0.007,0,0,12,0
"13397",2026-10-08,0,0,0,0.001,0.016,0,0,14.3,0
"13398",2026-10-08,0,0,0,0,0.291,0,0,3.6,0
"13399",2026-10-08,0,0,0,0,0.62,0,0,2.2,0
"13404",2026-10-08,0,0,0,0,0.001,0,0,0.4,0
"13405",2026-10-08,0,0,0,0,0.003,0,0,0.9,0
"13528",2026-10-08,7.7,68.5,68.5,0.002,0.005,0,76.2,143.1,0
"13529",2026-10-08,7.7,1.8,67.9,0.002,0.005,0,75.7,214.9,0
"13530",2026-10-08,7.7,1.7,69.1,0.002,0.002,1,76.8,235.3,0
"13531",2026-10-08,5.6,1.2,60.2,0.002,0.047,0,65.8,172,0
"13532",2026-10-08,3.7,0.7,61.2,0.002,0.068,0,65,26.9,1
"13538",2026-10-08,9,30.8,38.4,0.003,0.052,0,47.4,0.4,1
"13539",2026-10-08,8.8,26,62.9,0.002,0.001,1,71.6,1.9,1
"13540",2026-10-08,8.7,23,54.3,0.002,0.001,1,63,4.4,1
"13546",2026-10-08,10.2,42,1,0.003,0.001,1,11.2,59.7,0
"13547",2026-10-08,13.4,38.1,1,0.004,0.001,1,14.4,59.3,0
"13548",2026-10-08,17.3,53.9,10.4,0.005,0.001,1,27.6,120.9,0
"13549",2026-10-08,27.6,1.3,1.3,0.002,0.025,0,28.8,54.6,0
"13557",2026-10-08,7.4,14.4,7.7,0.001,0.15,0,15.1,169.5,0
"13559",2026-10-08,6.3,11.8,65.2,0,0.198,0,71.6,1.3,1
"13560",2026-10-08,6.8,9.8,38.1,0,0.232,0,44.9,306.6,0
"13568",2026-10-08,7.7,75,75,0.002,0.001,1,82.7,1.8,1
"13569",2026-10-08,5.4,39.2,57.8,0.003,0.092,0,63.2,0.2,1
"13570",2026-10-08,4.1,57.2,57.2,0.003,0.001,1,61.3,1.1,1
"13571",2026-10-08,4.7,64.4,64.4,0.002,0.001,1,69.1,4.1,1
"13572",2026-10-08,7.7,49.3,85.5,0.002,0.001,1,93.3,6.8,1
"13573",2026-10-08,8.1,85.9,85.9,0.002,0.001,1,94,4,1
"13574",2026-10-08,4.1,1,49.1,0.002,0.368,0,53.3,0.7,1
"13575",2026-10-08,1.5,0.3,6.2,0,0.007,0,7.7,73.4,0
"13579",2026-10-08,0.9,0.2,2.1,0,0.165,0,3,39.9,0
"13580",2026-10-08,0.6,0.2,1.7,0.002,0.037,0,2.3,14.1,0
"13588",2026-10-08,0.2,1,0.1,0.002,0.569,0,0.2,67.6,0
"13589",2026-10-08,0.3,0.1,1.4,0.001,0.001,1,1.7,0.2,1
"13590",2026-10-08,0.4,0.2,1.9,0.001,0,1,2.2,0.3,1
"13608",2026-10-08,0,0,0,0,0.214,0,0,2.7,0
"13609",2026-10-08,0,0,0,0.002,0.775,0,0,8.3,0
"13613",2026-10-08,0,0,0,0,0.002,0,0,0.9,0
"13614",2026-10-08,0,0,0,0.001,0.001,0,0,0.4,0
"13740",2026-10-08,6.8,1.6,74.6,0.002,0.002,1,81.4,245.3,0
"13741",2026-10-08,5.7,1.3,64.3,0.002,0.002,1,70,204.4,0
"13742",2026-10-08,4.4,0.9,65.3,0.002,0.054,0,69.6,173.4,0
"13748",2026-10-08,6.5,21.9,31.4,0.002,0.001,1,37.9,1.3,1
"13749",2026-10-08,6.2,18.3,56.1,0.002,0.001,1,62.3,4.2,1
"13750",2026-10-08,7.2,26,44.8,0.002,0.001,1,51.9,3.7,1
"13751",2026-10-08,8.5,20.6,37.4,0.002,0.001,1,45.9,4,1
"13755",2026-10-08,7.2,39.7,0.9,0.001,0,1,8.1,142.1,0
"13767",2026-10-08,10.8,54.7,54.7,0,0,1,65.5,1.6,1
"13768",2026-10-08,7.9,13.3,65.9,0,0.207,0,73.8,1.3,1
"13769",2026-10-08,5.8,10.9,68.3,0,0.165,0,74.2,1.2,1
"13770",2026-10-08,6.7,9.7,39.7,0,0.168,0,46.4,288.7,0
"13778",2026-10-08,6.1,71,42.6,0.001,0.001,1,48.6,0.3,1
"13779",2026-10-08,4.3,55,0.3,0.002,0.001,1,4.6,122,0
"13780",2026-10-08,3.5,56.2,0,0.003,0.108,0,3.5,126.5,0
"13781",2026-10-08,4,60.6,60.6,0.002,0.001,1,64.6,2.3,1
"13782",2026-10-08,6.4,63.7,63.7,0.001,0.001,1,70.1,4.9,1
"13783",2026-10-08,9.3,76.4,76.4,0.002,0.001,1,85.7,6.8,1
"13784",2026-10-08,7.8,17.5,73.3,0.001,0.004,0,81.1,508.3,0
"13785",2026-10-08,3.8,1,24,0,0.005,0,27.8,247.2,0
"13786",2026-10-08,1.6,0.4,6.5,0,0.006,0,8.1,68.6,0
"13789",2026-10-08,1.6,0.5,0.5,0.001,0.013,0,2.1,14.9,0
"13790",2026-10-08,1.3,3.3,0.4,0.001,0.032,0,1.7,15.4,0
"13791",2026-10-08,1,2.8,2.8,0.001,0.014,0,3.8,31.8,0
"13798",2026-10-08,0.4,12,12,0,0.087,0,12.3,200.7,0
"13799",2026-10-08,0.3,11.9,0.2,0,0,1,0.5,33,0
"13800",2026-10-08,0.3,7.9,1.6,0.001,0,1,1.9,0.1,1
"13801",2026-10-08,0.3,6.1,6.1,0,0.012,0,6.4,0.5,1
"13802",2026-10-08,0.2,5.5,5.5,0,0.049,0,5.7,155.7,0
"13814",2026-10-08,0,0,0,0,0.001,0,0,4.2,0
"13816",2026-10-08,0,0,0,0,0.772,0,0,31.3,0
"13817",2026-10-08,0,0,0,0,0.911,0,0,14.4,0
"13818",2026-10-08,0,0,0,0,0.082,0,0,4.4,0
"13819",2026-10-08,0,0,0,0.002,0.536,0,0,2.8,0
"13948",2026-10-08,8.3,2.1,2.1,0.007,0.006,1,10.4,1.8,1
"13958",2026-10-08,7.3,23.8,65.4,0.002,0.001,1,72.7,4.8,1
"13959",2026-10-08,7.2,21,60.5,0.002,0.001,1,67.7,4.4,1
"13960",2026-10-08,6.5,17.2,24.8,0.002,0.001,1,31.3,1.5,1
"13962",2026-10-08,6.6,33.5,1.2,0.007,0.346,0,7.8,59.1,0
"13963",2026-10-08,6.8,9.1,1.1,0.007,0.098,0,7.9,64,0
"13964",2026-10-08,7.8,45.2,45.2,0.007,0.101,0,53,0.5,1
"13965",2026-10-08,8.6,39.8,1,0.001,0,1,9.6,149.6,0
"13975",2026-10-08,22.7,104.8,104.8,0,0.03,0,127.5,490.3,0
"13976",2026-10-08,20.4,93.8,93.8,0,0,1,114.3,5.1,1
"13977",2026-10-08,17.6,91.2,35.6,0.001,0,1,53.2,0.3,1
"13978",2026-10-08,13.4,22.9,87.6,0,0.146,0,101,2,1
"13979",2026-10-08,9.9,13.2,81.2,0,0.203,0,91.1,1.9,1
"13980",2026-10-08,10,20.4,45.7,0,0.2,0,55.8,0.8,1
"13989",2026-10-08,5.4,67.9,31.2,0.002,0.001,1,36.7,0.1,1
"13990",2026-10-08,4.4,60.1,0.5,0.002,0.121,0,4.8,129.9,0
"13991",2026-10-08,3.2,51.1,51.1,0.002,0.001,1,54.4,0.9,1
"13992",2026-10-08,3.7,46.8,46.8,0.002,0.001,1,50.5,1.7,1
"13993",2026-10-08,6.2,56.2,56.2,0.001,0.016,0,62.4,362.3,0
"13994",2026-10-08,8.1,36.7,75.5,0.001,0,1,83.6,431,0
"13995",2026-10-08,6.6,14.8,84.6,0.001,0.005,0,91.2,432.7,0
"13996",2026-10-08,3.3,14.5,21.3,0.001,0.027,0,24.6,167.6,0
"13998",2026-10-08,1.9,0.6,9.9,0.001,0.006,0,11.8,112.7,0
"13999",2026-10-08,2.5,8,13.1,0.001,0.017,0,15.5,119.3,0
"14000",2026-10-08,2.2,5.7,10,0.001,0.116,0,12.2,102.3,0
"14001",2026-10-08,1.5,4.1,4.1,0.001,0.012,0,5.6,43.6,0
"14005",2026-10-08,0.2,3.4,0.1,0.001,0.002,0,0.3,14.2,0
"14009",2026-10-08,0.2,0.1,6.8,0,0.01,0,7.1,114.8,0
"14010",2026-10-08,0.1,1.5,1.5,0,0.163,0,1.6,149.5,0
"14011",2026-10-08,0.1,1.7,0.4,0,0.268,0,0.5,51.7,0
"14012",2026-10-08,0.2,5.2,5.2,0,0.205,0,5.5,168.9,0
"14016",2026-10-08,0.3,2.4,3.8,0,0.006,0,4.1,88.2,0
"14017",2026-10-08,0.2,0.1,0.1,0.001,0.001,0,0.4,4,0
"14018",2026-10-08,0.2,0.1,0.1,0.001,0.001,0,0.3,4.3,0
"14025",2026-10-08,0,0,0,0.001,0.799,0,0,63.6,0
"14026",2026-10-08,0,0,0,0.001,0.793,0,0,57.2,0
"14153",2026-10-08,14.1,3.8,3.8,0.01,0.005,1,18,2.7,1
"14154",2026-10-08,11.9,3.2,3.2,0.009,0.006,1,15.1,5,1
"14155",2026-10-08,10.7,2.8,2.8,0.008,0.006,1,13.5,4.6,1
"14156",2026-10-08,9.6,2.5,2.5,0.006,0.005,1,12.2,2.8,1
"14157",2026-10-08,8.6,2.2,2.2,0.006,0.004,1,10.8,1.9,1
"14158",2026-10-08,8.6,2.2,2.2,0.007,0.005,1,10.9,1.2,1
"14159",2026-10-08,9.1,2.3,2.3,0.007,0.005,1,11.3,0.7,1
"14160",2026-10-08,8.4,2.1,2.1,0.007,0.005,1,10.5,0.6,1
"14167",2026-10-08,9,63.6,38.9,0.002,0.001,1,47.9,1.6,1
"14168",2026-10-08,7.5,63.2,33.5,0.002,0.001,1,41,2.1,1
"14169",2026-10-08,8.1,23.1,8.3,0.002,0.001,1,16.4,102.9,0
"14170",2026-10-08,6.5,17.2,6.6,0.002,0.001,1,13.1,106.3,0
"14172",2026-10-08,4.2,29,29,0.006,0.066,0,33.2,0.4,1
"14173",2026-10-08,5.5,37.1,7.3,0.007,0.063,0,12.8,118.6,0
"14174",2026-10-08,8.6,1.3,44.9,0.009,0.502,0,53.5,0.2,1
"14175",2026-10-08,10.8,47.2,47.2,0.009,0.216,0,57.9,0.3,1
"14176",2026-10-08,12.6,6.6,9.8,0.007,0.045,0,22.5,163.5,0
"14185",2026-10-08,30.5,24.3,131.5,0.001,0.106,0,162.1,529.6,0
"14186",2026-10-08,24.1,125.7,125.7,0,0,1,149.8,9.6,1
"14187",2026-10-08,20.1,126.2,126.2,0.001,0,1,146.3,7,1
"14188",2026-10-08,20,117.2,117.2,0.001,0,1,137.2,3.7,1
"14189",2026-10-08,17.3,32.7,104.3,0.001,0.239,0,121.6,2.3,1
"14190",2026-10-08,16.2,33.2,93.5,0.001,0.261,0,109.8,2.6,1
"14200",2026-10-08,4.9,64.5,1,0.003,0.001,1,5.9,129,0
"14201",2026-10-08,2.7,47.4,0.6,0.002,0.001,1,3.2,129.2,0
"14202",2026-10-08,2.8,22,22,0,0.002,0,24.8,90.6,0
"14203",2026-10-08,4.3,27.7,52.9,0.003,0.001,1,57.2,3.8,1
"14204",2026-10-08,5.7,25.7,33.7,0,0.041,0,39.4,254.1,0
"14205",2026-10-08,6.5,28.9,74.8,0.001,0,1,81.3,388.8,0
"14206",2026-10-08,4.8,21.2,11.1,0.001,0.001,1,15.9,102.1,0
"14207",2026-10-08,2.3,7.5,14.1,0.002,0.038,0,16.4,138.3,0
"14208",2026-10-08,1.4,0.5,8.5,0.003,0.037,0,9.9,114.8,0
"14209",2026-10-08,1.9,0.7,11,0.003,0.018,0,12.9,137,0
"14210",2026-10-08,2.6,6.7,1,0.001,0.045,0,3.6,39.9,0
"14219",2026-10-08,0.1,0.5,2.7,0,0,1,2.8,0.1,1
"14220",2026-10-08,0.1,1.5,2.5,0,0.051,0,2.6,106.1,0
"14221",2026-10-08,0.1,3.4,3.4,0,0.077,0,3.6,121.7,0
"14222",2026-10-08,0.2,5.3,5.3,0,0.184,0,5.5,121.4,0
"14223",2026-10-08,0.2,0.1,6.1,0.001,0.064,0,6.3,131.8,0
"14224",2026-10-08,0.2,0.1,0.1,0.002,0.038,0,0.3,13,0
"14226",2026-10-08,0.2,2.2,2.2,0,0.001,0,2.4,41.2,0
"14227",2026-10-08,0.2,0.2,0.2,0,0.002,0,0.4,4.7,0
"14235",2026-10-08,0,0,0,0.001,0.833,0,0,48.3,0
"14236",2026-10-08,0,0,0,0.001,0.844,0,0,57.6,0
"14361",2026-10-08,16.9,4.8,4.8,0.01,0.005,1,21.7,0.6,1
"14362",2026-10-08,21.4,6.1,6.1,0.011,0.005,1,27.5,0.6,1
"14363",2026-10-08,16.9,4.7,4.7,0.012,0.006,1,21.6,1,1
"14364",2026-10-08,10.9,3,3,0.009,0.007,1,13.9,2.5,1
"14365",2026-10-08,9.2,2.5,2.5,0.008,0.006,1,11.7,3.2,1
"14366",2026-10-08,9.5,2.6,2.6,0.007,0.005,1,12,2.7,1
"14367",2026-10-08,9,2.4,2.4,0.008,0.005,1,11.5,1.4,1
"14368",2026-10-08,9,2.4,2.4,0.008,0.005,1,11.4,0.5,1
"14369",2026-10-08,9.8,2.6,2.6,0.008,0.006,1,12.4,0.3,1
"14370",2026-10-08,10,2.6,2.6,0.007,0.005,1,12.5,0.3,1
"14371",2026-10-08,9.8,2.5,2.5,0.008,0.005,1,12.3,0.2,1
"14378",2026-10-08,7.2,67.6,67.6,0.002,0.001,1,74.8,7.1,1
"14383",2026-10-08,5,4.4,6.8,0.007,0.085,0,11.8,156,0
"14384",2026-10-08,9.6,48.7,1.5,0.015,0.416,0,11.1,165.1,0
"14385",2026-10-08,14.1,61.1,1.8,0.01,0.317,0,16,162.5,0
"14386",2026-10-08,21.5,79.2,18,0.01,0.104,0,39.4,172.4,0
"14387",2026-10-08,25,93.6,15.2,0.011,0.079,0,40.2,213.7,0
"14397",2026-10-08,21.6,150.4,150.4,0,0,1,171.9,11.7,1
"14398",2026-10-08,19,136.8,136.8,0.001,0,1,155.7,5.5,1
"14399",2026-10-08,18.9,125,125,0.001,0,1,143.9,3.4,1
"14400",2026-10-08,20.5,125,125,0.001,0,1,145.5,3.1,1
"14411",2026-10-08,3.5,27.1,27.1,0,0.003,0,30.6,87.6,0
"14413",2026-10-08,4.8,33.9,33.9,0,0.051,0,38.7,159.3,0
"14414",2026-10-08,4,27,54.2,0.002,0.001,1,58.2,6.7,1
"14415",2026-10-08,4.1,17.9,50.2,0.001,0.001,1,54.2,9.8,1
"14416",2026-10-08,4.3,19,10,0.002,0.001,1,14.3,108.8,0
"14417",2026-10-08,3.6,15.7,8.4,0.002,0.001,1,11.9,97.6,0
"14418",2026-10-08,2.3,10.2,30.8,0.002,0.002,1,33.1,222.1,0
"14419",2026-10-08,1.9,0.7,13.1,0.003,0.02,0,15,192.7,0
"14420",2026-10-08,3.1,1.2,25.5,0.003,0.131,0,28.6,1.5,1
"14421",2026-10-08,3.8,1.5,24.5,0.004,0.131,0,28.2,1.6,1
"14432",2026-10-08,0.1,0.1,4.7,0.001,0.259,0,4.8,107.1,0
"14433",2026-10-08,0.1,0.1,6.6,0.001,0.195,0,6.7,104.6,0
"14434",2026-10-08,0.1,0.1,0.1,0.003,0.008,0,0.2,7.1,0
"14435",2026-10-08,0.2,0.1,0.1,0.002,0.012,0,0.3,9.1,0
"14436",2026-10-08,0.2,0.8,0.4,0.001,0.003,0,0.6,29.7,0
"14437",2026-10-08,0.2,0.8,1.6,0,0.002,0,1.8,49.5,0
"14445",2026-10-08,0,0,0,0,0.825,0,0,49.7,0
"14446",2026-10-08,0,0.5,0.1,0,0.861,0,0.2,46.3,0
"14568",2026-10-08,8.8,2.7,2.7,0.008,0.006,1,11.6,1.4,1
"14569",2026-10-08,8.5,2.6,2.6,0.007,0.005,1,11.2,1,1
"14570",2026-10-08,8.8,2.6,2.6,0.007,0.005,1,11.4,0.7,1
"14571",2026-10-08,12.9,3.8,3.8,0.01,0.006,1,16.7,0.7,1
"14572",2026-10-08,19.3,5.6,5.6,0.011,0.005,1,24.9,0.6,1
"14573",2026-10-08,16.4,4.7,4.7,0.01,0.006,1,21.1,0.6,1
"14574",2026-10-08,10.1,2.9,2.9,0.008,0.006,1,12.9,1.4,1
"14575",2026-10-08,8.3,2.3,2.3,0.007,0.006,1,10.7,2,1
"14595",2026-10-08,12.8,63.6,63.6,0.008,0.054,0,76.4,0.3,1
"14596",2026-10-08,22.3,86,2.6,0.011,0.172,0,25,91,0
"14597",2026-10-08,27.3,101.4,2.6,0.014,0.208,0,29.9,95.8,0
"14608",2026-10-08,17.6,126.9,126.9,0,0,1,144.5,7.1,1
"14609",2026-10-08,16.8,127.1,44.2,0.001,0,1,61,0.4,1
"14610",2026-10-08,20.7,139.1,139.1,0,0,1,159.8,2.9,1
"14623",2026-10-08,5.8,19.5,76.7,0.003,0.063,0,82.5,207.4,0
"14624",2026-10-08,4.4,28.7,19.1,0.002,0.023,0,23.5,122.4,0
"14625",2026-10-08,3.5,15.3,22.4,0.002,0.002,1,25.9,5.4,1
"14626",2026-10-08,4,17.6,45.8,0.002,0.001,1,49.8,12.7,1
"14627",2026-10-08,4.7,20.5,10.9,0.002,0.001,1,15.5,82.3,0
"14628",2026-10-08,4.5,19.8,57.3,0.002,0.002,1,61.8,282.4,0
"14629",2026-10-08,3.9,17.3,56.5,0.002,0.002,1,60.4,276.8,0
"14630",2026-10-08,3.7,1.5,22.5,0.003,0.072,0,26.2,230.5,0
"14631",2026-10-08,4.3,10.6,32.5,0.003,0.002,1,36.8,3.9,1
"14635",2026-10-08,0.6,1.6,6.2,0.001,0.017,0,6.8,99.7,0
"14640",2026-10-08,0.1,0.3,0.1,0,0.009,0,0.2,22.9,0
"14641",2026-10-08,0,0,0.2,0.001,0.055,0,0.2,112.3,0
"14642",2026-10-08,0,0,0.2,0.001,0.065,0,0.2,103.2,0
"14643",2026-10-08,0.1,0.1,0.2,0.003,0.188,0,0.3,58.4,0
"14644",2026-10-08,0.1,0.1,0.1,0.002,0.233,0,0.2,34.4,0
"14645",2026-10-08,0.2,0.1,0.6,0.002,0.023,0,0.7,40.2,0
"14646",2026-10-08,0.2,2,2,0,0.004,0,2.2,45.7,0
"14647",2026-10-08,0.2,1.9,1.9,0,0.008,0,2.1,53.7,0
"14655",2026-10-08,0,0.8,0.5,0,0.532,0,0.5,102.3,0
"14777",2026-10-08,6.3,2,2,0.007,0.006,1,8.3,1.9,1
"14778",2026-10-08,5.6,1.8,1.8,0.007,0.006,1,7.3,1.3,1
"14779",2026-10-08,6.8,2.1,2.1,0.007,0.006,1,9,0.9,1
"14780",2026-10-08,7.5,2.3,2.3,0.007,0.005,1,9.8,0.8,1
"14781",2026-10-08,8.9,2.7,2.7,0.008,0.005,1,11.6,0.7,1
"14782",2026-10-08,13.4,4,4,0.01,0.006,1,17.4,0.6,1
"14833",2026-10-08,5.6,24.1,24.1,0.002,0.386,0,29.7,138.3,0
"14834",2026-10-08,4.9,52.2,21.1,0.002,0.05,0,26,110.9,0
"14835",2026-10-08,3.8,23.2,40.7,0.002,0.001,1,44.5,6.2,1
"14836",2026-10-08,4.1,25.3,44.6,0.002,0.001,1,48.7,6.4,1
"14837",2026-10-08,5.1,22.2,52.1,0.002,0.001,1,57.2,8.4,1
"14838",2026-10-08,5.8,25.7,60.8,0.002,0.001,1,66.6,9,1
"14839",2026-10-08,6.3,27.8,66.3,0.002,0.002,1,72.5,348.2,0
"14840",2026-10-08,5.1,22.9,22.9,0.002,0.002,1,28,2.8,1
"14841",2026-10-08,4,9.9,18.2,0.003,0.002,1,22.3,280.7,0
"14842",2026-10-08,3.9,9.6,17.7,0.003,0.003,1,21.5,330.1,0
"14843",2026-10-08,3.1,7.7,19.7,0.001,0.012,0,22.8,431.6,0
"14845",2026-10-08,1.1,10.7,10.7,0.001,0.015,0,11.9,133.5,0
"14846",2026-10-08,0.7,1.9,8.3,0.001,0.014,0,9.1,84.4,0
"14847",2026-10-08,0.5,8.1,8.1,0,0.34,0,8.6,83.6,0
"14850",2026-10-08,0.1,0.2,0,0,0.01,0,0.1,26,0
"14851",2026-10-08,0,0,0.1,0.001,0.069,0,0.2,121.9,0
"14852",2026-10-08,0,0,0.2,0.001,0.065,0,0.2,104.3,0
"14853",2026-10-08,0.1,0.1,0.3,0.002,0.283,0,0.4,60.1,0
"14854",2026-10-08,0.1,0.1,0.1,0.002,0.366,0,0.2,39.6,0
"14855",2026-10-08,0.2,0.1,0.1,0.003,0.73,0,0.4,49.9,0
"14857",2026-10-08,0.3,3,3,0,0.007,0,3.3,53.5,0
"14858",2026-10-08,0.2,0.4,2.8,0.001,0.001,1,3,3.2,0
"14986",2026-10-08,6.7,2.3,2.3,0.007,0.005,1,8.9,1.7,1
"14987",2026-10-08,6.2,2.1,2.1,0.007,0.006,1,8.2,1.2,1
"14988",2026-10-08,6,2,2,0.007,0.006,1,8,1.1,1
"14989",2026-10-08,6.9,2.2,2.2,0.008,0.006,1,9.1,0.9,1
"14990",2026-10-08,7.3,2.3,2.3,0.008,0.007,1,9.5,0.9,1
"14991",2026-10-08,9.6,3,3,0.009,0.007,1,12.6,0.9,1
"15042",2026-10-08,3.7,11.7,11.7,0,0.276,0,15.5,66,0
"15043",2026-10-08,3.3,10.4,7.2,0.001,0.257,0,10.5,66.1,0
"15044",2026-10-08,3.1,13.4,19.1,0,0.705,0,22.2,138.5,0
"15045",2026-10-08,2.6,16.5,11.2,0.001,0.032,0,13.8,82.6,0
"15046",2026-10-08,2.9,19.5,9.2,0.002,0.001,1,12.2,110.6,0
"15047",2026-10-08,4.3,18.6,47.3,0.002,0.001,1,51.6,9.2,1
"15048",2026-10-08,5.5,33.6,55.1,0.002,0.001,1,60.6,12.3,1
"15049",2026-10-08,5.8,25.6,55.4,0.002,0.001,1,61.2,322.7,0
"15050",2026-10-08,5.7,25.2,53.1,0.002,0.002,1,58.8,413.7,0
"15051",2026-10-08,5.2,12.5,32.4,0.003,0.002,1,37.6,490.7,0
"15052",2026-10-08,4.6,11.3,30.4,0.003,0.055,0,35.1,522.6,0
"15053",2026-10-08,5.3,13,33.2,0.001,0.018,0,38.4,749.3,0
"15054",2026-10-08,4.7,11.6,28.7,0.001,0.001,1,33.4,551.4,0
"15055",2026-10-08,2.8,25.9,25.9,0,0.035,0,28.7,261.5,0
"15056",2026-10-08,1,10.7,10.7,0.001,0.018,0,11.7,85,0
"15057",2026-10-08,0.3,0.8,1.1,0,0.598,0,1.5,41,0
"15058",2026-10-08,0.2,0.4,0.6,0.001,0.129,0,0.8,48.1,0
"15059",2026-10-08,0.1,0,0,0.004,0.005,0,0.1,1.5,0
"15060",2026-10-08,0,0.1,0.3,0.001,0.148,0,0.3,118.9,0
"15061",2026-10-08,0,0.1,0.1,0.002,0.499,0,0.1,78.6,0
"15062",2026-10-08,0.1,4.6,0.1,0.005,0.192,0,0.1,47.3,0
"15063",2026-10-08,0.1,0.4,0.1,0.003,0.045,0,0.2,30,0
"15064",2026-10-08,0.1,0.1,0.1,0.003,0.66,0,0.2,45.1,0
"15065",2026-10-08,0.2,0.1,0.1,0.003,0.815,0,0.4,54.9,0
"15067",2026-10-08,0.5,0.3,3.7,0.001,0.002,0,4.2,59.7,0
"15088",2026-10-08,0,0,0,0,1,0,0,1.4,0
"15196",2026-10-08,6.7,2.2,2.2,0.007,0.005,1,8.9,0.7,1
"15197",2026-10-08,7.1,2.4,2.4,0.006,0.005,1,9.5,1,1
"15198",2026-10-08,7.1,2.3,2.3,0.007,0.005,1,9.4,1.2,1
"15199",2026-10-08,7.1,2.3,2.3,0.008,0.006,1,9.4,1.3,1
"15200",2026-10-08,8.3,2.7,2.7,0.009,0.007,1,10.9,1.5,1
"15255",2026-10-08,1.9,8.2,13.2,0,0.253,0,15.2,125.1,0
"15256",2026-10-08,1.9,13.6,26.5,0.002,0.002,1,28.4,4.7,1
"15257",2026-10-08,3.3,14.1,38.3,0.002,0.002,1,41.6,6.8,1
"15258",2026-10-08,4.8,20.7,20.7,0.002,0.002,1,25.4,3.3,1
"15259",2026-10-08,4.6,20.3,43.1,0.002,0.002,1,47.7,292.5,0
"15260",2026-10-08,5.1,22.6,44.2,0.002,0.002,1,49.3,382.5,0
"15261",2026-10-08,5.5,24.7,44,0.002,0.002,1,49.5,476.8,0
"15262",2026-10-08,4.6,20.7,27.1,0.002,0.156,0,31.7,499.5,0
"15263",2026-10-08,5.3,12.8,32.5,0.001,0.023,0,37.8,696.8,0
"15264",2026-10-08,6.5,21,29.9,0.001,0.029,0,36.5,535.2,0
"15266",2026-10-08,1.7,20.2,20.2,0.001,0.008,0,21.9,111.5,0
"15267",2026-10-08,0.4,0.9,0.9,0.001,0.704,0,1.3,27.2,0
"15268",2026-10-08,0.1,0.3,0.4,0,0.047,0,0.5,29.9,0
"15269",2026-10-08,0.1,0.2,1.6,0.001,0.856,0,1.7,65.9,0
"15270",2026-10-08,0.1,4,0.1,0.002,0.058,0,0.2,52.5,0
"15271",2026-10-08,0,6.6,0,0.002,0.038,0,0,56.2,0
"15272",2026-10-08,0.1,6.2,0.2,0.004,0.189,0,0.3,78.8,0
"15273",2026-10-08,0.1,0.1,0.1,0.002,0.418,0,0.2,36.1,0
"15274",2026-10-08,0.1,0.1,0.1,0.002,0.634,0,0.2,38,0
"15275",2026-10-08,0.2,0.1,0.1,0.002,0.664,0,0.3,53.4,0
"15276",2026-10-08,0.3,0.2,0.2,0.002,0.533,0,0.4,62.1,0
"15277",2026-10-08,0.4,3.8,1,0.001,0.004,0,1.4,0.2,1
"15278",2026-10-08,0.3,0.3,2.6,0.001,0.03,0,2.9,7.1,0
"15279",2026-10-08,0.2,0.1,2.3,0.001,0.018,0,2.5,6.3,0
"1528",2026-10-08,0.3,0,0,0,0.003,0,0.3,61.4,0
"1529",2026-10-08,0.2,0,0,0.002,0.107,0,0.2,80.3,0
"1530",2026-10-08,0,0,0,0.002,0.591,0,0,177.3,0
"1531",2026-10-08,0.1,5.2,0.1,0.002,0.138,0,0.2,145.1,0
"1532",2026-10-08,0.1,3.6,0.1,0.004,0.323,0,0.2,246.2,0
"1536",2026-10-08,0,1.9,1.9,0,0.065,0,2,346.4,0
"1537",2026-10-08,0,1.8,1.8,0,0.239,0,1.9,332.2,0
"1538",2026-10-08,0,0,2,0.002,0.015,0,2,246.8,0
"1539",2026-10-08,0,1.8,0,0.01,0.941,0,0,119.7,0
"15391",2026-10-08,6.1,10.8,40.9,0.003,0.135,0,47,3.1,1
"15392",2026-10-08,3.3,5.5,75,0.003,0.217,0,78.3,8.6,1
"15393",2026-10-08,2.5,0.8,70.3,0.003,0.203,0,72.8,5.4,1
"1540",2026-10-08,0,1.3,0.3,0.013,0.966,0,0.3,141.9,0
"15407",2026-10-08,6.5,2.2,2.2,0.006,0.005,1,8.7,1.6,1
"15408",2026-10-08,6.3,2.1,2.1,0.006,0.005,1,8.4,2.4,1
"15409",2026-10-08,6.4,2.1,2.1,0.008,0.007,1,8.5,2.8,1
"1541",2026-10-08,0,0.3,0,0.006,0.756,0,0,113,0
"15410",2026-10-08,8.4,2.8,2.8,0.009,0.008,1,11.2,2.8,1
"15411",2026-10-08,12.2,3.9,3.9,0.01,0.009,1,16.1,3,1
"15414",2026-10-08,23.7,7.5,7.5,0.012,0.005,1,31.2,2.1,1
"1542",2026-10-08,0,0.5,NA,0.017,NA,NA,NA,NA,NA
"1543",2026-10-08,0,0.3,NA,0.017,NA,NA,NA,NA,NA
"1544",2026-10-08,0,0.5,0.5,0.003,0.384,0,0.5,319.3,0
"1546",2026-10-08,0,1.2,1.2,0,0.029,0,1.2,325.5,0
"15467",2026-10-08,3.3,21.4,14.3,0.002,0.036,0,17.6,125.5,0
"15468",2026-10-08,4,17.1,44,0.002,0.002,1,48,7.2,1
"15469",2026-10-08,4.1,26,26,0.002,0.001,1,30.2,5.6,1
"15470",2026-10-08,5,21.8,41.8,0.002,0.002,1,46.7,11.8,1
"15471",2026-10-08,5.3,23.3,23.3,0.002,0.002,1,28.6,4.4,1
"15472",2026-10-08,4.4,19.7,32.4,0.002,0.168,0,36.8,405.2,0
"15473",2026-10-08,4.3,10.2,13.5,0.002,0.025,0,17.8,271.3,0
"15478",2026-10-08,0.2,0.5,1,0.001,0.319,0,1.2,57.4,0
"15479",2026-10-08,0.1,0.2,1.5,0,0.789,0,1.6,47.4,0
"1548",2026-10-08,0,0.8,0,0.001,0.002,0,0,7.9,0
"15480",2026-10-08,0.1,0.1,2,0.004,0.01,0,2.1,66.8,0
"15481",2026-10-08,0.1,0,2.7,0.004,0.012,0,2.8,78.8,0
"15482",2026-10-08,0.1,0.2,0.2,0.002,0.105,0,0.3,48.3,0
"15483",2026-10-08,0.1,0.1,0.1,0.003,0.216,0,0.2,29.5,0
"15484",2026-10-08,0.1,0.1,0.1,0.002,0.232,0,0.2,27.1,0
"15485",2026-10-08,0.1,0.1,0.1,0.002,0.129,0,0.2,27.9,0
"15486",2026-10-08,0.1,0.1,0.3,0.002,0.153,0,0.4,56.4,0
"15487",2026-10-08,0.1,0.3,1.6,0.001,0.003,0,1.8,0.7,1
"15488",2026-10-08,0.2,1.3,0,0.001,0.006,0,0.2,22.5,0
"15489",2026-10-08,0.2,0.1,1.8,0.001,0.028,0,2,5.5,0
"15490",2026-10-08,0.2,0.1,0.4,0.001,0.024,0,0.5,11.5,0
"15602",2026-10-08,2.8,72.9,72.9,0.003,0.003,1,75.6,9,1
"15603",2026-10-08,2.3,0.8,5.9,0.003,0.221,0,8.2,0.1,1
"15604",2026-10-08,1.8,0.5,20,0.003,0.214,0,21.8,2.6,1
"15617",2026-10-08,5.6,1.8,1.8,0.006,0.005,1,7.5,2.1,1
"15618",2026-10-08,5.8,1.9,1.9,0.006,0.005,1,7.8,2.5,1
"15619",2026-10-08,6.2,2.1,2.1,0.007,0.005,1,8.2,3.6,1
"15620",2026-10-08,7.5,2.5,2.5,0.007,0.006,1,10.1,4.2,1
"15621",2026-10-08,10.2,3.4,3.4,0.01,0.008,1,13.6,4.9,1
"15622",2026-10-08,13.5,4.4,4.4,0.01,0.008,1,17.9,5.7,1
"15623",2026-10-08,17.4,5.6,5.6,0.01,0.006,1,23,4.3,1
"15624",2026-10-08,20.9,6.7,6.7,0.011,0.005,1,27.7,2.9,1
"15625",2026-10-08,19.6,6.3,6.3,0.011,0.005,1,25.8,1.8,1
"15679",2026-10-08,3.4,1.7,23.9,0.002,0.002,1,27.3,6.6,1
"15683",2026-10-08,4,9.4,37.1,0.003,0.033,0,41.1,410.4,0
"15684",2026-10-08,4.1,2.3,41.1,0.002,0.385,0,45.2,407.3,0
"15685",2026-10-08,3.9,2.3,46,0.003,0.132,0,49.9,9,1
"15688",2026-10-08,0.8,13.5,3.6,0.001,0,1,4.4,116.7,0
"15689",2026-10-08,0.2,4.5,2.6,0.001,0.033,0,2.8,71.3,0
"15691",2026-10-08,0.1,0.4,0.4,0,0.022,0,0.6,30.9,0
"15692",2026-10-08,0.1,0.1,2,0.004,0.011,0,2.1,122,0
"15693",2026-10-08,0.1,0.1,0.4,0.003,0.008,0,0.5,37.1,0
"15694",2026-10-08,0.1,0.1,0.4,0.002,0.055,0,0.5,49.5,0
"15695",2026-10-08,0.1,0,0,0.002,0.023,0,0.1,17.9,0
"15698",2026-10-08,0.1,0.1,0.1,0,0.003,0,0.2,16.6,0
"15699",2026-10-08,0.2,0.1,1.5,0.001,0.017,0,1.8,7.6,0
"15812",2026-10-08,2.9,9.8,23.8,0.003,0.003,1,26.7,3.6,1
"15813",2026-10-08,2.5,1,10,0.003,0.13,0,12.5,1.4,1
"15814",2026-10-08,1.9,63.4,16.5,0.003,0.003,1,18.4,4.7,1
"15830",2026-10-08,7.1,2.4,2.4,0.007,0.006,1,9.5,5.1,1
"15831",2026-10-08,8.8,3,3,0.01,0.009,1,11.8,5.4,1
"15832",2026-10-08,13.3,4.4,4.4,0.011,0.009,1,17.7,5.6,1
"15833",2026-10-08,18.2,6.1,6.1,0.011,0.007,1,24.3,5.3,1
"15893",2026-10-08,3.5,2,48.9,0.002,0.024,0,52.4,381.4,0
"15894",2026-10-08,3.2,1.9,1.9,0.002,0.031,0,5.1,85.2,0
"15895",2026-10-08,3.1,47.7,28,0.001,0.036,0,31.1,310.6,0
"15896",2026-10-08,3.5,50.8,50.8,0.002,0.001,1,54.4,1.6,1
"15897",2026-10-08,3.2,46,28.3,0.002,0.001,1,31.5,0.2,1
"15898",2026-10-08,2,30.6,9.3,0.001,0.001,1,11.4,222.4,0
"15899",2026-10-08,0.7,12.2,3.3,0.002,0.04,0,4,110.7,0
"15900",2026-10-08,0.2,0.2,1.1,0.001,0.003,0,1.3,70.3,0
"15901",2026-10-08,0.2,0.6,0.6,0,0.027,0,0.8,32.8,0
"15903",2026-10-08,0.2,0.1,0.1,0.003,0.007,0,0.3,15.3,0
"15904",2026-10-08,0.1,0.1,0.1,0.001,0.011,0,0.2,42.8,0
"15905",2026-10-08,0,0,0,0.001,0.011,0,0,36.1,0
"15908",2026-10-08,0.1,1.1,1.1,0.001,0.001,1,1.2,0.1,1
"16022",2026-10-08,3,7.6,16.6,0.003,0.3,0,19.6,1.1,1
"16023",2026-10-08,2.8,1.3,14.1,0.003,0.105,0,16.9,2,1
"16024",2026-10-08,2.1,9.7,71.1,0.003,0.003,1,73.3,12,1
"16025",2026-10-08,1.3,4.6,76.2,0.003,0.003,1,77.5,10,1
"16103",2026-10-08,2.9,1.7,1.7,0.004,0.017,0,4.6,49.4,0
"16104",2026-10-08,2.4,1.4,1.4,0.002,0.025,0,3.8,62,0
"16105",2026-10-08,2.6,1.6,24.9,0.002,0.032,0,27.5,264.9,0
"16106",2026-10-08,3.6,2.3,46.4,0.002,0.346,0,50,5.2,1
"16107",2026-10-08,4.1,49,18.4,0.003,0.002,1,22.5,0.2,1
"16108",2026-10-08,3.4,2.3,10.4,0.002,0.004,0,13.7,174.5,0
"16109",2026-10-08,1.9,1.4,16.4,0.002,0.005,0,18.3,215.5,0
"16110",2026-10-08,0.9,2.1,3.9,0.001,0.017,0,4.8,133.1,0
"16111",2026-10-08,0.3,6,6,0.001,0.003,0,6.3,50.2,0
"16118",2026-10-08,0.2,0.8,0.1,0.001,0.001,1,0.3,106.1,0
"16120",2026-10-08,0.1,0.7,0.1,0.001,0.138,0,0.1,41.4,0
"16121",2026-10-08,0.1,0.1,0.1,0.001,0.647,0,0.2,32.5,0
"16224",2026-10-08,3.2,1.5,145.3,0.003,0.002,1,148.5,5.7,1
"16225",2026-10-08,2.3,8.9,101.2,0.003,0.001,1,103.5,7.8,1
"16226",2026-10-08,2.2,9.9,100.4,0.003,0.002,1,102.6,7.7,1
"16230",2026-10-08,2.5,11.1,86.8,0.003,0.146,0,89.3,9.2,1
"16231",2026-10-08,3.1,1.5,92.8,0.003,0.169,0,95.9,7.7,1
"16232",2026-10-08,2.8,8.7,95.3,0.003,0.227,0,98.2,5.9,1
"16233",2026-10-08,2.6,1.4,96.2,0.003,0.058,0,98.7,5.6,1
"16234",2026-10-08,1.8,98.3,23,0.003,0.003,1,24.8,0.8,1
"16314",2026-10-08,1.7,7.2,1,0.003,0.019,0,2.7,33.8,0
"16318",2026-10-08,4,48.5,17.5,0.002,0.013,0,21.5,185.9,0
"16319",2026-10-08,3,24.3,13.3,0.001,0.02,0,16.3,182.6,0
"16322",2026-10-08,0.4,0.3,0.3,0.001,0.004,0,0.7,10.4,0
"16327",2026-10-08,0.3,1.1,2.3,0,0.021,0,2.6,121.9,0
"16328",2026-10-08,0.3,1.3,1.3,0.001,0.018,0,1.6,136,0
"16329",2026-10-08,0.1,0.6,0.4,0.001,0.301,0,0.5,162.9,0
"16330",2026-10-08,0.1,0.4,0.2,0,0.303,0,0.3,81.2,0
"16345",2026-10-08,0,0.2,0.2,0,0.247,0,0.2,155.3,0
"16434",2026-10-08,3,12.3,132.8,0.003,0.001,1,135.8,6.3,1
"16435",2026-10-08,2,9.8,107.9,0.003,0.001,1,109.9,7.1,1
"16436",2026-10-08,1.9,1,111.6,0.003,0.002,1,113.5,6.7,1
"16437",2026-10-08,2,15.6,135.2,0.003,0.002,1,137.2,7.3,1
"16438",2026-10-08,1.5,38.8,111.1,0.003,0.003,1,112.6,7.9,1
"16439",2026-10-08,1.3,0.7,78.4,0.003,0.07,0,79.7,6.2,1
"16440",2026-10-08,2,1,79.6,0.003,0.069,0,81.6,6.6,1
"16441",2026-10-08,2.7,89.4,89.4,0.003,0.003,1,92.1,4.9,1
"16442",2026-10-08,2.7,14.4,95.8,0.003,0.047,0,98.5,3.9,1
"16443",2026-10-08,2.3,1.4,96.8,0.003,0.022,0,99.1,3.8,1
"16444",2026-10-08,1.6,9.6,97.3,0.004,0.015,0,98.9,2.9,1
"16528",2026-10-08,3.9,2.8,2.8,0.001,0.41,0,6.7,53.4,0
"16529",2026-10-08,3.3,2.4,14.3,0.003,0.008,0,17.6,220,0
"16530",2026-10-08,2.8,2.2,12.5,0.003,0.008,0,15.4,229.2,0
"16531",2026-10-08,2.2,21.9,21.9,0,0.008,0,24.1,203.8,0
"16532",2026-10-08,1.1,0.9,0.9,0.001,0.005,0,2,19.8,0
"16534",2026-10-08,0.4,1.7,1.7,0,0.007,0,2,108.7,0
"16536",2026-10-08,0.2,1,0.5,0,0.02,0,0.7,49.4,0
"16537",2026-10-08,0.2,0.6,1,0,0.019,0,1.3,86.5,0
"16538",2026-10-08,0.3,0.7,0.7,0.001,0.012,0,1,30.4,0
"16539",2026-10-08,0.2,0.5,0.5,0.001,0.011,0,0.8,28.4,0
"16540",2026-10-08,0.2,0.2,0.4,0.001,0.012,0,0.6,33.1,0
"16541",2026-10-08,0.1,0.4,0.4,0,0.017,0,0.6,82.9,0
"16542",2026-10-08,0.2,0.6,1.3,0.001,0.014,0,1.5,72.8,0
"16544",2026-10-08,0.3,0.3,0.3,0.002,0.002,0,0.5,1.9,0
"16545",2026-10-08,0.3,0.6,0.6,0.002,0.002,0,0.8,3.7,0
"16548",2026-10-08,0.2,2.2,0.3,0.002,0.007,0,0.5,18.4,0
"16552",2026-10-08,0.1,0.6,0.6,0,0.264,0,0.7,239,0
"16553",2026-10-08,0,0.5,0.5,0,0.289,0,0.6,275.7,0
"16554",2026-10-08,0,0.3,0.3,0,0.403,0,0.3,183.5,0
"16555",2026-10-08,0,0.1,0.1,0,0.32,0,0.1,141,0
"16644",2026-10-08,1.9,103.3,103.3,0.003,0.002,1,105.2,5.8,1
"16645",2026-10-08,1.4,9.3,103.1,0.003,0.001,1,104.4,2.9,1
"16646",2026-10-08,1.4,117.8,117.8,0.003,0.003,1,119.1,6,1
"16647",2026-10-08,1.1,30.6,132.8,0.003,0.001,1,133.9,7.8,1
"16648",2026-10-08,0.6,35.3,112,0.003,0.003,1,112.6,9.8,1
"16649",2026-10-08,0.5,0.2,88.5,0.003,0.062,0,88.9,6.8,1
"16650",2026-10-08,1.2,0.6,87.9,0.003,0.05,0,89.1,6.2,1
"16651",2026-10-08,2.1,81.4,81.4,0.004,0.002,1,83.5,4.4,1
"16652",2026-10-08,2.3,14.4,74.5,0.004,0.003,1,76.9,2.5,1
"16653",2026-10-08,2.3,75.3,75.3,0.004,0.004,1,77.6,2.5,1
"16654",2026-10-08,1.9,10.5,74.6,0.004,0.018,0,76.5,2.6,1
"16740",2026-10-08,2.8,2.2,2.2,0.001,0.103,0,5,37.7,0
"16742",2026-10-08,2.1,9,9,0,0.104,0,11.1,153.6,0
"16743",2026-10-08,1.2,5,5,0,0.044,0,6.2,79.8,0
"16744",2026-10-08,0.6,2.7,2.7,0,0.004,0,3.3,76.2,0
"16745",2026-10-08,0.5,2,1.4,0,0.029,0,1.8,120.1,0
"16746",2026-10-08,0.2,2.5,0.7,0.001,0.037,0,0.9,84.3,0
"16747",2026-10-08,0.1,1.5,0.5,0.001,0.065,0,0.6,84.8,0
"16748",2026-10-08,0.2,1,0.2,0,0.15,0,0.4,32.8,0
"16749",2026-10-08,0.3,0.6,0.6,0.001,0.034,0,0.9,31.7,0
"16750",2026-10-08,0.3,0.2,0.6,0.001,0.039,0,0.8,38.7,0
"16751",2026-10-08,0.2,0.2,0.5,0.001,0.009,0,0.7,25.3,0
"16752",2026-10-08,0.2,0.8,0.8,0.003,0.013,0,1,51.5,0
"16753",2026-10-08,0.2,0.5,0.5,0.002,0.003,0,0.7,11.3,0
"16754",2026-10-08,0.3,3,3,0.003,0.018,0,3.3,77.7,0
"16755",2026-10-08,0.3,2.9,2.3,0.002,0.036,0,2.6,38,0
"16756",2026-10-08,0.2,2.8,2.8,0.003,0.024,0,3.1,54,0
"16757",2026-10-08,0.1,2.1,2.1,0.002,0.007,0,2.2,78,0
"16758",2026-10-08,0.2,2,2,0.001,0.041,0,2.2,88.8,0
"16761",2026-10-08,0.1,0.1,0.1,0.001,0.005,0,0.1,7.4,0
"16762",2026-10-08,0,0,0,0.002,0.006,0,0,7.6,0
"16763",2026-10-08,0,0,0.2,0.001,0.645,0,0.2,142.1,0
"16764",2026-10-08,0,0,0.1,0,0.174,0,0.1,110.5,0
"16767",2026-10-08,0,0,0,0,NA,NA,0,15.3,0
"16768",2026-10-08,0,0,0,0.001,0.1,0,0,10.5,0
"16855",2026-10-08,1.1,96.9,21,0.003,0.002,1,22.1,0.1,1
"16856",2026-10-08,1,116.9,116.9,0.003,0.003,1,117.9,5.4,1
"16857",2026-10-08,0.5,120.8,120.8,0.003,0.003,1,121.3,5.8,1
"16858",2026-10-08,0.2,0.1,NA,0.013,NA,NA,NA,NA,NA
"16859",2026-10-08,0.1,0,NA,0.011,NA,NA,NA,NA,NA
"16860",2026-10-08,0.7,0.4,82.7,0.003,0.084,0,83.5,5.2,1
"16861",2026-10-08,1.5,75.6,75.6,0.004,0.003,1,77,2.8,1
"16862",2026-10-08,1.8,11.9,69.7,0.004,0.021,0,71.5,2.2,1
"16863",2026-10-08,2.2,69.2,69.2,0.004,0.003,1,71.3,2.5,1
"16952",2026-10-08,2,4.7,1.7,0.001,0.003,0,3.8,17.2,0
"16953",2026-10-08,1.6,7.1,7.1,0,0.019,0,8.7,87.3,0
"16954",2026-10-08,0.9,4.1,4.1,0,0.03,0,5,88.5,0
"16955",2026-10-08,0.5,2.2,2.2,0.001,0.029,0,2.8,104.5,0
"16956",2026-10-08,0.2,1.9,1.9,0,0.033,0,2.1,101.2,0
"16957",2026-10-08,0,0.4,0,0,0.115,0,0,52.4,0
"16958",2026-10-08,0.2,0.3,0.3,0.001,0.019,0,0.5,26.6,0
"16959",2026-10-08,0.3,0.3,0.6,0.001,0.008,0,1,21.3,0
"16960",2026-10-08,0.3,1.3,1.3,0.002,0.014,0,1.6,52.4,0
"16961",2026-10-08,0.3,1.2,1.2,0.002,0.017,0,1.6,59.5,0
"16962",2026-10-08,0.2,2.5,2.5,0.003,0.017,0,2.7,86.2,0
"16963",2026-10-08,0.2,2.7,2.7,0.003,0.014,0,2.8,85.7,0
"16964",2026-10-08,0.2,2.6,2.6,0.004,0.013,0,2.8,58.1,0
"16965",2026-10-08,0.3,2.8,0.3,0.001,0.009,0,0.6,11.7,0
"16966",2026-10-08,0.3,2.9,2.9,0.001,0.01,0,3.2,59.6,0
"16967",2026-10-08,0.2,2.4,2.4,0.001,0.011,0,2.6,71.2,0
"16971",2026-10-08,0,0,0,0.001,0.007,0,0.1,7.3,0
"16972",2026-10-08,0,0,0,0.003,0.012,0,0,40.8,0
"16973",2026-10-08,0,0,0,0,NA,NA,0,6.3,0
"16974",2026-10-08,0,0,0,0.001,0.004,0,0,31.8,0
"16975",2026-10-08,0,0,0,0.001,0.002,0,0,15.3,0
"16977",2026-10-08,0,0,0,0,NA,NA,0,16.1,0
"16978",2026-10-08,0,0,0,0.001,0.065,0,0,51.3,0
"16979",2026-10-08,0,0,0,0,NA,NA,0,7.7,0
"16980",2026-10-08,0,0,0.1,0,NA,NA,0.1,5.4,0
"17066",2026-10-08,0.9,131.2,131.2,0.003,0.002,1,132,2.5,1
"17067",2026-10-08,0.1,123.4,123.4,0.003,0.002,1,123.5,5.4,1
"17068",2026-10-08,0.1,0.1,NA,0.018,NA,NA,NA,NA,NA
"17069",2026-10-08,0.3,22.5,NA,0.01,NA,NA,NA,NA,NA
"17070",2026-10-08,0.9,34.1,34.1,0.001,0,1,35,10.7,1
"17071",2026-10-08,1.5,13.7,30.9,0.001,0,1,32.4,10.3,1
"17163",2026-10-08,1.2,1.1,1.1,0.001,0.003,0,2.3,12.7,0
"17164",2026-10-08,0.9,2.8,4.1,0,0.041,0,5,111.8,0
"17165",2026-10-08,0.7,7.1,3,0.001,0.014,0,3.7,135.1,0
"17166",2026-10-08,0.3,0.8,1.4,0.001,0.022,0,1.8,85.8,0
"17167",2026-10-08,0.1,0.6,0.6,0,0.323,0,0.8,55,0
"17168",2026-10-08,0.2,0.4,0.4,0.001,0.006,0,0.6,14.1,0
"17169",2026-10-08,0.3,1.3,4.1,0.003,0.01,0,4.4,51.2,0
"17170",2026-10-08,0.4,1.7,1.7,0.003,0.01,0,2.1,60.2,0
"17171",2026-10-08,0.5,1.9,1.9,0.002,0.01,0,2.3,73,0
"17172",2026-10-08,0.3,2.8,2.8,0.002,0.013,0,3.1,108.1,0
"17173",2026-10-08,0,1,1,0.004,0.012,0,1,95.1,0
"17174",2026-10-08,0.1,1.3,1.3,0.002,0.009,0,1.4,58,0
"17175",2026-10-08,0.2,0.4,0.2,0.002,0.015,0,0.4,11.6,0
"17176",2026-10-08,0.3,3.1,3.1,0.001,0.011,0,3.4,63.9,0
"17177",2026-10-08,0.3,3.1,3.1,0.001,0.013,0,3.4,76.2,0
"17180",2026-10-08,0.1,0.1,0.1,0.001,0.008,0,0.2,9.8,0
"17181",2026-10-08,0,0,0,0.001,0.009,0,0.1,7.6,0
"17182",2026-10-08,0,0,0,0.002,0.01,0,0,6.6,0
"17183",2026-10-08,0,0,0,0.002,0.448,0,0,45.3,0
"17184",2026-10-08,0,0,0,0.002,0.249,0,0,37.1,0
"17185",2026-10-08,0,0,0,0.002,0.14,0,0,30.6,0
"17186",2026-10-08,0,0,0,0.003,0.571,0,0,32.4,0
"17187",2026-10-08,0,0,0,0.001,0.649,0,0,55.7,0
"17188",2026-10-08,0,0,0,0.002,0.516,0,0,26.6,0
"17189",2026-10-08,0,0,0,0.002,0.745,0,0,24.7,0
"17190",2026-10-08,0,0.1,0,0.001,0.521,0,0,8.8,0
"17191",2026-10-08,0,0.1,0,0.002,0.015,0,0,2.9,0
"17194",2026-10-08,0,0.2,0,0.002,0.004,0,0,1.1,0
"17276",2026-10-08,0.5,138.5,138.5,0.003,0.002,1,139,4.9,1
"17277",2026-10-08,0.6,150.3,150.3,0.003,0.002,1,150.9,8.9,1
"17278",2026-10-08,0.7,48.7,120.6,0,0,1,121.2,68.6,1
"17279",2026-10-08,1,45,101.7,0.001,0,1,102.7,41.3,1
"1737",2026-10-08,0,0,1.3,0.004,0.656,0,1.4,145.9,0
"17373",2026-10-08,0.6,0.6,0.6,0.001,0.004,0,1.2,5.8,0
"17374",2026-10-08,0.8,0.8,0.8,0.001,0.005,0,1.6,16.8,0
"17375",2026-10-08,0.9,8,3.9,0.001,0.02,0,4.8,165.5,0
"17376",2026-10-08,0.6,2.5,2.5,0,0.01,0,3.1,122.4,0
"17377",2026-10-08,0.3,1.3,1.3,0,0.109,0,1.6,64.6,0
"17378",2026-10-08,0.3,0.5,0.5,0.001,0.009,0,0.8,18.6,0
"17379",2026-10-08,0.3,1.3,1.3,0.002,0.019,0,1.7,47.5,0
"1738",2026-10-08,0.5,0,0.3,0.004,0.386,0,0.9,123.5,0
"17380",2026-10-08,0.4,7.1,7.1,0.003,0.008,0,7.5,89.3,0
"17381",2026-10-08,0.4,1.8,1.8,0.002,0.009,0,2.2,72.1,0
"17382",2026-10-08,0.4,1.5,4.6,0.001,0.001,1,4.9,0.6,1
"17383",2026-10-08,0.2,3.8,3.8,0.002,0.012,0,4,85.2,0
"17384",2026-10-08,0.2,2.8,2.8,0.002,0.017,0,2.9,61.1,0
"17385",2026-10-08,0.2,0.3,0.2,0.002,0.018,0,0.3,10.6,0
"17386",2026-10-08,0.2,0.8,0.4,0.001,0.011,0,0.6,18,0
"17387",2026-10-08,0.2,1,1,0.001,0.012,0,1.3,46.5,0
"1739",2026-10-08,0.7,7.8,0.2,0.003,0.324,0,0.9,136.5,0
"17390",2026-10-08,0.1,0.1,0.1,0.001,0.007,0,0.2,10.8,0
"17391",2026-10-08,0.1,0.1,0.1,0.001,0.006,0,0.2,8.6,0
"17392",2026-10-08,0,0.1,0.1,0.002,0.325,0,0.1,37,0
"17393",2026-10-08,0,0.1,0,0.002,0.327,0,0.1,37.6,0
"17394",2026-10-08,0,0,0,0.002,0.28,0,0,32.2,0
"17395",2026-10-08,0,0,0,0.002,0.291,0,0,56.1,0
"17396",2026-10-08,0,0,0,0.002,0.139,0,0,129.7,0
"17397",2026-10-08,0,0,0,0.002,0.06,0,0,30.4,0
"17398",2026-10-08,0,0,0,0.002,0.009,0,0,25,0
"17399",2026-10-08,0,0,0,0.002,0.687,0,0,19.2,0
"1740",2026-10-08,0.3,14.2,0.1,0.003,0.452,0,0.4,142.1,0
"17400",2026-10-08,0,0.1,0,0.003,0.041,0,0,5.6,0
"17401",2026-10-08,0,0.1,0,0.003,0.023,0,0,1.7,0
"17402",2026-10-08,0,0.1,0,0.002,0.443,0,0,2.4,0
"17403",2026-10-08,0,0.2,0,0.002,0.354,0,0,2.5,0
"17404",2026-10-08,0,0.2,0,0.001,0.183,0,0,1.3,0
"1741",2026-10-08,0.2,5.6,0.1,0.004,0.681,0,0.3,169.5,0
"1742",2026-10-08,0.1,3.8,0.1,0.004,0.564,0,0.2,296,0
"1747",2026-10-08,0,1.2,0,0.002,0.189,0,0,80.2,0
"1748",2026-10-08,0,0.9,0,0.001,0.239,0,0,19.4,0
"17486",2026-10-08,0.3,0.2,120,0.001,0,1,120.3,20.2,1
"17487",2026-10-08,1.1,0.6,141.8,0,0.029,0,143,28.3,1
"17488",2026-10-08,1.6,1,137.5,0.001,0.013,0,139.1,28.9,1
"17489",2026-10-08,2.1,26.9,125.9,0.001,0.001,1,128.1,15.3,1
"1749",2026-10-08,0,0.5,1.9,0.005,0.052,0,1.9,271.8,0
"17490",2026-10-08,2.8,27,122.5,0,0,1,125.3,23.4,1
"1750",2026-10-08,0,0.4,1.4,0.008,0.613,0,1.4,295.9,0
"1751",2026-10-08,0,0.3,1,0.005,0.535,0,1,297.3,0
"1752",2026-10-08,0,0.2,0,0.005,0.484,0,0,85.8,0
"1753",2026-10-08,0,0.3,0,0.006,0.829,0,0,250.7,0
"1755",2026-10-08,0,0,0,0,0.762,0,0,209,0
"1756",2026-10-08,0,1,0,0,0.022,0,0,212.7,0
"17584",2026-10-08,0.5,0.6,0.6,0,0.012,0,1.1,18.6,0
"17586",2026-10-08,0.5,2.4,2.4,0,0.015,0,2.9,138.4,0
"17587",2026-10-08,0.4,1.1,1.1,0,0.071,0,1.5,70.5,0
"17590",2026-10-08,0.3,1.4,1.4,0.002,0.007,0,1.7,70.1,0
"17591",2026-10-08,0.4,1.6,1.6,0.001,0.016,0,2,64.2,0
"17592",2026-10-08,0.5,1.9,1.9,0.001,0.01,0,2.3,46.5,0
"17593",2026-10-08,0.4,6.4,4.9,0.003,0.01,0,5.2,34.4,0
"17594",2026-10-08,0.3,0.6,1.1,0.003,0.01,0,1.4,22.8,0
"17595",2026-10-08,0.2,3.4,3.4,0.001,0.032,0,3.6,48.1,0
"17596",2026-10-08,0.2,3.4,0.3,0.001,0.009,0,0.5,17.4,0
"17597",2026-10-08,0.2,0.9,0.9,0.001,0.015,0,1.1,45.8,0
"17599",2026-10-08,0.1,0.3,0.3,0.002,0.128,0,0.4,62.8,0
"17600",2026-10-08,0.1,0.3,0.2,0.002,0.153,0,0.3,31.4,0
"17601",2026-10-08,0.1,0.3,0.2,0.002,0.241,0,0.3,56.3,0
"17602",2026-10-08,0.1,0.1,0.1,0.002,0.305,0,0.2,59.1,0
"17603",2026-10-08,0,0,0.1,0.002,0.275,0,0.1,63.3,0
"17604",2026-10-08,0,0,0,0.002,0.381,0,0,24.4,0
"17605",2026-10-08,0,0,0,0.001,0.278,0,0,73.7,0
"17606",2026-10-08,0,0,0,0.002,0.115,0,0,89.1,0
"17607",2026-10-08,0,0,0,0.002,0.021,0,0,44.9,0
"17608",2026-10-08,0,0,0,0.002,0.024,0,0,44.2,0
"17609",2026-10-08,0,0,0,0.003,0.562,0,0,31.8,0
"17610",2026-10-08,0,0.1,0,0.002,0.065,0,0,5.5,0
"17611",2026-10-08,0,0.1,0,0.002,0.037,0,0,3.6,0
"17612",2026-10-08,0,0.1,0,0.001,0.374,0,0,2.3,0
"17613",2026-10-08,0,0.2,0,0.001,0.325,0,0,2.1,0
"17614",2026-10-08,0,0.3,0,0.001,0.103,0,0,1.3,0
"17615",2026-10-08,0,0.3,0,0.004,0.018,0,0,0.9,0
"17700",2026-10-08,3.3,124.5,124.5,0,0,1,127.8,22.1,1
"17701",2026-10-08,3.4,22.4,48.9,0,0,1,52.3,7.2,1
"17797",2026-10-08,0.2,1.1,0.8,0,0.033,0,1,71.5,0
"17803",2026-10-08,0.3,4.8,6.2,0,0.004,0,6.5,0.7,1
"17804",2026-10-08,0.3,3.8,4.9,0,0.008,0,5.2,0.8,1
"17809",2026-10-08,0.2,1.7,0.3,0.002,0.088,0,0.5,63.3,0
"17810",2026-10-08,0.1,1.2,0.2,0.001,0.079,0,0.4,53.5,0
"17811",2026-10-08,0.1,0.2,0.1,0.001,0.162,0,0.2,46.7,0
"17812",2026-10-08,0,0,0,0.002,0.14,0,0.1,56.1,0
"17813",2026-10-08,0,0,0,0.002,0.373,0,0,88.9,0
"17814",2026-10-08,0,0,0,0.001,0.18,0,0,24.6,0
"17815",2026-10-08,0,0,0,0.002,0.141,0,0,24.7,0
"17816",2026-10-08,0,0,0,0.002,0.052,0,0,63.3,0
"17817",2026-10-08,0,0,0,0.002,0.005,0,0,18.7,0
"17818",2026-10-08,0,0,0,0.003,0.009,0,0,61.3,0
"17819",2026-10-08,0,0,0,0.002,0.008,0,0,47.1,0
"17821",2026-10-08,0,0.1,0,0.003,0.256,0,0,6,0
"17822",2026-10-08,0,0.1,0,0.002,0.05,0,0,2.6,0
"17823",2026-10-08,0,0.2,0,0.001,0.117,0,0,1.4,0
"17824",2026-10-08,0,0.3,0.3,0.003,0.038,0,0.3,2.2,0
"17825",2026-10-08,0,0.5,0,0.005,0.013,0,0,0.8,0
"17911",2026-10-08,3.9,22.6,52.7,0,0,1,56.5,13.2,1
"17912",2026-10-08,3.9,20.4,111.8,0,0,1,115.7,32.5,1
"17913",2026-10-08,4,2.2,104.3,0,0.037,0,108.3,28.9,1
"18004",2026-10-08,0.3,0.4,9.3,0,0.005,0,9.6,58.3,0
"18014",2026-10-08,0.4,1.7,1.7,0,0,1,2.1,0.1,1
"18018",2026-10-08,0.2,2.8,0.5,0.002,0.144,0,0.7,56.9,0
"18019",2026-10-08,0.2,2,0.4,0.002,0.202,0,0.5,54.2,0
"18020",2026-10-08,0.1,0.3,0.1,0.001,0.359,0,0.2,28.5,0
"18021",2026-10-08,0,0.2,0.1,0.002,0.204,0,0.1,25.4,0
"18022",2026-10-08,0,0.1,0,0.002,0.149,0,0,44,0
"18023",2026-10-08,0,0,0,0.002,0.247,0,0,97.7,0
"18024",2026-10-08,0,0,0,0.001,0.178,0,0,93,0
"18025",2026-10-08,0,0,0,0.002,0.236,0,0,107.8,0
"18026",2026-10-08,0,0,0,0.002,0.006,0,0,40.9,0
"18027",2026-10-08,0,0,0,0.002,0.18,0,0,23.8,0
"18028",2026-10-08,0,0,0,0.003,0.011,0,0,36.5,0
"18032",2026-10-08,0,0.1,0.1,0.002,0.056,0,0.1,3.8,0
"18033",2026-10-08,0,0.2,0,0.002,0.033,0,0,0.9,0
"18034",2026-10-08,0,0.4,0,0.004,0.024,0,0,0.8,0
"18035",2026-10-08,0,0.7,0.7,0.006,0.011,0,0.7,1,0
"18036",2026-10-08,0,1.1,1.1,0.007,0.007,0,1.1,0.8,1
"18123",2026-10-08,4.6,20.8,51.5,0,0,1,56.1,16.5,1
"18124",2026-10-08,6.5,27.3,111.7,0,0,1,118.2,35.5,1
"18215",2026-10-08,0.2,8.6,0.8,0.001,0.001,1,1,0.4,1
"18224",2026-10-08,0.5,1.9,1.9,0,0,1,2.4,0.1,1
"18227",2026-10-08,0.3,1.1,0.5,0.001,0.086,0,0.8,68.2,0
"18228",2026-10-08,0.2,0.5,0.4,0.001,0.061,0,0.6,61,0
"18229",2026-10-08,0.2,0.4,0.3,0.001,0.188,0,0.5,49.2,0
"18230",2026-10-08,0.1,0.3,0.1,0.002,0.406,0,0.2,31.5,0
"18231",2026-10-08,0,0.1,0,0.002,0.228,0,0,31.7,0
"18232",2026-10-08,0,0.1,0,0.002,0.225,0,0,69.6,0
"18233",2026-10-08,0,0.1,0,0.002,0.525,0,0.1,75.2,0
"18234",2026-10-08,0,0.1,0.1,0.001,0.006,0,0.1,23.2,0
"18235",2026-10-08,0,0,0,0.002,0.004,0,0.1,14.7,0
"18236",2026-10-08,0,0,0,0,0.013,0,0,11.8,0
"18244",2026-10-08,0,0.5,0,0.003,0.205,0,0,6.2,0
"18245",2026-10-08,0,0.9,0,0.004,0.232,0,0,12.5,0
"18246",2026-10-08,0,1.7,0,0.005,1,0,0,19.4,0
"18421",2026-10-08,1,4.1,4.1,0,0.003,0,5.1,45.1,0
"18422",2026-10-08,0.5,9.6,2.4,0.001,0.079,0,2.9,61.5,0
"18424",2026-10-08,0.3,7.2,6.1,0.001,0.001,1,6.4,0.6,1
"18425",2026-10-08,0.2,1.1,7.1,0.001,0.001,1,7.3,0.6,1
"18438",2026-10-08,0.2,0.6,0.5,0.001,0.37,0,0.7,69.8,0
"18439",2026-10-08,0.2,0.5,0.4,0.001,0.301,0,0.5,52.5,0
"18440",2026-10-08,0.1,0.5,0.2,0.001,0.31,0,0.3,60.3,0
"18441",2026-10-08,0,0.1,0,0.002,0.142,0,0,45.6,0
"18442",2026-10-08,0,0.1,0,0.002,0.241,0,0,48.6,0
"18443",2026-10-08,0,0.1,0,0.002,0.494,0,0.1,49,0
"18444",2026-10-08,0,0.1,0.1,0.001,0.008,0,0.1,29,0
"18445",2026-10-08,0,0.1,0.1,0.001,0.005,0,0.1,19.8,0
"18446",2026-10-08,0,0,0,0,0.009,0,0.1,25.5,0
"18453",2026-10-08,0,0,0,0.001,0.006,0,0,0.6,0
"18455",2026-10-08,0,0.8,0,0.003,0.236,0,0,17.2,0
"18456",2026-10-08,0,1.6,0,0.005,1,0,0,27,0
"18457",2026-10-08,0,2.1,0,0.016,0.006,1,0,0.5,0
"18632",2026-10-08,0,17.1,17.2,0.003,0.03,0,17.2,0.1,1
"18633",2026-10-08,0.3,10.9,10.9,0,0.112,0,11.1,132.7,0
"18634",2026-10-08,0.4,9.2,7.6,0.001,0.046,0,8.1,120.8,0
"18635",2026-10-08,0.3,6.8,5.7,0,0,1,6,0.4,1
"18636",2026-10-08,0.2,5.6,0.3,0,0.121,0,0.5,68.1,0
"18648",2026-10-08,0.3,0.8,0.7,0.002,0.309,0,1,67.2,0
"18649",2026-10-08,0.3,0.6,0.4,0.002,0.104,0,0.6,28.5,0
"18650",2026-10-08,0.2,0.4,0.2,0.002,0.118,0,0.4,35.1,0
"18651",2026-10-08,0.1,0.2,0.1,0.002,0.309,0,0.2,53.8,0
"18652",2026-10-08,0,0.1,0.1,0.002,0.152,0,0.1,58.7,0
"18653",2026-10-08,0.1,0.1,0.1,0.002,0.28,0,0.1,51.5,0
"18654",2026-10-08,0.1,0.1,0.1,0.001,0.011,0,0.2,32.8,0
"18655",2026-10-08,0.1,0.1,0.1,0.001,0.01,0,0.2,27.7,0
"18658",2026-10-08,0,0,0,0.001,0.008,0,0,13,0
"18662",2026-10-08,0,0,0,0.002,0.004,0,0,0.5,0
"18663",2026-10-08,0,0,0,0.001,0.005,0,0,0.7,0
"18664",2026-10-08,0,0.3,0,0.003,0.175,0,0,13.4,0
"18665",2026-10-08,0,0.5,0,0.004,0.236,0,0,17.9,0
"18666",2026-10-08,0,0.9,0,0.004,0.242,0,0,19.9,0
"18667",2026-10-08,0,1.1,0,0.004,0.165,0,0,0.5,0
"18839",2026-10-08,1.6,4.3,4.3,0,0.01,0,6,76.8,0
"18842",2026-10-08,0.5,15.3,4.3,0.001,0.011,0,4.8,43.4,0
"18843",2026-10-08,0.4,11.4,2.4,0.001,0.01,0,2.7,31.8,0
"18844",2026-10-08,0.5,7.9,6.4,0.001,0.025,0,6.9,79.9,0
"18845",2026-10-08,0.5,2.3,2.3,0.001,0.001,1,2.9,0.1,1
"18846",2026-10-08,0.4,1.9,9,0.001,0.097,0,9.5,0.2,1
"18859",2026-10-08,0.3,0.7,0.6,0.002,0.126,0,0.9,57.7,0
"18860",2026-10-08,0.2,0.5,0.4,0.002,0.087,0,0.5,51.4,0
"18873",2026-10-08,0,0.1,0,0.003,0.204,0,0,1.1,0
"18874",2026-10-08,0,0.2,0,0.004,0.154,0,0,14.4,0
"18875",2026-10-08,0,0.3,0,0.003,0.211,0,0,15.3,0
"18876",2026-10-08,0,0.4,0,0.003,0.045,0,0,1.1,0
"18877",2026-10-08,0,0.5,0,0.004,0.033,0,0,1.1,0
"19047",2026-10-08,1.5,2.3,2.3,0,0.003,0,3.8,73.1,0
"19048",2026-10-08,1.6,2.7,0.9,0,0.002,0,2.4,28.4,0
"19049",2026-10-08,1.5,1.5,22.1,0,0.091,0,23.6,5.2,1
"19050",2026-10-08,1.2,1.6,4.6,0,0.077,0,5.8,1.6,1
"19052",2026-10-08,0.5,2.1,7.6,0,0,1,8,56.6,0
"19053",2026-10-08,0.3,5.8,5.8,0.001,0.001,1,6.2,1.2,1
"19054",2026-10-08,0.4,5.2,5.2,0.001,0.018,0,5.6,49.3,0
"19055",2026-10-08,0.6,8.8,8.8,0.001,0.001,1,9.5,0.2,1
"19056",2026-10-08,0.7,2.8,12.3,0.001,0.022,0,13,0.1,1
"19057",2026-10-08,0.4,0.9,12.3,0.001,0.035,0,12.7,0.1,1
"19063",2026-10-08,0.4,3.5,0.5,0,0.013,0,0.9,38.1,0
"19064",2026-10-08,0.4,1.7,0.5,0,0.017,0,1,29.2,0
"19069",2026-10-08,0.3,0.4,0.5,0.002,0.114,0,0.8,61,0
"19070",2026-10-08,0.2,0.3,0.4,0.002,0.055,0,0.6,49.9,0
"19072",2026-10-08,0,0.1,0.1,0,0.099,0,0.1,24.3,0
"19073",2026-10-08,0,0,0,0,0.174,0,0,57.5,0
"19074",2026-10-08,0,0,0,0,0.332,0,0.1,30.8,0
"19082",2026-10-08,0,0.2,0,0.001,0.007,0,0,4.8,0
"19083",2026-10-08,0,0.1,0,0.001,0.004,0,0,2.2,0
"19084",2026-10-08,0,0.1,0,0.001,0.005,0,0,2,0
"19085",2026-10-08,0,0,0,0.001,0.022,0,0,1.9,0
"19086",2026-10-08,0,0.2,0,0.002,0.044,0,0,1.4,0
"19087",2026-10-08,0,0.3,0,0.001,0.022,0,0,0.7,0
"19088",2026-10-08,0,0.3,0,0.001,0.024,0,0,0.6,0
"19260",2026-10-08,0.8,1.1,10.1,0,0.121,0,10.9,3.7,1
"19261",2026-10-08,0.4,1.1,5.8,0.001,0.001,1,6.2,50,0
"19262",2026-10-08,0.3,4.2,3,0,0.006,0,3.3,32.7,0
"19263",2026-10-08,0.3,0.3,2.5,0,0.112,0,2.8,0.3,1
"19264",2026-10-08,0.4,0.4,3,0.001,0.083,0,3.4,61.3,0
"19265",2026-10-08,0.6,6.2,1.2,0,0,1,1.7,48.7,0
"19266",2026-10-08,0.8,10.5,1.7,0,0,1,2.5,66.6,0
"19267",2026-10-08,0.6,12.4,12.4,0.001,0.001,1,13,0.3,1
"19272",2026-10-08,0.4,4.5,0.5,0,0.031,0,0.9,25.9,0
"19273",2026-10-08,0.3,1.3,0.4,0,0.032,0,0.8,31.1,0
"19280",2026-10-08,0.2,0.3,2.2,0,0.083,0,2.4,0.1,1
"19281",2026-10-08,0.1,0.2,0.2,0,0.154,0,0.3,39,0
"19282",2026-10-08,0.1,0.1,0.1,0,0.092,0,0.2,59.5,0
"19283",2026-10-08,0,0.1,0.1,0,0.071,0,0.1,49.5,0
"19284",2026-10-08,0.1,0.4,0.2,0,0.033,0,0.3,77.9,0
"19285",2026-10-08,0,0,0,0,0.381,0,0,60.8,0
"19292",2026-10-08,0,0,0,0.001,0.444,0,0,10.5,0
"19293",2026-10-08,0,0,0,0.001,0.029,0,0,5.6,0
"19294",2026-10-08,0,0,0,0.001,0.012,0,0,3.5,0
"19295",2026-10-08,0,0.1,0,0.002,0.038,0,0,3,0
"19296",2026-10-08,0,0.1,0,0.001,0.048,0,0,2,0
"19297",2026-10-08,0,0.2,0,0.001,0.026,0,0,0.7,0
"19298",2026-10-08,0,0.2,0.2,0.001,0.027,0,0.2,1.9,0
"19299",2026-10-08,0,0.2,0,0.001,0.03,0,0,0.6,0
"1946",2026-10-08,0.3,4,NA,0.008,NA,NA,NA,NA,NA
"1947",2026-10-08,0.4,4.7,0.1,0.006,0.928,0,0.5,83.1,0
"19472",2026-10-08,0.3,2.9,0.9,0,0.007,0,1.2,0.1,1
"19473",2026-10-08,0.3,0.2,0.1,0.001,0.024,0,0.5,28.5,0
"19474",2026-10-08,0.3,0.2,0.1,0.001,0.027,0,0.4,36.4,0
"19475",2026-10-08,0.5,1.5,1.1,0,0.09,0,1.5,77.2,0
"19476",2026-10-08,0.7,1.6,5.7,0,0.002,0,6.4,0.4,1
"19477",2026-10-08,0.6,11.2,11.2,0.001,0.001,1,11.8,0.3,1
"1948",2026-10-08,0.9,0.8,0.1,0.003,0.473,0,0.9,82.8,0
"19482",2026-10-08,0.5,0.6,0.6,0,0.012,0,1,20.2,0
"1949",2026-10-08,1.2,0.8,0.1,0.003,0.526,0,1.3,154,0
"19490",2026-10-08,0.2,0.3,0.4,0,0.29,0,0.7,52.5,0
"19491",2026-10-08,0.1,0.3,0.3,0,0.143,0,0.4,59.3,0
"19492",2026-10-08,0.1,0.2,0.2,0,0.116,0,0.3,57.9,0
"19493",2026-10-08,0.1,0.2,0.2,0,0.285,0,0.3,41.2,0
"19494",2026-10-08,0.1,0.2,0.2,0,0.439,0,0.3,37.7,0
"19495",2026-10-08,0,0.1,0.1,0,0.371,0,0.1,56.2,0
"1950",2026-10-08,0.8,0.2,0.1,0.003,0.422,0,0.9,126.4,0
"19501",2026-10-08,0,0,0,0.001,0.015,0,0,21.4,0
"19502",2026-10-08,0,0,0,0.001,0.083,0,0,14.6,0
"19503",2026-10-08,0,0,0,0.001,0.021,0,0,7.3,0
"19504",2026-10-08,0,0,0,0.001,0.007,0,0,3.2,0
"19508",2026-10-08,0,0.1,0,0.001,0.021,0,0,0.7,0
"19509",2026-10-08,0,0.1,0,0.001,0.062,0,0,0.6,0
"19510",2026-10-08,0,0.1,0,0.001,0.043,0,0,0.5,0
"1957",2026-10-08,0,0.9,0,0.003,0.173,0,0,288.1,0
"1958",2026-10-08,0,0,0,0.003,0.968,0,0,264.1,0
"1959",2026-10-08,0,2.3,2.3,0.002,0.19,0,2.3,303.5,0
"1960",2026-10-08,0,0,1.9,0.008,0.961,0,1.9,371.4,0
"1961",2026-10-08,0,0,0.4,0.007,0.684,0,0.4,198.3,0
"1962",2026-10-08,0,0.3,0.3,0.007,0.76,0,0.3,273.2,0
"1963",2026-10-08,0,0.5,0,0.006,0.727,0,0,183.6,0
"1964",2026-10-08,0,0,0,0,NA,NA,0,201.9,0
"1965",2026-10-08,0,0,0,0,NA,NA,0,252.3,0
"1966",2026-10-08,0,0,0,0,NA,NA,0,240.8,0
"19683",2026-10-08,0.3,0.8,1.8,0,0.026,0,2.2,0.1,1
"19684",2026-10-08,0.3,0.3,0.3,0,0.128,0,0.6,35.7,0
"19685",2026-10-08,0.3,2.4,1,0.001,0.091,0,1.3,63.9,0
"19686",2026-10-08,0.4,4.4,1,0.002,0.106,0,1.4,52.9,0
"19700",2026-10-08,0.2,0.4,0.4,0,0.047,0,0.6,46.4,0
"19701",2026-10-08,0.2,0.3,0.3,0,0.494,0,0.5,53.2,0
"19702",2026-10-08,0.1,0.2,0.2,0,0.416,0,0.3,51.9,0
"19888",2026-10-08,2.2,3.1,3.1,0.006,0.017,0,5.3,13.6,0
"19896",2026-10-08,0.1,4.6,0.7,0.002,0.304,0,0.9,71.4,0
"19897",2026-10-08,0.3,1.1,0.9,0.001,0.149,0,1.2,37.4,0
"19898",2026-10-08,0.4,1.7,6.9,0.001,0.001,1,7.3,0.6,1
"19905",2026-10-08,0.3,0.8,0.8,0,0.184,0,1.1,78.9,0
"19906",2026-10-08,0.5,1.2,1.2,0,0.235,0,1.8,85.6,0
"19910",2026-10-08,0.2,0.4,0.3,0,0.513,0,0.5,29.3,0
"19911",2026-10-08,0.2,0.4,0.3,0,0.497,0,0.5,35.1,0
"19928",2026-10-08,0,0,0,0.001,0.195,0,0,8.8,0
"19929",2026-10-08,0,0.1,0,0.001,0.195,0,0,6.8,0
"19931",2026-10-08,0,0,0,0.002,0.004,0,0,1.3,0
"20098",2026-10-08,4.1,6,6,0.008,0.01,0,10.1,12.3,0
"20099",2026-10-08,3,5.4,5.4,0.01,0.009,1,8.4,8.3,1
"20100",2026-10-08,2.2,4.9,4.9,0.011,0.008,1,7.1,4.8,1
"20104",2026-10-08,0.1,0.5,1.8,0.001,0.049,0,1.9,0.4,1
"20105",2026-10-08,0,0.4,0.1,0,0.235,0,0.1,44.8,0
"20106",2026-10-08,0,2.8,0.6,0.002,0.204,0,0.7,81.6,0
"20107",2026-10-08,0.2,1.1,0.8,0.001,0.046,0,1,30.3,0
"20108",2026-10-08,0.3,1,1.3,0,0.093,0,1.6,134.4,0
"20109",2026-10-08,0.4,0.7,4.1,0,0.109,0,4.5,0.5,1
"20110",2026-10-08,0.3,0.5,0.5,0.001,0.002,0,0.8,5.7,0
"20111",2026-10-08,0.3,0.4,0.4,0.003,0.014,0,0.7,7.5,0
"20112",2026-10-08,0.5,1,1.3,0.001,0.005,0,1.8,50.6,0
"20115",2026-10-08,0.5,1.2,1.2,0,0.275,0,1.7,78.5,0
"20116",2026-10-08,0.5,1.2,1.2,0,0.354,0,1.8,76.9,0
"20117",2026-10-08,0.5,1.1,1.1,0,0.184,0,1.5,68.4,0
"20138",2026-10-08,0,0,0,0.001,0.187,0,0,7.4,0
"20139",2026-10-08,0,0,0,0.001,0.183,0,0,4.8,0
"20141",2026-10-08,0,0,0,0.001,0.023,0,0,1.2,0
"20142",2026-10-08,0,0,0,0.001,0.025,0,0,1.1,0
"20321",2026-10-08,0.3,0.4,0.4,0.003,0.028,0,0.7,7,0
"20343",2026-10-08,0,0,0,0.001,0.002,0,0,5.5,0
"20344",2026-10-08,0,0,0,0.001,0.096,0,0,8.9,0
"20345",2026-10-08,0,0,0,0.001,0.134,0,0,7.2,0
"20351",2026-10-08,0,0,0,0.002,0.003,0,0,1.2,0
"20352",2026-10-08,0,0,0,0.002,0.239,0,0,5.3,0
"20545",2026-10-08,0.1,0.8,0.2,0.001,0.001,0,0.4,10.4,0
"20546",2026-10-08,0,0.4,0.1,0.001,0.001,0,0.1,3.8,0
"20553",2026-10-08,0,0,0,0.001,0.033,0,0,11.7,0
"20554",2026-10-08,0,0,0,0.003,0.975,0,0,27.7,0
"20555",2026-10-08,0,0,0,0.004,0.885,0,0,20.6,0
"20556",2026-10-08,0,0,0,0.001,0.09,0,0,14.1,0
"20742",2026-10-08,0.3,0.5,0.7,0.001,0.012,0,1,72.7,0
"20743",2026-10-08,0.5,1,1,0.004,0.01,0,1.5,9.3,0
"20754",2026-10-08,0.1,0.8,0.2,0.002,0.097,0,0.3,14.9,0
"20755",2026-10-08,0.1,0.6,0.1,0,0.536,0,0.2,12.6,0
"20756",2026-10-08,0,0.1,0.1,0.006,0.024,0,0.2,12,0
"20762",2026-10-08,0,0,0,0,0.069,0,0,17.2,0
"20764",2026-10-08,0,0,NA,0.012,NA,NA,NA,NA,NA
"20765",2026-10-08,0,0,NA,0.011,NA,NA,NA,NA,NA
"20952",2026-10-08,0.4,0.8,1,0.001,0.009,0,1.4,52.1,0
"20953",2026-10-08,0.5,1,1.2,0.004,0.006,0,1.7,11.8,0
"20956",2026-10-08,0.8,1.8,1.5,0.001,0.001,1,2.2,4,0
"20972",2026-10-08,0,0,0,0.001,0.019,0,0,23.8,0
"20973",2026-10-08,0,0.1,0.1,0.002,0.004,0,0.1,6,0
"20975",2026-10-08,0,0,0,0.004,0.888,0,0,39.8,0
"20976",2026-10-08,0,0,0,0.001,0.299,0,0,100.1,0
"20983",2026-10-08,0,0,0,0,0.299,0,0.1,1.5,0
"21164",2026-10-08,0.4,2.9,0.8,0.001,0.001,1,1.3,6.6,0
"21165",2026-10-08,0.6,2.2,1.1,0.001,0.001,1,1.8,4.4,0
"21166",2026-10-08,0.8,1.7,1.4,0.001,0.001,1,2.2,3.5,0
"21183",2026-10-08,0,0,0,0.001,0.005,0,0,22.3,0
"21191",2026-10-08,0,0,0,0,0.256,0,0,2,0
"21192",2026-10-08,0,0,0,0,0.293,0,0,2.1,0
"21193",2026-10-08,0,0,0,0,0.408,0,0.1,2.1,0
"21197",2026-10-08,0,0.9,0.9,0.018,0.035,0,0.9,1.1,0
"21375",2026-10-08,0.4,0.6,0.8,0.001,0.005,0,1.2,4.1,0
"21376",2026-10-08,0.5,4.7,0.7,0.001,0.002,0,1.3,1.8,0
"21377",2026-10-08,0.4,4.9,0.7,0.001,0.001,0,1.1,7.1,0
"21396",2026-10-08,0,0,0,0,0.006,0,0,14.2,0
"2155",2026-10-08,NA,NA,NA,NA,0.373,NA,NA,222.4,NA
"2156",2026-10-08,0.3,0.3,NA,0.006,NA,NA,NA,NA,NA
"2157",2026-10-08,0.5,0.3,0.3,0.004,0.861,0,0.8,134.3,0
"2158",2026-10-08,1.1,0.5,0.5,0.004,0.956,0,1.6,184.7,0
"21586",2026-10-08,0.3,4.1,0.4,0.001,0.002,0,0.8,3.1,0
"2159",2026-10-08,8.8,12.6,2.3,0.001,0.159,0,11.1,131.7,0
"2160",2026-10-08,8,3.3,1.9,0.004,0.412,0,9.9,139.1,0
"21608",2026-10-08,0,0,0,0,0.698,0,0,37.8,0
"21609",2026-10-08,0,0,0,0.001,0.001,0,0,0.8,0
"2167",2026-10-08,0,1,0,0.002,0.074,0,0,245.5,0
"2168",2026-10-08,0,0,0,0.006,0.865,0,0,228.3,0
"2169",2026-10-08,0,0,0,0.005,0.886,0,0,255.6,0
"2170",2026-10-08,0,0.9,2.2,0.005,0.631,0,2.2,486.8,0
"2171",2026-10-08,0,0,0.5,0.003,0.487,0,0.5,324.8,0
"2172",2026-10-08,0,0.5,0.4,0.007,0.875,0,0.5,361.5,0
"2173",2026-10-08,0,0.6,0,0.007,0.748,0,0,187.8,0
"2174",2026-10-08,0,1.2,0.5,0.002,0.163,0,0.5,575.1,0
"2175",2026-10-08,0,0,0,0,NA,NA,0,242.2,0
"2176",2026-10-08,0,0,0,0,NA,NA,0,208.1,0
"2177",2026-10-08,0,0,0,0,NA,NA,0,199.6,0
"21818",2026-10-08,0,0,0,0.001,0.008,0,0,54,0
"21819",2026-10-08,0,0,0,0.001,0.415,0,0,15.1,0
"21820",2026-10-08,0,0,0,0,0.748,0,0,6.5,0
"21990",2026-10-08,7.7,28.2,28.2,0.001,0.002,0,35.9,200.1,0
"21991",2026-10-08,5.8,22.4,22.4,0,0.003,0,28.3,239.4,0
"22004",2026-10-08,0.6,1.9,1,0,0.147,0,1.5,53.5,0
"22010",2026-10-08,0.1,0.1,0.1,0.002,0.028,0,0.2,20.2,0
"22011",2026-10-08,0.2,0.3,0.6,0,0.066,0,0.8,94.4,0
"22012",2026-10-08,0.2,0.7,0.7,0,0.026,0,0.9,72.7,0
"22013",2026-10-08,0.3,0.9,0.9,0.001,0.014,0,1.1,52.8,0
"22029",2026-10-08,0,0,0,0.002,0.716,0,0,13.8,0
"22030",2026-10-08,0,0,0,0.001,0.748,0,0,7.9,0
"22031",2026-10-08,0,0,0,0.001,0.748,0,0,9,0
"22032",2026-10-08,0,0,0,0.001,0.81,0,0,13.3,0
"22033",2026-10-08,0,0,0,0.003,0.244,0,0,8.8,0
"22037",2026-10-08,0,0.2,0.7,0.001,0.001,1,0.8,0.9,0
"22199",2026-10-08,7.8,27.8,27.8,0.001,0.002,0,35.6,175.6,0
"22200",2026-10-08,6.2,23.2,23.2,0.001,0.002,0,29.3,211.6,0
"22201",2026-10-08,6.1,24.9,15.9,0,0.004,0,22,224.3,0
"22212",2026-10-08,0.9,3.2,9.8,0,0,1,10.8,0.1,1
"22213",2026-10-08,0.7,2.3,7.2,0,0,1,7.9,0.1,1
"22214",2026-10-08,0.6,1.8,0.9,0,0.217,0,1.5,61.7,0
"22215",2026-10-08,0.5,1.7,0.8,0,0.274,0,1.4,65.5,0
"22220",2026-10-08,0,0,0,0,0.02,0,0.1,66.8,0
"22221",2026-10-08,0.2,0.3,0.2,0,0.057,0,0.4,29.3,0
"22222",2026-10-08,0.2,0.8,0.8,0,0.041,0,1.1,68.3,0
"22223",2026-10-08,0.3,1,2.1,0.001,0.013,0,2.4,61.1,0
"22224",2026-10-08,0.3,1,0.6,0.001,0.011,0,0.9,38.8,0
"22229",2026-10-08,0.2,0.3,0.2,0,0,1,0.4,51,0
"22239",2026-10-08,0,0,0,0.002,0.724,0,0,12.4,0
"22241",2026-10-08,0,0,0,0,1,0,0,14.1,0
"22242",2026-10-08,0,0,0,0.003,0.323,0,0,13.7,0
"22245",2026-10-08,0,0.2,0.2,0,0.192,0,0.2,0.9,0
"22246",2026-10-08,0,0.4,0.1,0.001,0.167,0,0.1,1.2,0
"22247",2026-10-08,0,0.7,0.2,0.001,0.066,0,0.2,1.3,0
"22249",2026-10-08,0,0.5,0.5,0.001,0.001,0,0.5,0.9,0
"22250",2026-10-08,0,0.4,0.4,0.001,0.001,0,0.4,0.8,0
"22410",2026-10-08,6.6,24.9,14.5,0.001,0.002,0,21.1,212.8,0
"22411",2026-10-08,6.7,28.2,28.2,0,0.003,0,34.8,304.2,0
"22422",2026-10-08,1,3.2,12.5,0,0,1,13.4,0.2,1
"22423",2026-10-08,0.8,0.9,8.7,0,0,1,9.5,0.1,1
"22424",2026-10-08,0.5,0.7,0.9,0,0.379,0,1.4,54.2,0
"22425",2026-10-08,0.5,0.8,4,0,0.177,0,4.5,0.1,1
"22428",2026-10-08,0.1,0.1,0.1,0,0.01,0,0.2,42.4,0
"22429",2026-10-08,0.1,0.7,0.7,0,0.379,0,0.8,120.1,0
"22430",2026-10-08,0.2,0.4,0.4,0,0.006,0,0.6,35.5,0
"22431",2026-10-08,0.3,1.6,1.6,0,0.062,0,1.9,107.5,0
"22432",2026-10-08,0.3,1,1,0,0.04,0,1.3,63.3,0
"22433",2026-10-08,0.3,1.1,2,0.001,0.009,0,2.3,52.2,0
"22439",2026-10-08,0.3,0.4,0.4,0,0.053,0,0.6,39.7,0
"22440",2026-10-08,0.3,0.4,0.4,0,0.318,0,0.7,92.2,0
"22448",2026-10-08,0,0,0,0.001,0.004,0,0,8.8,0
"22449",2026-10-08,0,0,0,0.001,0.267,0,0,19.3,0
"22452",2026-10-08,0,0,0,0.001,0.752,0,0,9.8,0
"22453",2026-10-08,0,0,0,0.001,0.027,0,0,15.2,0
"22454",2026-10-08,0,0,0,0.001,0.038,0,0,6.2,0
"22455",2026-10-08,0,0.2,0,0,0.001,0,0.1,1.3,0
"22457",2026-10-08,0,0.6,0.6,0.001,0.012,0,0.7,2,0
"22458",2026-10-08,0.1,0.3,0.3,0.001,0.008,0,0.3,1.4,0
"22459",2026-10-08,0.1,0.3,0.3,0.001,0.002,0,0.4,1,0
"22610",2026-10-08,7.9,7.4,70.5,0.001,0.169,0,78.4,2.4,1
"22620",2026-10-08,8.8,32.6,18.1,0.001,0.002,0,26.9,223.2,0
"22621",2026-10-08,8,32.3,18.8,0,0.003,0,26.8,251.7,0
"22632",2026-10-08,0.9,3.1,17.3,0,0,1,18.2,0.2,1
"22633",2026-10-08,0.8,1,14.6,0,0,1,15.4,0.1,1
"22634",2026-10-08,0.6,0.7,9.9,0,0.231,0,10.5,0.1,1
"22635",2026-10-08,0.5,0.7,0.6,0,0.177,0,1,72.9,0
"22636",2026-10-08,0.4,0.7,4.8,0,0.098,0,5.3,0.1,1
"22637",2026-10-08,0.4,0.7,0.5,0,0.207,0,0.9,40.1,0
"22648",2026-10-08,0.3,0.4,0.4,0.001,0.405,0,0.6,95,0
"22649",2026-10-08,0.3,0.4,0.4,0,0.094,0,0.6,51.4,0
"22650",2026-10-08,0.2,0.3,1.1,0,0.354,0,1.3,109.1,0
"22651",2026-10-08,0.2,0.3,0.3,0,0.113,0,0.5,36.8,0
"22652",2026-10-08,0.2,0.2,0.2,0,0.001,0,0.4,8.6,0
"22653",2026-10-08,0.2,0.3,0.3,0,0.001,0,0.4,9.5,0
"22658",2026-10-08,0,0,0,0.001,0.005,0,0,35.4,0
"22659",2026-10-08,0,0.1,0,0.001,0.01,0,0,10.9,0
"22662",2026-10-08,0,0,0,0,0.624,0,0,8.8,0
"22663",2026-10-08,0,0,0,0.001,0.157,0,0,22.9,0
"22664",2026-10-08,0,0,0,0,0.484,0,0,13.2,0
"22665",2026-10-08,0,0,0,0,0.562,0,0.1,4.8,0
"22666",2026-10-08,0,0.1,0.1,0,0.431,0,0.1,3.5,0
"22672",2026-10-08,0.1,0.6,0.6,0.003,0.323,0,0.6,1.6,0
"22820",2026-10-08,10.1,33.9,72.1,0,0.046,0,82.2,0.7,1
"22821",2026-10-08,10.9,66.4,66.4,0,0.048,0,77.4,2.4,1
"22829",2026-10-08,10.2,34.6,34.6,0,0.004,0,44.8,200,0
"22830",2026-10-08,10.5,37.3,19.4,0,0.003,0,29.9,191.9,0
"22831",2026-10-08,8.3,30.9,16.1,0,0.003,0,24.3,219,0
"22832",2026-10-08,7,27.3,27.3,0,0.005,0,34.2,304.8,0
"22836",2026-10-08,10,70.7,70.7,0,0.089,0,80.7,563.5,0
"22843",2026-10-08,0.7,2.4,18.4,0,0,1,19.1,0.1,1
"22844",2026-10-08,0.6,0.7,13.4,0,0.312,0,14,0.1,1
"22845",2026-10-08,0.4,1.4,0.7,0,0.263,0,1.1,45.3,0
"22846",2026-10-08,0.3,1,0.4,0,0.182,0,0.7,38.3,0
"22847",2026-10-08,0.3,0.5,0.4,0,0.032,0,0.7,44.7,0
"22858",2026-10-08,0.3,0.5,0.5,0.001,0.152,0,0.9,71.1,0
"22859",2026-10-08,0.2,0.4,0.4,0,0.111,0,0.6,54.3,0
"22860",2026-10-08,0.2,0.3,0.3,0,0.289,0,0.5,52.3,0
"22861",2026-10-08,0.1,0.2,0.2,0,0.002,0,0.3,10.8,0
"22862",2026-10-08,0,0,0,0,0.005,0,0,29.3,0
"22863",2026-10-08,0.2,0.2,0.2,0,0.001,0,0.4,8,0
"22867",2026-10-08,0,0.3,0,0.001,0.016,0,0.1,6.9,0
"22868",2026-10-08,0,0,0,0.001,0.004,0,0.1,17.9,0
"22869",2026-10-08,0,0.3,0,0.001,0.017,0,0.1,7.8,0
"22870",2026-10-08,0,0,0,0.002,0.005,0,0.1,5.9,0
"22872",2026-10-08,0,0,0,0.001,0.403,0,0,25.2,0
"22873",2026-10-08,0,0,0,0,0.231,0,0,22.9,0
"22874",2026-10-08,0,0,0,0,0.715,0,0,20.1,0
"22875",2026-10-08,0,0,0,0,0.81,0,0,15.8,0
"22876",2026-10-08,0,0.1,0.1,0,0.692,0,0.1,9,0
"22879",2026-10-08,0.1,0.2,0.2,0.004,0.005,0,0.4,0.4,0
"23031",2026-10-08,13.3,69.5,57.8,0,0.046,0,71,0.7,1
"23040",2026-10-08,11.4,66,38.2,0,0.007,0,49.6,207,0
"23041",2026-10-08,8.3,60.9,13.5,0,0.007,0,21.8,172.1,0
"23042",2026-10-08,8.1,103.1,9.9,0.001,0.029,0,18,188.5,0
"23045",2026-10-08,25.3,224.6,68.6,0,0.193,0,93.9,797.4,0
"23046",2026-10-08,16.5,133.1,45.6,0,0.197,0,62.1,866.5,0
"23047",2026-10-08,6.5,51.5,19.1,0,0.126,0,25.7,474.8,0
"23054",2026-10-08,0.7,0.8,14.2,0,0.334,0,14.9,0.1,1
"23055",2026-10-08,0.5,1.6,0.8,0,0.039,0,1.3,63.8,0
"23056",2026-10-08,0.3,0.8,0.4,0,0.129,0,0.7,71.3,0
"23057",2026-10-08,0.1,0.5,0.5,0,0.347,0,0.6,97.9,0
"23058",2026-10-08,0.2,0.3,0.3,0,0.252,0,0.6,67.1,0
"23066",2026-10-08,0.2,1.4,0.4,0.001,0.006,0,0.7,46.9,0
"23067",2026-10-08,0.3,0.5,0.4,0.001,0.179,0,0.7,58.8,0
"23068",2026-10-08,0.3,0.4,0.4,0,0.081,0,0.7,59.3,0
"23069",2026-10-08,0.2,0.4,0.3,0,0.121,0,0.6,48,0
"23071",2026-10-08,0.3,0.4,0.4,0.001,0.148,0,0.7,36.8,0
"23072",2026-10-08,0.2,0.3,0.3,0.001,0.077,0,0.4,34.2,0
"23073",2026-10-08,0.2,1.1,0.4,0,0.001,0,0.6,9.9,0
"23074",2026-10-08,0.2,0.9,0.3,0,0.002,0,0.6,11,0
"23076",2026-10-08,0,0.4,0,0.001,0.01,0,0.1,8.8,0
"23077",2026-10-08,0,0.5,0,0.001,0.006,0,0.1,7,0
"23078",2026-10-08,0,0.6,0.1,0.001,0.005,0,0.1,7.7,0
"23079",2026-10-08,0.2,1,1,0.001,0.013,0,1.2,32.4,0
"23080",2026-10-08,0.3,1,1,0.001,0.008,0,1.3,23.9,0
"23084",2026-10-08,0,0,0,0,0.016,0,0,17.9,0
"23085",2026-10-08,0,0,0,0,0.498,0,0,20.3,0
"23242",2026-10-08,12.1,37.4,59.5,0,0.074,0,71.6,6.2,1
"23250",2026-10-08,13.1,41.9,66.3,0.001,0.029,0,79.4,376.2,0
"23251",2026-10-08,10,32.4,59.2,0.001,0.026,0,69.2,426,0
"23252",2026-10-08,9.9,82.7,66,0,0.043,0,76,452.1,0
"23254",2026-10-08,17.6,191,50.7,0,0.035,0,68.3,551.4,0
"23255",2026-10-08,21.3,242.3,57.5,0,0.121,0,78.8,829.3,0
"23256",2026-10-08,15.3,173.2,42.1,0,0.107,0,57.4,974.9,0
"23257",2026-10-08,7.3,71.3,21.1,0,0.068,0,28.3,538.2,0
"23258",2026-10-08,3,21.7,9.2,0,0.046,0,12.2,169,0
"23259",2026-10-08,1.1,3.5,3.5,0,0.003,0,4.7,37.3,0
"23260",2026-10-08,0.4,1.3,1.3,0,0.004,0,1.7,32.5,0
"23267",2026-10-08,0,0,0,0,0.266,0,0.1,63,0
"23268",2026-10-08,0.1,3.4,0.2,0,0.081,0,0.4,53.8,0
"23269",2026-10-08,0.2,0.3,0.3,0,0.002,0,0.5,11.8,0
"23276",2026-10-08,0.2,0.2,0.2,0.001,0.237,0,0.4,51.2,0
"23277",2026-10-08,0,0,0,0.001,0.268,0,0,51.3,0
"23278",2026-10-08,0.1,0.1,0.1,0,0.423,0,0.2,55.3,0
"23283",2026-10-08,0.3,1,0.5,0.001,0.083,0,0.8,27.1,0
"23284",2026-10-08,0.3,0.5,0.5,0.001,0.016,0,0.8,32,0
"23285",2026-10-08,0.3,0.5,0.5,0.001,0.017,0,0.8,27.5,0
"23286",2026-10-08,0.3,1.5,0.4,0.001,0.007,0,0.7,9,0
"23287",2026-10-08,0,0.8,0.1,0.001,0.004,0,0.1,7.9,0
"23288",2026-10-08,0,1,0.1,0.001,0.004,0,0.1,6.6,0
"23294",2026-10-08,0,0,0,0.001,0.006,0,0,4.1,0
"23295",2026-10-08,0,0,0,0.001,0.181,0,0.1,16.6,0
"23299",2026-10-08,0.4,1.2,0.5,0.001,0.122,0,0.8,5.5,0
"23445",2026-10-08,8.4,8.1,14.5,0,0.024,0,22.9,57.7,0
"23446",2026-10-08,7.7,7.2,7.2,0,0.047,0,14.9,39.2,0
"23454",2026-10-08,10.9,9.6,56.4,0.001,0,1,67.4,8.3,1
"23455",2026-10-08,8.1,7.2,16.5,0.001,0,1,24.7,0.1,1
"23458",2026-10-08,13.3,61.1,38.9,0,0,1,52.3,254,0
"23459",2026-10-08,14.8,44.2,44.2,0.001,0.018,0,59,247.3,0
"23460",2026-10-08,13.1,39.6,70.6,0.001,0.037,0,83.7,486.3,0
"23461",2026-10-08,10.6,32.6,57.7,0.001,0.054,0,68.3,487.7,0
"23462",2026-10-08,10.1,31,73.9,0,0.065,0,84,844.9,0
"23465",2026-10-08,14.3,162,40.5,0,0.019,0,54.8,707.9,0
"23466",2026-10-08,12,132.6,34.1,0,0.011,0,46.1,687.3,0
"23468",2026-10-08,3.8,11.4,11.4,0,0.006,0,15.2,140.9,0
"23469",2026-10-08,1.2,3.5,3.5,0,0.005,0,4.7,50.2,0
"23470",2026-10-08,0.6,1.7,1.7,0,0.004,0,2.3,30.2,0
"23471",2026-10-08,0.4,1.4,1.4,0,0.032,0,1.9,33.6,0
"23479",2026-10-08,0.2,0.2,0.2,0,0.003,0,0.3,12.1,0
"23480",2026-10-08,0.1,0.2,0.4,0.001,0.005,0,0.5,26.2,0
"23484",2026-10-08,0.1,0.2,0.2,0,0.123,0,0.3,43.5,0
"23485",2026-10-08,0.1,0.1,0.1,0.001,0.224,0,0.1,79.1,0
"23486",2026-10-08,0.1,0.2,0.2,0.001,0.224,0,0.3,72,0
"23487",2026-10-08,0.1,0.2,0.2,0.001,0.3,0,0.3,53.7,0
"23488",2026-10-08,0.2,0.2,0.2,0.001,0.133,0,0.4,45.4,0
"23489",2026-10-08,0.2,0.4,0.4,0,0.01,0,0.6,31.8,0
"23492",2026-10-08,0.4,0.6,0.6,0,0.006,0,1,30.8,0
"23493",2026-10-08,0.3,0.5,0.5,0,0.008,0,0.8,32.7,0
"23494",2026-10-08,0.4,0.6,0.7,0,0.008,0,1.1,34.9,0
"23495",2026-10-08,0.5,0.8,0.8,0.001,0.006,0,1.3,12.7,0
"23496",2026-10-08,0.6,1,1,0.001,0.005,0,1.6,13.1,0
"23497",2026-10-08,0.5,2.7,0.8,0.001,0.003,0,1.3,5.9,0
"23498",2026-10-08,0.2,1.9,0.4,0.001,0.003,0,0.7,5.7,0
"23504",2026-10-08,0,0,0,0.001,0.003,0,0,13.9,0
"23505",2026-10-08,0,0.1,0.1,0,NA,NA,0.1,27.7,0
"23506",2026-10-08,0.1,0.3,0.2,0,NA,NA,0.2,20.1,0
"23508",2026-10-08,0.2,0.4,0.2,0.001,0.012,0,0.4,2.9,0
"23509",2026-10-08,0.4,0.8,0.4,0.001,0.126,0,0.7,7.8,0
"23510",2026-10-08,0.8,2.6,0.8,0.022,0.914,0,1.6,4.5,0
"23511",2026-10-08,0.9,1,0.9,0.028,0.945,0,1.9,4.4,0
"2365",2026-10-08,0.3,0.2,0.1,0.005,0.945,0,0.4,89.4,0
"23656",2026-10-08,7.1,25.7,16.5,0.002,0.017,0,23.7,78.1,0
"23657",2026-10-08,5.6,5.2,5.2,0,0.279,0,10.8,61.8,0
"2366",2026-10-08,0,9.3,0,0.003,0.669,0,0.1,198.2,0
"23664",2026-10-08,14.5,11.8,61.5,0.001,0,1,75.9,8.7,1
"23665",2026-10-08,10.1,27,47.4,0.001,0,1,57.4,5.2,1
"23668",2026-10-08,13.1,49.7,44.9,0,0.025,0,58,285.8,0
"23669",2026-10-08,12,33.6,46.1,0.001,0.05,0,58.1,318,0
"2367",2026-10-08,0.7,0.5,0.5,0.002,0.434,0,1.2,154.4,0
"23670",2026-10-08,10.1,28.9,28.9,0.001,0.019,0,38.9,311.9,0
"23671",2026-10-08,9.1,26.6,48.3,0.001,0.025,0,57.4,369.2,0
"23672",2026-10-08,9.5,28.3,59.9,0.001,0.044,0,69.5,804.2,0
"23673",2026-10-08,10.1,29.9,74,0.001,0.059,0,84.1,1046.5,0
"23674",2026-10-08,11.4,8,8,0.001,0.001,0,19.4,32.5,0
"23675",2026-10-08,12.5,8.2,8.2,0.001,0.001,0,20.7,59.7,0
"23677",2026-10-08,7.9,5.6,19.4,0.001,0.003,0,27.3,230.4,0
"23678",2026-10-08,4.6,41.3,3.7,0.001,0.005,0,8.3,42.8,0
"2368",2026-10-08,1.5,3.4,1.1,0.003,0.323,0,2.6,220.7,0
"23680",2026-10-08,0.5,9.7,1.6,0,0.054,0,2.1,35.6,0
"23681",2026-10-08,0.5,10.8,0.5,0.001,0.039,0,0.9,12.8,0
"23689",2026-10-08,0.1,0.2,0.4,0.001,0.007,0,0.6,32.7,0
"2369",2026-10-08,9.8,10.6,5.2,0.004,0.376,0,15,210.2,0
"23690",2026-10-08,0.1,0.1,0.1,0.001,0.007,0,0.2,13.6,0
"23694",2026-10-08,0.1,0.3,0.2,0,0.107,0,0.3,41.2,0
"23695",2026-10-08,0.1,0.3,NA,0.003,NA,NA,NA,NA,NA
"23696",2026-10-08,0.2,0.6,NA,0.003,NA,NA,NA,NA,NA
"23697",2026-10-08,0.2,0.3,0.3,0,0,1,0.5,38.2,0
"23698",2026-10-08,0.2,1.8,1.8,0,0.184,0,2.1,79,0
"23699",2026-10-08,0.3,0.5,0.9,0.001,0.198,0,1.1,50.5,0
"2370",2026-10-08,8.8,5.7,3.7,0.005,0.501,0,12.5,236.3,0
"23701",2026-10-08,0.4,2.7,0.6,0,0.003,0,1,34.6,0
"23702",2026-10-08,0.3,0.5,0.5,0,0.005,0,0.8,36.2,0
"23703",2026-10-08,0.3,0.4,0.4,0,0.006,0,0.7,37.5,0
"23704",2026-10-08,0.4,0.5,0.6,0,0.007,0,0.9,42.9,0
"23705",2026-10-08,0.6,1,0.9,0,0.006,0,1.5,25.5,0
"23706",2026-10-08,0.9,1.5,4.3,0.002,0.01,0,5.2,107.5,0
"23707",2026-10-08,0.9,4.2,1.7,0.002,0.004,0,2.6,10.5,0
"23708",2026-10-08,0.6,2.8,1,0.001,0.003,0,1.5,4.9,0
"23709",2026-10-08,0.3,0.7,0.7,0.001,0.003,0,1,5.2,0
"23714",2026-10-08,0,0,0,0,NA,NA,0,36.7,0
"23715",2026-10-08,0,0.1,0,0.001,0.133,0,0.1,41.4,0
"23716",2026-10-08,0.1,0.1,0.1,0.001,0.018,0,0.1,18.7,0
"23717",2026-10-08,0.1,0.3,0.5,0.001,0.008,0,0.6,22.3,0
"23718",2026-10-08,0.1,0.3,0.2,0.001,0.153,0,0.3,18,0
"23721",2026-10-08,0.9,2.9,2.9,0.017,0.695,0,3.8,12.9,0
"2377",2026-10-08,0,0,0,0.005,0.667,0,0,336.3,0
"2378",2026-10-08,0,0,0,0.005,0.841,0,0,267.5,0
"2379",2026-10-08,0,3.1,0,0.002,0.611,0,0,212.4,0
"2380",2026-10-08,0,0.7,0,0.004,0.594,0,0,205.4,0
"2381",2026-10-08,0,0,0.3,0.004,0.815,0,0.3,369.8,0
"2382",2026-10-08,0,0.3,0.3,0.001,0.153,0,0.3,396.3,0
"2383",2026-10-08,0,1.4,0.5,0.003,0.335,0,0.5,566.2,0
"2384",2026-10-08,0,1.2,0.5,0.003,0.391,0,0.5,599.8,0
"2385",2026-10-08,0,1.1,1.1,0.003,0.103,0,1.1,638.1,0
"2386",2026-10-08,0,0,0,0,NA,NA,0,183.7,0
"23865",2026-10-08,5.6,21.7,21.7,0.001,0.009,0,27.2,110.4,0
"23866",2026-10-08,5.8,21.2,9.7,0.001,0.016,0,15.5,60.3,0
"23867",2026-10-08,5.5,45.9,5,0,0.285,0,10.5,67.1,0
"2387",2026-10-08,0,0,1.2,0,NA,NA,1.2,0.1,1
"23875",2026-10-08,11.9,8.9,46.8,0.001,0,1,58.7,6.4,1
"23876",2026-10-08,11.4,28,40,0.001,0,1,51.4,3,1
"23877",2026-10-08,14.6,26,45.5,0.001,0.104,0,60.1,1.7,1
"23878",2026-10-08,13.9,44.7,41.4,0,0.022,0,55.3,320.6,0
"23879",2026-10-08,10.6,41.1,27.7,0,0.02,0,38.3,294.3,0
"23880",2026-10-08,8.9,23.9,18.1,0.001,0.008,0,26.9,0.7,1
"23881",2026-10-08,8.3,23.1,50.1,0.001,0.001,1,58.4,9.5,1
"23882",2026-10-08,8.6,24.3,19.2,0.001,0.001,1,27.8,0.7,1
"23883",2026-10-08,10,28.9,8.1,0.001,0.021,0,18.1,226.5,0
"23884",2026-10-08,11.5,97.9,8.9,0.002,0.002,1,20.4,34.3,0
"23885",2026-10-08,11.5,8.6,8.6,0.001,0.001,0,20.1,58,0
"23886",2026-10-08,10.8,8.2,8.2,0.001,0.002,0,19,77.4,0
"23887",2026-10-08,9.3,92,7.4,0.002,0.004,0,16.7,75.7,0
"23889",2026-10-08,1.9,1.8,1.8,0.002,0.028,0,3.7,19.2,0
"23890",2026-10-08,0.6,6.9,0.5,0.001,0.047,0,1.1,17.3,0
"23891",2026-10-08,0.4,0.4,7.6,0,0.071,0,7.9,1.3,1
"23892",2026-10-08,0.4,7.6,7.6,0,0,1,8,0.5,1
"23902",2026-10-08,0.1,0.2,0.2,0.001,0.006,0,0.3,11.8,0
"23903",2026-10-08,0.1,2.5,2.5,0,0.117,0,2.7,106.9,0
"23904",2026-10-08,0.2,0.3,0.2,0,0.192,0,0.4,42,0
"23905",2026-10-08,0.2,0.8,0.3,0.002,0.343,0,0.6,41.5,0
"23906",2026-10-08,0.3,0.5,0.4,0.002,0.375,0,0.6,37.7,0
"23911",2026-10-08,0.2,1.9,0.4,0,0.003,0,0.6,33.8,0
"23912",2026-10-08,0,0,0,0,0.078,0,0,97.5,0
"23913",2026-10-08,0.2,0.4,1.6,0,0.05,0,1.8,131.6,0
"23914",2026-10-08,0.3,0.5,0.5,0,0.01,0,0.8,35.5,0
"23915",2026-10-08,0.5,0.9,0.9,0,0.009,0,1.4,29.6,0
"23916",2026-10-08,0.9,1.4,1.4,0.001,0.349,0,2.3,14.9,0
"23917",2026-10-08,1.1,5.4,5.4,0.002,0.009,0,6.5,18.3,0
"23918",2026-10-08,0.8,3.6,1.3,0.001,0.003,0,2.1,4.4,0
"23922",2026-10-08,0.3,2.2,1.1,0.001,0.128,0,1.3,52.8,0
"23923",2026-10-08,0.3,1,0.5,0.001,0.111,0,0.7,33.4,0
"23924",2026-10-08,0,0.1,0,0.001,0.098,0,0,39.9,0
"23925",2026-10-08,0,0,0,0.001,0.044,0,0,23.3,0
"23926",2026-10-08,0,0.1,0,0.001,0.102,0,0,29,0
"23927",2026-10-08,0.1,0.1,0.1,0.001,0.02,0,0.2,11.6,0
"23928",2026-10-08,0.1,0.1,0.2,0.001,0.007,0,0.3,32.6,0
"23930",2026-10-08,0.3,0.4,1,0.001,0.006,0,1.3,23.8,0
"2395",2026-10-08,0,0.6,0,0.001,0.299,0,0,5,0
"24075",2026-10-08,4.4,54.7,54.7,0.001,0.002,0,59.1,108.1,0
"24076",2026-10-08,5.3,19.5,12.2,0.001,0.013,0,17.5,87.5,0
"24077",2026-10-08,5.7,12.3,5.2,0,0.154,0,11,68.5,0
"24085",2026-10-08,12.4,46.5,46.5,0,0.051,0,58.9,5,1
"24086",2026-10-08,10.6,23.4,33.8,0.001,0,1,44.4,1.5,1
"24087",2026-10-08,11.8,18.6,8.1,0.001,0.117,0,19.9,175.4,0
"24088",2026-10-08,11.7,19.2,8.3,0.001,0.019,0,20,183.8,0
"24089",2026-10-08,10.4,18,24.7,0.001,0.001,1,35.1,275.7,0
"24090",2026-10-08,9.6,17.6,38.8,0.002,0.001,1,48.4,9.2,1
"24091",2026-10-08,8.2,21.3,44,0.001,0.001,1,52.2,9.3,1
"24092",2026-10-08,7.3,19.7,45.4,0.001,0.001,1,52.8,12.6,1
"24093",2026-10-08,8.4,23.3,58.1,0.002,0.001,1,66.5,22.7,1
"24097",2026-10-08,12.8,131.3,28.4,0.003,0.011,0,41.2,243.9,0
"24098",2026-10-08,9,100.7,19.7,0.003,0.02,0,28.8,178.6,0
"24099",2026-10-08,4.4,48.4,4.1,0.003,0.062,0,8.6,33.8,0
"24101",2026-10-08,0.5,4.7,5.1,0,0,1,5.6,0.7,1
"24109",2026-10-08,0.2,0.3,0.3,0,0.235,0,0.4,55.4,0
"24110",2026-10-08,0.2,0.3,0.3,0,0.267,0,0.5,52.5,0
"24112",2026-10-08,0.3,3.7,3.8,0,0.007,0,4.1,100,0
"24113",2026-10-08,0.1,2.6,0.1,0,0.059,0,0.3,52.5,0
"24114",2026-10-08,0.1,1.7,0.1,0,0.113,0,0.2,43.2,0
"24115",2026-10-08,0.3,0.4,2.7,0,0.073,0,3,110.9,0
"24116",2026-10-08,0.3,0.4,0.3,0.001,0.245,0,0.6,45.5,0
"24121",2026-10-08,0.2,0.4,0.7,0.001,0.008,0,1,94.7,0
"24122",2026-10-08,0.2,0.3,0.3,0,0.022,0,0.5,34.6,0
"24123",2026-10-08,0.3,0.5,2.3,0.001,0.011,0,2.6,110.3,0
"24124",2026-10-08,0.5,3.3,3.3,0,0.132,0,3.8,127,0
"24125",2026-10-08,0.6,3.4,3.4,0,0.132,0,4,129.9,0
"24126",2026-10-08,0.7,1.2,4.2,0.001,0.211,0,4.9,125.8,0
"24133",2026-10-08,0,0.1,0.1,0.001,0.02,0,0.1,29.5,0
"24134",2026-10-08,0,0.2,0,0.001,0.092,0,0.1,42.6,0
"24135",2026-10-08,0,0.1,0,0.001,0.101,0,0.1,40.1,0
"24136",2026-10-08,0,0.1,0.1,0.001,0.068,0,0.1,77.6,0
"24137",2026-10-08,0.1,0.1,0.2,0.001,0.007,0,0.3,72.2,0
"24140",2026-10-08,0.2,0.2,0.6,0,0.041,0,0.8,44.2,0
"24284",2026-10-08,4.4,12.1,53.9,0.001,0.008,0,58.3,102.1,0
"24285",2026-10-08,6,14.9,60.9,0.001,0.01,0,66.9,123,0
"24286",2026-10-08,7.4,27.5,16.9,0.002,0.014,0,24.3,96.3,0
"24287",2026-10-08,8,26.9,7.3,0.002,0.061,0,15.3,90.7,0
"24288",2026-10-08,8,6.7,6.7,0,0.544,0,14.7,86.6,0
"24296",2026-10-08,8.2,15.5,37.7,0.001,0,1,45.8,5.8,1
"24297",2026-10-08,7.7,10.3,4.5,0.001,0.205,0,12.2,164.8,0
"24298",2026-10-08,8.9,32,27,0.001,0.001,1,35.9,0.7,1
"24299",2026-10-08,10.6,22.3,33.8,0.002,0.001,1,44.3,1.4,1
"24300",2026-10-08,10.1,16.5,37.5,0.001,0.001,1,47.6,7.3,1
"24301",2026-10-08,8.4,20.1,43.3,0.001,0.001,1,51.7,11.2,1
"24302",2026-10-08,7.4,18.6,46,0.001,0.001,1,53.3,14.7,1
"24303",2026-10-08,6.5,42.4,52.8,0.001,0.001,1,59.3,20.7,1
"24308",2026-10-08,12.8,141.9,26.9,0.003,0.011,0,39.7,238.4,0
"24311",2026-10-08,0.9,0.9,0.9,0,0.067,0,1.7,23.1,0
"24312",2026-10-08,0.6,0.8,0.6,0,0.21,0,1.1,21.9,0
"24313",2026-10-08,0.3,0.4,0.3,0,0.011,0,0.6,19.3,0
"24320",2026-10-08,0.1,0.1,0.1,0,0.172,0,0.1,64.1,0
"24321",2026-10-08,0.2,0.4,5.9,0.001,0.113,0,6.1,113.1,0
"24322",2026-10-08,0.2,3.9,3.9,0,0.355,0,4.1,80,0
"24323",2026-10-08,0.2,3.1,0.3,0,0.034,0,0.5,62.7,0
"24330",2026-10-08,0.1,1.3,1.3,0,0.08,0,1.4,123.8,0
"24331",2026-10-08,0.2,1.6,1.6,0.001,0.052,0,1.8,126.7,0
"24332",2026-10-08,0.3,0.4,2.6,0.003,0.03,0,2.9,122.5,0
"24333",2026-10-08,0.5,0.8,3.9,0.004,0.019,0,4.5,134.5,0
"24334",2026-10-08,0.8,4.8,4.8,0.003,0.013,0,5.5,114.2,0
"24335",2026-10-08,0.7,3.3,3.3,0.003,0.094,0,4,86.4,0
"24342",2026-10-08,0,1,1,0.001,0.208,0,1,67.7,0
"24343",2026-10-08,0.3,0.4,0.4,0.001,0.012,0,0.7,49.3,0
"24344",2026-10-08,0.1,0.3,0.1,0.001,0.096,0,0.1,47.3,0
"24345",2026-10-08,0.1,0.3,0.1,0.001,0.076,0,0.2,41.5,0
"24346",2026-10-08,0.1,0.4,0.4,0.001,0.047,0,0.5,79.4,0
"24493",2026-10-08,4.1,14.4,51.4,0.001,0.005,0,55.4,67.1,0
"24494",2026-10-08,5.5,16,16,0.001,0.004,0,21.5,49.4,0
"24495",2026-10-08,7.6,19,19,0.001,0.004,0,26.6,53.2,0
"24496",2026-10-08,9.3,21,34.6,0.001,0.004,0,43.9,117.6,0
"24497",2026-10-08,11,36.3,9.9,0.002,0.156,0,20.9,107,0
"24498",2026-10-08,9.7,29,8,0,0.552,0,17.7,115.1,0
"24506",2026-10-08,8,34.6,26.5,0,0,1,34.5,2.8,1
"24507",2026-10-08,8.8,35.3,35.3,0.001,0.001,1,44,4.2,1
"24508",2026-10-08,10.6,34.8,5.4,0.001,0,1,16,147.3,0
"24509",2026-10-08,11.9,21.5,32,0.001,0.001,1,43.9,0.4,1
"24510",2026-10-08,10.8,21.4,21.4,0.001,0.01,0,32.1,318.2,0
"24511",2026-10-08,8.4,18.2,43.5,0.001,0.001,1,51.9,13.2,1
"24512",2026-10-08,7.4,17.3,46.3,0.001,0.001,1,53.7,15.9,1
"24513",2026-10-08,6.1,54.9,54.9,0.001,0.001,1,61,16.3,1
"24514",2026-10-08,5.4,67.3,67.3,0.001,0.001,1,72.7,20.1,1
"24515",2026-10-08,6.6,58.2,72.3,0.001,0.001,1,78.8,46.3,1
"24516",2026-10-08,10.2,71.3,84.8,0.001,0.001,1,95,41.6,1
"24517",2026-10-08,12.4,11.2,107.2,0.001,0.001,1,119.6,45.7,1
"24518",2026-10-08,11.6,10.9,129,0.001,0.002,0,140.7,41.2,1
"24519",2026-10-08,11.1,10.8,130.2,0.001,0.003,0,141.3,25.5,1
"24520",2026-10-08,5,5,60.8,0.001,0.003,0,65.8,6.9,1
"24521",2026-10-08,1.7,1.8,15.9,0,0.015,0,17.6,0.2,1
"24522",2026-10-08,0.9,0.9,0.9,0.001,0.096,0,1.8,29,0
"24523",2026-10-08,0.4,0.6,0.4,0.001,0.014,0,0.8,26.1,0
"24524",2026-10-08,0.2,0.3,0.3,0,0.134,0,0.5,20.9,0
"24530",2026-10-08,0.2,5.4,5.4,0.001,0.056,0,5.6,123.2,0
"24531",2026-10-08,0.2,4.7,4.7,0,0.563,0,4.8,97.9,0
"24532",2026-10-08,0.1,2.2,2.2,0.001,0.221,0,2.3,87.1,0
"24533",2026-10-08,0.1,1.8,1.7,0,0.074,0,1.8,114.2,0
"24540",2026-10-08,0.2,1.5,0.7,0,0.252,0,0.9,104.3,0
"24541",2026-10-08,0.2,2,2,0.001,0.167,0,2.2,171.8,0
"24542",2026-10-08,0.3,3.6,3.6,0.002,0.122,0,3.9,171.5,0
"24543",2026-10-08,0.6,0.9,4.9,0.003,0.021,0,5.5,129.2,0
"24544",2026-10-08,0.9,1.4,7.3,0.004,0.016,0,8.2,123.1,0
"24545",2026-10-08,0.9,5,4.7,0.001,0.045,0,5.7,77.1,0
"24546",2026-10-08,0.6,2.8,2.8,0,0.238,0,3.3,137,0
"24551",2026-10-08,0,1.1,1.1,0.001,0.243,0,1.2,72.3,0
"24552",2026-10-08,0,1.4,1.4,0.001,0.216,0,1.5,77.7,0
"24553",2026-10-08,0.2,0.3,0.3,0.001,0.014,0,0.5,39.9,0
"24554",2026-10-08,0.7,1.8,0.9,0.001,0.061,0,1.6,50.4,0
"24555",2026-10-08,1,2.4,1.2,0.001,0.062,0,2.2,49,0
"24703",2026-10-08,3.9,15.4,8.6,0.001,0.006,0,12.6,17.7,0
"24704",2026-10-08,5.3,15.7,15.7,0.002,0.003,0,21,43.6,0
"24705",2026-10-08,6.4,16.2,28,0.001,0.004,0,34.5,65.4,0
"24706",2026-10-08,8,29.6,46.4,0.001,0.004,0,54.4,101.5,0
"24707",2026-10-08,9.8,31.6,8.7,0.002,0.145,0,18.5,95.2,0
"24708",2026-10-08,8.7,6.9,6.9,0,0.666,0,15.6,115.4,0
"24716",2026-10-08,10.7,29.3,23.2,0.001,0.001,1,33.9,1.6,1
"24717",2026-10-08,11.3,32.7,32.7,0.001,0.001,1,44,4.6,1
"24718",2026-10-08,13.6,37.3,37.3,0.001,0,1,50.9,4.2,1
"24719",2026-10-08,13.7,40.9,20.3,0.001,0.001,1,34,0.2,1
"24720",2026-10-08,11.6,13.8,6.1,0.001,0.001,1,17.7,118.7,0
"24721",2026-10-08,8.4,16.3,5.1,0.002,0.001,1,13.5,115.3,0
"24722",2026-10-08,7.1,47,4.8,0.001,0.001,1,11.9,136.4,0
"24723",2026-10-08,6.3,58.3,4.6,0,0,1,10.9,121.2,0
"24724",2026-10-08,5.4,71.6,4.2,0.001,0.024,0,9.6,154.2,0
"24725",2026-10-08,6.5,64,80,0.001,0.001,1,86.5,45.2,1
"24726",2026-10-08,10,73.2,87.3,0.001,0.001,1,97.3,35.2,1
"24727",2026-10-08,11,10,94.4,0.001,0.001,1,105.4,37.1,1
"24728",2026-10-08,9.8,9.3,103.6,0.001,0.003,0,113.4,39.5,1
"24729",2026-10-08,9.8,9.6,113.6,0.001,0.003,0,123.4,30.5,1
"24730",2026-10-08,6.3,6.4,74.1,0.001,0.002,0,80.4,3.9,1
"24731",2026-10-08,3.2,3.4,35.2,0.001,0.002,0,38.4,1.5,1
"24732",2026-10-08,1.6,1.7,1.7,0.001,0.008,0,3.4,28.4,0
"24733",2026-10-08,0.5,0.6,0.6,0.001,0.051,0,1.1,25.9,0
"24740",2026-10-08,0.2,3.9,3.9,0,0.301,0,4.2,98.7,0
"24741",2026-10-08,0.2,4,0.2,0,0.22,0,0.3,28.7,0
"24742",2026-10-08,0.1,3.4,3.4,0,0.265,0,3.5,71.8,0
"24743",2026-10-08,0.2,2.5,2.6,0.001,0.122,0,2.8,101.8,0
"24750",2026-10-08,0.4,2.8,2.8,0.001,0.154,0,3.2,192.4,0
"24751",2026-10-08,0,1.4,1.4,0.002,0.037,0,1.5,134.7,0
"24752",2026-10-08,0.3,1.1,1.1,0.001,0.047,0,1.4,70.9,0
"24753",2026-10-08,0.5,0.7,4.8,0.002,0.271,0,5.4,108.9,0
"24754",2026-10-08,1,1.5,8.1,0.002,0.217,0,9.1,95.6,0
"24755",2026-10-08,1.4,2.1,2.1,0.003,0.291,0,3.5,48.9,0
"24760",2026-10-08,0.6,2.3,2.3,0.001,0.201,0,2.8,83.8,0
"24761",2026-10-08,0,1.1,1.1,0,0.424,0,1.1,73.2,0
"24762",2026-10-08,0.2,1.7,1.7,0,0.391,0,1.9,94.2,0
"24763",2026-10-08,0.4,0.5,1.6,0.001,0.02,0,2,72.9,0
"24764",2026-10-08,0.7,2.2,0.9,0.001,0.037,0,1.6,62.5,0
"24913",2026-10-08,2.8,11.2,6.4,0.001,0.548,0,9.2,93,0
"24914",2026-10-08,3.5,10.5,7.7,0.002,0.005,0,11.3,35.9,0
"24915",2026-10-08,3.8,9.4,33.7,0.002,0.001,1,37.5,74.8,0
"24916",2026-10-08,5.3,19.4,35.1,0.001,0.004,0,40.4,92.9,0
"24917",2026-10-08,7,33.5,6,0.001,0.08,0,13,76.4,0
"24918",2026-10-08,6.5,34.1,5,0,0.663,0,11.5,90.8,0
"24926",2026-10-08,16.6,12.8,20.4,0.001,0.001,1,37,0.6,1
"24927",2026-10-08,14.1,26.8,26.8,0.001,0,1,40.8,2.1,1
"24928",2026-10-08,18,34.4,34.4,0.002,0.001,1,52.4,1.8,1
"24929",2026-10-08,16.9,40.7,40.7,0.001,0.001,1,57.7,1.9,1
"24930",2026-10-08,11.1,10.8,4.9,0.001,0.001,1,16,127.3,0
"24931",2026-10-08,7.9,9.3,4.2,0.002,0.001,1,12.1,118.4,0
"24935",2026-10-08,7.6,19.1,62.9,0.001,0.001,1,70.5,14.5,1
"24936",2026-10-08,11.1,29.5,87.6,0.001,0.001,1,98.7,26.4,1
"24937",2026-10-08,11.2,10.2,83.4,0.001,0.001,1,94.6,24,1
"24938",2026-10-08,8.5,8.1,79,0.001,0.003,0,87.5,27.5,1
"24939",2026-10-08,6.8,6.7,6.7,0.001,0.016,0,13.5,166.8,0
"24940",2026-10-08,6.4,6.6,6.6,0.001,0.015,0,13,146.4,0
"24941",2026-10-08,5,5.2,5.2,0.001,0.025,0,10.3,124.5,0
"24942",2026-10-08,2.9,46.8,3.1,0.001,0.034,0,6,102.8,0
"24943",2026-10-08,1,1.1,27.1,0.001,0.01,0,28.1,229.3,0
"24944",2026-10-08,0.3,18.2,19,0,0.01,0,19.2,116.5,0
"24950",2026-10-08,0.3,6.3,6.3,0,0.321,0,6.7,98.7,0
"24951",2026-10-08,0.2,6.5,6.5,0,0.373,0,6.7,85.8,0
"24952",2026-10-08,0.1,5.6,5.6,0,0.281,0,5.7,102.9,0
"24953",2026-10-08,0.1,0.5,0.5,0.001,0.019,0,0.6,56.7,0
"24954",2026-10-08,0.1,0.2,1.9,0.007,0.216,0,2,143.7,0
"24961",2026-10-08,0.3,3,1.3,0.001,0.088,0,1.6,69.5,0
"24962",2026-10-08,0.5,1.6,0.6,0.002,0.107,0,1.1,34.1,0
"24963",2026-10-08,0.7,1.1,4.7,0.002,0.21,0,5.4,90.1,0
"24964",2026-10-08,1.2,1.8,7,0.002,0.041,0,8.2,80.7,0
"24965",2026-10-08,1.8,2.7,7.9,0.003,0.248,0,9.7,88.7,0
"24967",2026-10-08,0.8,1.3,1.3,0.003,0.034,0,2.1,13.4,0
"24970",2026-10-08,1.3,4.8,2.5,0.001,0.18,0,3.8,21.9,0
"24971",2026-10-08,0.6,2.5,2.5,0.001,0.371,0,3.1,101.5,0
"24972",2026-10-08,0.5,2.2,2.2,0.001,0.288,0,2.7,119.8,0
"24974",2026-10-08,0.7,2.4,0.8,0.001,0.096,0,1.5,58,0
"25124",2026-10-08,2.6,33.2,33.2,0.001,0.001,1,35.9,66.8,0
"25125",2026-10-08,2.7,30.7,3.1,0.002,0.006,0,5.8,27.3,0
"25126",2026-10-08,4,32.9,3.9,0.002,0.014,0,8,40.7,0
"25127",2026-10-08,6.1,33.2,5.1,0.002,0.033,0,11.2,60.9,0
"25128",2026-10-08,5.7,31.8,4.2,0,0.413,0,9.9,74.5,0
"25129",2026-10-08,5.4,3.5,3.5,0,0.049,0,8.9,73.4,0
"25137",2026-10-08,18.8,8.3,18.9,0.001,0,1,37.7,2.1,1
"25138",2026-10-08,23.5,29.5,29.5,0.002,0.001,1,53,1.7,1
"25146",2026-10-08,11.8,14.4,90.3,0.001,0.001,1,102,26,1
"25147",2026-10-08,11.6,31.5,81.9,0.001,0.001,1,93.5,23.9,1
"25148",2026-10-08,8,7.6,64.5,0.001,0.002,0,72.5,19.6,1
"25149",2026-10-08,5.2,5.1,5.1,0.001,0.019,0,10.2,142.8,0
"25150",2026-10-08,5.3,5.4,5.4,0.001,0.014,0,10.7,117.9,0
"25151",2026-10-08,4.8,5,5,0.001,0.018,0,9.8,120.4,0
"25152",2026-10-08,3.3,3.5,3.5,0.001,0.051,0,6.8,107.7,0
"25153",2026-10-08,1.4,4.3,41.7,0.001,0.001,1,43.1,280,0
"25154",2026-10-08,0.5,21.9,0.5,0,0.004,0,1,22.5,0
"25155",2026-10-08,0.1,0.2,0.1,0,0.085,0,0.3,19.6,0
"25159",2026-10-08,0.5,11.8,11.8,0.001,0.131,0,12.3,133.1,0
"25160",2026-10-08,0.3,8.6,8.6,0,0.306,0,8.9,119.6,0
"25161",2026-10-08,0.2,7.9,7.9,0,0.544,0,8.1,110.2,0
"25162",2026-10-08,0.2,6.1,6.1,0,0.437,0,6.3,119.9,0
"25163",2026-10-08,0.2,4.1,0.3,0.001,0.595,0,0.5,25.3,0
"25164",2026-10-08,0.1,0.1,0.1,0.006,0.28,0,0.2,30.5,0
"25165",2026-10-08,0.1,0.5,0.5,0.001,0.084,0,0.6,65.1,0
"25171",2026-10-08,0.6,5.6,5.6,0.001,0.039,0,6.2,121.2,0
"25173",2026-10-08,0.9,1.4,5.7,0.002,0.226,0,6.6,109.8,0
"25174",2026-10-08,1.2,1.8,2,0.002,0.046,0,3.2,50.2,0
"25175",2026-10-08,1.5,2.3,6.9,0.002,0.033,0,8.4,85.4,0
"25176",2026-10-08,1.3,2,2,0.004,0.04,0,3.3,12.6,0
"25177",2026-10-08,0.8,1.4,1.4,0.003,0.046,0,2.2,11.8,0
"25334",2026-10-08,2.9,37,3.8,0.002,0.004,0,6.6,30.7,0
"25335",2026-10-08,2.7,36.2,3,0.002,0.005,0,5.8,27.9,0
"25336",2026-10-08,4.1,61.7,3.8,0.001,0.005,0,7.9,33.5,0
"25337",2026-10-08,6.3,57.1,5.1,0.001,0.011,0,11.4,45.4,0
"25338",2026-10-08,5.9,39,4.2,0.001,0.023,0,10.1,56.6,0
"25339",2026-10-08,5.4,3.3,3.3,0.001,0.012,0,8.7,58,0
"25358",2026-10-08,9.3,8.8,63.7,0.001,0.001,1,73,16.4,1
"25359",2026-10-08,5.8,5.7,5.7,0.001,0.02,0,11.5,125.1,0
"25360",2026-10-08,4.3,4.4,4.4,0.001,0.037,0,8.6,117.8,0
"25361",2026-10-08,3.5,3.7,3.7,0.001,0.086,0,7.2,134.7,0
"25362",2026-10-08,2.7,72.6,2.9,0.001,0.062,0,5.7,120.9,0
"25363",2026-10-08,1.9,53.8,2.7,0,0.003,0,4.6,73.7,0
"25369",2026-10-08,0.6,1.1,1.8,0.001,0.009,0,2.4,49.8,0
"25370",2026-10-08,0.2,0.3,0.3,0.001,0.013,0,0.5,37.9,0
"25371",2026-10-08,0.1,0.2,7.3,0.001,0.017,0,7.4,98.9,0
"25372",2026-10-08,0.3,6,6,0,0.12,0,6.3,132,0
"25373",2026-10-08,0.3,0.9,0.9,0.001,0.495,0,1.1,67.3,0
"25374",2026-10-08,0.3,3.8,0.6,0,0.127,0,0.9,69.3,0
"25375",2026-10-08,0.3,1,0.6,0,0.639,0,0.9,61.3,0
"25383",2026-10-08,0.8,1.2,1.3,0.002,0.04,0,2.1,48.5,0
"25384",2026-10-08,0.7,1.1,1.1,0.002,0.027,0,1.8,43.2,0
"25385",2026-10-08,0.7,1,5.8,0.002,0.036,0,6.5,73.1,0
"25387",2026-10-08,0.6,1.1,1.1,0.001,0.008,0,1.8,12.8,0
"25390",2026-10-08,0.4,4.4,4.4,0.002,0.116,0,4.8,45.7,0
"25545",2026-10-08,4.1,6.6,4.2,0.002,0.061,0,8.3,148.7,0
"25546",2026-10-08,5,69,4.5,0.001,0.004,0,9.4,33.3,0
"25547",2026-10-08,6.7,62.8,5.3,0.001,0.003,0,12.1,32.6,0
"25548",2026-10-08,6.8,16.9,4.7,0.001,0.004,0,11.5,38.7,0
"25549",2026-10-08,6,3.6,3.6,0.001,0.004,0,9.5,46,0
"25570",2026-10-08,4.6,4.7,4.7,0.001,0.112,0,9.2,141,0
"25571",2026-10-08,3.4,3.6,3.6,0.001,0.111,0,7,120.8,0
"25572",2026-10-08,2.3,55,2.5,0.001,0.025,0,4.9,87.4,0
"25573",2026-10-08,2.2,53.9,2.4,0.001,0,1,4.6,86.5,0
"25582",2026-10-08,0.5,0.8,6.8,0.002,0.146,0,7.3,0.3,1
"25583",2026-10-08,0.4,4.2,4.2,0.001,0.083,0,4.7,95.4,0
"25584",2026-10-08,0.5,0.7,0.7,0.001,0.453,0,1.2,22.4,0
"25594",2026-10-08,0.4,0.6,0.5,0.001,0.007,0,0.9,21.6,0
"25595",2026-10-08,0.3,0.4,0.4,0.001,0.01,0,0.7,20.3,0
"25599",2026-10-08,0.5,2.6,1.5,0,0.171,0,2,53.9,0
"25757",2026-10-08,7.7,63.6,5.9,0.001,0.002,0,13.6,28.8,0
"25758",2026-10-08,6.8,16.6,4.6,0.001,0.003,0,11.3,33.5,0
"25759",2026-10-08,5.9,12.5,3.5,0.001,0.005,0,9.4,43.8,0
"25781",2026-10-08,3.7,3.9,3.9,0.001,0.086,0,7.6,107.7,0
"2579",2026-10-08,1.4,1,0.9,0.003,0.554,0,2.3,214.1,0
"25793",2026-10-08,0.6,5.1,5.1,0,0.108,0,5.6,97.2,0
"25804",2026-10-08,0.2,0.3,0.3,0.001,0.009,0,0.5,33.5,0
"25805",2026-10-08,0.4,0.5,0.5,0.001,0.02,0,0.9,44,0
"25806",2026-10-08,0.6,0.9,0.9,0.001,0.041,0,1.5,24.7,0
"2587",2026-10-08,0,0,0,0.005,0.551,0,0.1,247.3,0
"2588",2026-10-08,0,0,0,0.005,0.52,0,0.1,230.6,0
"2589",2026-10-08,0,7.5,0.8,0.002,0.551,0,0.9,377.1,0
"2590",2026-10-08,0,0.7,0,0.003,0.405,0,0.1,222.4,0
"2591",2026-10-08,0,0,0,0.007,0.823,0,0,176.7,0
"2592",2026-10-08,0,0,0,0.007,0.704,0,0,148.8,0
"2593",2026-10-08,0,0,0.5,0.003,0.048,0,0.5,487.6,0
"2594",2026-10-08,0,1.4,0.6,0.002,0.09,0,0.6,536.6,0
"2595",2026-10-08,0,1.2,0.7,0.002,0.115,0,0.7,430,0
"2596",2026-10-08,0,1.1,0.6,0.002,0.239,0,0.7,313.1,0
"25969",2026-10-08,6.4,6.2,3.8,0.001,0.007,0,10.1,44,0
"2597",2026-10-08,0,0,0,0,NA,NA,0,270.7,0
"2598",2026-10-08,0,0.4,0.9,0,NA,NA,0.9,0.1,1
"26016",2026-10-08,1,7,1.4,0.001,0.105,0,2.3,70.8,0
"26017",2026-10-08,0.9,5.3,1.4,0,0.136,0,2.3,61.4,0
"2605",2026-10-08,0,1.6,0,0.002,0.303,0,0,11.4,0
"2606",2026-10-08,0,0.4,0,0.002,0.03,0,0,11.5,0
"274",2026-10-08,0.1,0.3,0.2,0.002,0.018,0,0.3,32.2,0
"275",2026-10-08,0.1,0,0.2,0.002,0.431,0,0.3,49.5,0
"276",2026-10-08,0.1,1.7,1.7,0.004,0.367,0,1.8,202.8,0
"277",2026-10-08,0,0,0,0.004,0.294,0,0,59.1,0
"278",2026-10-08,0,0.1,0,0.002,0.004,0,0,0.7,0
"2797",2026-10-08,0,0,0.1,0.003,0.525,0,0.1,165.4,0
"2801",2026-10-08,0,2.8,0,0.002,0.441,0,0.1,183.4,0
"2802",2026-10-08,0,1.5,0.4,0.003,0.206,0,0.4,380.5,0
"2803",2026-10-08,0,1.6,0.5,0.003,0.42,0,0.6,514.7,0
"2804",2026-10-08,0.2,6.7,5.7,0.002,0.32,0,5.9,448.9,0
"2805",2026-10-08,0,0,1,0.002,0.337,0,1,463.9,0
"2806",2026-10-08,0,1.1,0,0.002,0.265,0,0,218.3,0
"2807",2026-10-08,0,0,0,0,NA,NA,0,274,0
"2815",2026-10-08,0,0.6,0,0.002,0.22,0,0,5.4,0
"2816",2026-10-08,0,0.3,0,0.004,0.574,0,0,28,0
"2817",2026-10-08,0,0.1,0.2,0.002,0.222,0,0.2,61.5,0
"3007",2026-10-08,0.4,1,1,0,0.892,0,1.4,165.8,0
"3011",2026-10-08,0.5,6.9,0.3,0.001,0.109,0,0.8,150.6,0
"3012",2026-10-08,0,0,2.3,0.003,0.94,0,2.3,513.5,0
"3013",2026-10-08,0,0,0,0.003,0.767,0,0,214.9,0
"3014",2026-10-08,0,0,0,0.002,0.226,0,0,226,0
"3015",2026-10-08,0,0,0,0.002,0.285,0,0,188.5,0
"3016",2026-10-08,0,0,0,0.002,0.22,0,0,252.2,0
"3023",2026-10-08,0,0.3,0,0.001,0.274,0,0,43.6,0
"3024",2026-10-08,0,0.2,0,0.003,0.224,0,0,35.3,0
"3025",2026-10-08,0,0.3,0,0.004,0.553,0,0,20.2,0
"3026",2026-10-08,0,0.2,0,0.003,0.221,0,0,14.4,0
"3217",2026-10-08,1.3,15.8,2.8,0.001,0.12,0,4,174.6,0
"3218",2026-10-08,0.8,15.7,28.2,0.001,0.118,0,29,220.8,0
"3221",2026-10-08,1.9,18.6,2.7,0.001,0.189,0,4.6,208.1,0
"3222",2026-10-08,0.3,7.2,0.4,0.001,0.225,0,0.8,146.8,0
"3223",2026-10-08,0,0,1.6,0.002,0.378,0,1.6,520.8,0
"3224",2026-10-08,0,0,1.7,0.002,0.429,0,1.7,493.2,0
"3225",2026-10-08,0,1.4,0,0.001,0.121,0,0,168.9,0
"3226",2026-10-08,0,0.6,0,0.002,0.184,0,0,138,0
"3233",2026-10-08,0,0.1,0.3,0.003,0.539,0,0.3,232.2,0
"3234",2026-10-08,0,0.2,0,0.003,0.815,0,0,156.6,0
"3235",2026-10-08,0,0.2,0,0.005,0.88,0,0,58.1,0
"3236",2026-10-08,0,0,0,0.005,0.976,0,0,27.5,0
"3238",2026-10-08,0,0,0,0.019,0.999,0,0,59,0
"3239",2026-10-08,0,0,0,0.01,0.753,0,0,37,0
"3240",2026-10-08,0,0.2,0,0.001,0.038,0,0,11.9,0
"3426",2026-10-08,2.1,0.4,0.4,0.002,0.01,0,2.5,26.5,0
"3427",2026-10-08,3.7,35.9,35.9,0.002,0.281,0,39.5,299.6,0
"3428",2026-10-08,1.2,13.3,13.3,0.002,0.003,0,14.5,27.3,0
"3431",2026-10-08,2,26.7,23.2,0.001,0.097,0,25.3,184.1,0
"3432",2026-10-08,0.9,21.9,19.6,0.002,0.123,0,20.5,159.4,0
"3433",2026-10-08,0.2,17.1,17.1,0.002,0.406,0,17.3,335.4,0
"3434",2026-10-08,0,2.1,2.1,0.002,0.401,0,2.1,315.9,0
"3435",2026-10-08,0,1.3,0,0.002,0.509,0,0,133.2,0
"3436",2026-10-08,0,0.7,0,0.002,0.172,0,0.1,98.7,0
"3437",2026-10-08,0,0.3,0.3,0.004,0.006,0,0.4,26.4,0
"3438",2026-10-08,0,0.6,0,0.005,0.007,0,0,13.2,0
"3442",2026-10-08,0,0.2,0.4,0.002,0.147,0,0.4,222.6,0
"3443",2026-10-08,0,0.1,0,0.002,0.414,0,0,101.5,0
"3444",2026-10-08,0,0,0,0.003,0.609,0,0,107.3,0
"3445",2026-10-08,0,0.3,0.3,0.004,0.664,0,0.3,195.4,0
"3446",2026-10-08,0,0.1,0.1,0.002,0.025,0,0.1,61.8,0
"3447",2026-10-08,0,0.1,0,0.003,0.698,0,0,23.7,0
"3448",2026-10-08,0,0.1,0,0.002,0.066,0,0,22.1,0
"3449",2026-10-08,0,0.1,0,0.003,0.401,0,0,48.8,0
"3450",2026-10-08,0,0.3,0,0.001,0.044,0,0,11.1,0
"3451",2026-10-08,0,0,0,0.002,0.727,0,0,13.8,0
"3635",2026-10-08,3.2,1.1,1.1,0.001,0.009,0,4.3,9.5,0
"3636",2026-10-08,3.3,0.7,0.7,0.001,0.008,0,4,13.3,0
"3637",2026-10-08,4.6,44.4,44.4,0.002,0.194,0,49,307.9,0
"3638",2026-10-08,3,27.7,49.5,0.003,0.003,0,52.5,229,0
"3639",2026-10-08,1.7,0.6,20.5,0.001,0.002,0,22.2,27.9,0
"3642",2026-10-08,1.5,33.1,0.6,0.003,0.647,0,2.1,85.8,0
"3643",2026-10-08,0.7,26.4,26.4,0.002,0.283,0,27.1,255.4,0
"3644",2026-10-08,0.4,19.5,0.5,0.004,0.968,0,1,245.8,0
"3645",2026-10-08,0.4,11.5,0.2,0.003,0.951,0,0.6,169.1,0
"3646",2026-10-08,0.4,6.1,0.1,0.002,0.49,0,0.5,62.9,0
"3647",2026-10-08,0.3,3.4,0.1,0.004,0.008,0,0.4,58.8,0
"3648",2026-10-08,0.1,0.5,0,0.004,0.009,0,0.1,26.6,0
"3649",2026-10-08,0.1,0.3,0,0.004,0.008,0,0.1,19.9,0
"3651",2026-10-08,0,0.2,0,0.002,0.04,0,0,70.2,0
"3652",2026-10-08,0,0,0,0.002,0.189,0,0,67.8,0
"3653",2026-10-08,0,0,0.2,0.002,0.395,0,0.2,152.6,0
"3655",2026-10-08,0,0.2,0.5,0.002,0.704,0,0.5,216.5,0
"3656",2026-10-08,0,0.2,0,0.002,0.785,0,0,71.7,0
"3657",2026-10-08,0,0.2,0,0.002,0.714,0,0,67.8,0
"3658",2026-10-08,0,0.3,0,0.002,0.23,0,0,24.3,0
"3659",2026-10-08,0,0.1,0,0.004,0.007,0,0,4.3,0
"3660",2026-10-08,0,0,0,0.003,0.007,0,0,3,0
"3661",2026-10-08,0,0,0,0.002,0.847,0,0,31.7,0
"3662",2026-10-08,0,0,0,0.001,0.979,0,0,8.2,0
"3846",2026-10-08,4.9,1.5,1.5,0.001,0.007,0,6.4,12.6,0
"3847",2026-10-08,6.1,69.3,69.3,0.002,0.07,0,75.4,289.4,0
"3848",2026-10-08,6.3,2.1,2.1,0.001,0.009,0,8.4,19.4,0
"3849",2026-10-08,4.2,1.6,44.2,0.002,0.003,0,48.4,28.7,1
"3852",2026-10-08,1,16.7,1.3,0.006,0.017,0,2.3,29.5,0
"3853",2026-10-08,0.7,16.2,0.3,0.006,0.011,0,1.1,23.8,0
"3854",2026-10-08,0.7,16.8,16.8,0.005,0.545,0,17.5,214.1,0
"3855",2026-10-08,1,16.5,0.5,0.006,0.339,0,1.5,72.1,0
"3856",2026-10-08,1.2,13.1,0.9,0.003,0.529,0,2.1,169.8,0
"3857",2026-10-08,1.2,9.9,0.4,0.004,0.007,0,1.6,86.3,0
"3858",2026-10-08,1.8,7.9,0.1,0.004,0.011,0,2,63.7,0
"3859",2026-10-08,2.2,6.6,6.4,0.004,0.06,0,8.6,224.2,0
"3864",2026-10-08,0.1,0.1,0.1,0.003,0.5,0,0.3,133.2,0
"3865",2026-10-08,0.2,1.7,0.2,0.002,0.754,0,0.4,109.4,0
"3866",2026-10-08,0.2,1.7,0.2,0.005,0.02,0,0.4,25.5,0
"3867",2026-10-08,0.1,1.1,0.1,0.002,0.209,0,0.2,95.6,0
"3868",2026-10-08,0,0,0.2,0.002,0.024,0,0.2,169.5,0
"3869",2026-10-08,0,0.1,0,0.002,0.881,0,0,26.4,0
"3870",2026-10-08,0,0,0,0.002,0.128,0,0,36.3,0
"3871",2026-10-08,0,0,0,0.002,0.01,0,0,34.5,0
"3872",2026-10-08,0,0,0,0,0.823,0,0,14.3,0
"3873",2026-10-08,0,0,0,0,0.467,0,0,20.1,0
"3874",2026-10-08,0,0,0.1,0.001,0.84,0,0.1,35.6,0
"3875",2026-10-08,0,0.1,0,0.002,0.824,0,0,13.7,0
"4058",2026-10-08,6.9,2.6,2.6,0.001,0.009,0,9.5,19.6,0
"4059",2026-10-08,6.6,61.7,53.3,0.008,0.015,0,60,105.1,0
"4060",2026-10-08,4.4,47.1,40.9,0.007,0.02,0,45.3,87.8,0
"4061",2026-10-08,1,13.2,1,0.002,0.014,0,2,29.5,0
"4062",2026-10-08,0.4,6,0.5,0.002,0.015,0,0.8,28.9,0
"4063",2026-10-08,0,5.2,0,0.002,0.147,0,0,79.8,0
"4064",2026-10-08,0.1,16.6,0.3,0.003,0.03,0,0.5,22.5,0
"4065",2026-10-08,1.6,25.4,0.9,0.005,0.181,0,2.4,47.5,0
"4066",2026-10-08,2.8,31,1.6,0.004,0.253,0,4.4,86.5,0
"4067",2026-10-08,2.9,24.2,0.8,0.004,0.283,0,3.7,67.5,0
"4068",2026-10-08,4.8,21.7,0.3,0.005,0.101,0,5.1,61.5,0
"4069",2026-10-08,6,19,0.1,0.006,0.058,0,6.1,62.3,0
"4070",2026-10-08,2.2,8.1,7.6,0.006,0.244,0,9.8,180.7,0
"4073",2026-10-08,1.1,6.4,6.4,0.002,0.029,0,7.5,75.2,0
"4074",2026-10-08,0.1,2.3,1.6,0.002,0.098,0,1.7,271.1,0
"4075",2026-10-08,0.1,1.9,0.3,0.002,0.706,0,0.4,216.4,0
"4076",2026-10-08,0.1,1.1,0.2,0.002,0.848,0,0.3,243.5,0
"4077",2026-10-08,0,0,0,0.003,0.779,0,0,134,0
"4078",2026-10-08,0,0,0.1,0.002,0.085,0,0.1,195.6,0
"4079",2026-10-08,0,0.1,0,0.002,0.007,0,0,70.3,0
"4080",2026-10-08,0,0,0,0.002,0.796,0,0,33.2,0
"4082",2026-10-08,0,0,0,0,0.637,0,0,33.2,0
"4083",2026-10-08,0,0,0,0.001,0.059,0,0,49,0
"4084",2026-10-08,0,0,0,0,0.102,0,0.1,48,0
"4085",2026-10-08,0,0,0,0.001,0.7,0,0,20.1,0
"4087",2026-10-08,0,0,0,0.001,0.003,0,0,8.4,0
"4270",2026-10-08,6.9,67.1,3.2,0.005,0.005,1,10.1,17.8,0
"4271",2026-10-08,3.6,39.1,1.9,0.003,0.031,0,5.5,26.5,0
"4272",2026-10-08,2,24.6,37.4,0.002,0.001,1,39.4,2.9,1
"4273",2026-10-08,1.3,18.8,24.9,0.002,0.066,0,26.1,0.8,1
"4274",2026-10-08,1.1,18.7,26.6,0.002,0.03,0,27.7,0.2,1
"4275",2026-10-08,2.4,1,52.8,0.002,0.226,0,55.2,0.3,1
"4276",2026-10-08,2.8,33.7,37.5,0.006,0.065,0,40.2,152.7,0
"4279",2026-10-08,2.9,10.3,0.3,0.004,0.044,0,3.1,54.5,0
"4281",2026-10-08,5.1,1,1,0.007,0.013,0,6.1,8.2,0
"4282",2026-10-08,7.7,1.4,21,0.009,0.007,1,28.7,73.1,0
"4283",2026-10-08,4.8,6.5,6.5,0.002,0.312,0,11.3,248.5,0
"4284",2026-10-08,0.5,2.3,7,0.002,0.526,0,7.5,300,0
"4285",2026-10-08,0.1,1.2,3.8,0.001,0.006,0,3.9,349.4,0
"4286",2026-10-08,0.1,1.4,0.2,0.001,0.711,0,0.4,203.9,0
"4287",2026-10-08,0,0,0.1,0.003,0.915,0,0.1,235.4,0
"4288",2026-10-08,0.1,0.5,0.7,0.003,0.009,0,0.9,240.4,0
"4289",2026-10-08,0,0.2,0.2,0.002,0.205,0,0.2,144.1,0
"4290",2026-10-08,0,0.1,0,0.002,0.063,0,0,59.1,0
"4291",2026-10-08,0,0,0,0.002,0.969,0,0,15.5,0
"4293",2026-10-08,0,0,0,0.002,0.015,0,0,2.1,0
"4294",2026-10-08,0,0,0,0,0.365,0,0,40,0
"4296",2026-10-08,0,0,0,0.001,0.368,0,0,7.4,0
"4297",2026-10-08,0,0,0,0.001,0.502,0,0,6.3,0
"4298",2026-10-08,0,0,0,0.001,0.116,0,0,16.5,0
"4480",2026-10-08,7.6,66.4,95.5,0.002,0.001,1,103.1,5.9,1
"4481",2026-10-08,6.3,59.8,83.5,0.003,0.001,1,89.7,5.1,1
"4482",2026-10-08,4,40.3,54.9,0.002,0.001,1,58.9,4.6,1
"4483",2026-10-08,2.3,0.7,28.8,0,0,1,31.1,3.1,1
"4484",2026-10-08,1.9,0.5,24.2,0,0.009,0,26.1,3.2,1
"4485",2026-10-08,3.6,37.3,65,0.001,0.001,1,68.6,2.7,1
"4491",2026-10-08,4.6,15.2,18,0.002,0.1,0,22.6,302.5,0
"4492",2026-10-08,8,24.8,24.8,0.006,0.034,0,32.8,283.4,0
"4493",2026-10-08,6.6,17.2,9.1,0.002,0.341,0,15.7,175.8,0
"4494",2026-10-08,2,2.1,3.4,0.001,0.344,0,5.5,130.4,0
"4495",2026-10-08,0.6,4.7,4.1,0.001,0.076,0,4.7,237.4,0
"4496",2026-10-08,0.2,1.7,0.7,0.001,0.065,0,0.9,172.5,0
"4497",2026-10-08,0.2,1.2,1,0.002,0.228,0,1.2,323.5,0
"4498",2026-10-08,0.2,7.7,0.2,0,0.103,0,0.4,15.4,0
"4499",2026-10-08,0.2,0.1,0.1,0.003,0.779,0,0.3,139.3,0
"4510",2026-10-08,0,0,0,0.002,0.692,0,0,22,0
"4691",2026-10-08,4.2,4.3,1.6,0.001,0.008,0,5.8,47.8,0
"4692",2026-10-08,3.5,3.4,47.8,0.001,0.152,0,51.4,7.4,1
"4693",2026-10-08,3.5,1.1,32.2,0.001,0.195,0,35.7,4,1
"4694",2026-10-08,4,1.2,55.3,0.001,0.093,0,59.3,9.8,1
"4702",2026-10-08,5,3.5,1.2,0.001,0.672,0,6.1,104.4,0
"4703",2026-10-08,6.1,19.5,2,0.001,0.055,0,8,87.5,0
"4704",2026-10-08,3.4,13.2,1.6,0.001,0.59,0,5,97.6,0
"4705",2026-10-08,1.3,6.2,4.5,0.001,0.037,0,5.8,189.8,0
"4706",2026-10-08,0.5,2.7,5,0.001,0.071,0,5.5,336.3,0
"4707",2026-10-08,0.3,2,0.2,0.002,0.131,0,0.5,148.5,0
"4708",2026-10-08,0.5,2.7,0.3,0.002,0.341,0,0.8,124.4,0
"4709",2026-10-08,0.5,4.8,0.3,0.003,0.587,0,0.7,178.1,0
"4710",2026-10-08,0.2,31.1,0.1,0.001,0.141,0,0.3,205.8,0
"4714",2026-10-08,0,0.1,0.1,0,0.703,0,0.1,91.9,0
"4715",2026-10-08,0,0.1,0.1,0.001,0.08,0,0.1,56.8,0
"4718",2026-10-08,0,0,0,0.002,0.077,0,0.1,17,0
"4719",2026-10-08,0,0.1,0,0.002,0.139,0,0,13.5,0
"4720",2026-10-08,0,0,0,0.002,0.272,0,0,14.2,0
"4721",2026-10-08,0,0,0,0.003,0.497,0,0,24.3,0
"483",2026-10-08,0.1,0,1.8,0.002,0.03,0,1.8,107.5,0
"484",2026-10-08,0.1,0,0,0.002,0.023,0,0.1,16.9,0
"485",2026-10-08,0.1,0,0.2,0.001,0.013,0,0.3,36.1,0
"486",2026-10-08,0.1,0,0,0.001,0.264,0,0.1,71.3,0
"487",2026-10-08,0,0,0,0.002,0.002,1,0,91,0
"488",2026-10-08,0,0,0,0.001,0.028,0,0,36.9,0
"489",2026-10-08,0,0,0,0.001,0.115,0,0.1,104.7,0
"4901",2026-10-08,1.9,0.6,0.6,0.001,0.026,0,2.5,44.8,0
"4902",2026-10-08,0.8,0.2,7.8,0.001,0.243,0,8.6,0.3,1
"4903",2026-10-08,2.3,0.7,36.3,0.001,0.178,0,38.7,8.6,1
"4904",2026-10-08,3.3,1,46.2,0,0.204,0,49.6,11.9,1
"4905",2026-10-08,4.2,1.1,57.6,0.001,0.223,0,61.7,6.1,1
"4911",2026-10-08,2.2,1.4,0.4,0.001,0.357,0,2.6,69.4,0
"4912",2026-10-08,4.3,13,0.9,0.001,0.265,0,5.3,84.5,0
"4913",2026-10-08,6.7,19.6,19.6,0.001,0.045,0,26.3,0.2,1
"4914",2026-10-08,5.6,16.7,1.3,0.001,0.247,0,6.9,73.8,0
"4915",2026-10-08,2.5,12.6,4.5,0,0.39,0,7,139.8,0
"4916",2026-10-08,1.1,5.3,3,0.001,0.058,0,4.1,143.2,0
"4917",2026-10-08,0.9,5.6,2.7,0.001,0.06,0,3.5,104.3,0
"4918",2026-10-08,1.4,8.2,8.2,0.002,0.002,0,9.6,14.3,0
"4919",2026-10-08,1.4,13,1.1,0.002,0.011,0,2.6,53,0
"492",2026-10-08,0,0.1,0.2,0.003,0.827,0,0.2,340.1,0
"4925",2026-10-08,0.1,0.1,0.7,0.002,0.02,0,0.8,101.5,0
"4926",2026-10-08,0,0,0,0.001,0.02,0,0,28.3,0
"4927",2026-10-08,0,0,0.1,0.001,0.021,0,0.1,43.2,0
"4928",2026-10-08,0,0.1,0,0.001,0.68,0,0,7.8,0
"4929",2026-10-08,0,0,0,0,0.001,0,0,1.4,0
"493",2026-10-08,0,0.1,1.2,0.001,0.003,0,1.2,60.5,0
"4930",2026-10-08,0,0,0,0.002,0.62,0,0.1,20.6,0
"4931",2026-10-08,0,0,NA,0.006,NA,NA,NA,NA,NA
"4932",2026-10-08,0,0,0,0.006,1,0,0,18.6,0
"5110",2026-10-08,5.2,1.8,73.6,0.001,0.009,0,78.8,12.5,1
"5111",2026-10-08,2,0.6,34,0.001,0.064,0,36,7.2,1
"5112",2026-10-08,0.5,0.1,16,0.001,0.132,0,16.5,5,1
"5113",2026-10-08,1.1,0.3,24.2,0.001,0.021,0,25.3,6.7,1
"5114",2026-10-08,1.1,0.9,0.3,0.001,0.164,0,1.4,54.1,0
"5115",2026-10-08,2.4,0.6,0.6,0.001,0.045,0,3,70.2,0
"5118",2026-10-08,4,17.3,0.7,0.001,0.022,0,4.7,53.3,0
"5121",2026-10-08,4.5,3.2,0.9,0.002,0.035,0,5.4,45.6,0
"5122",2026-10-08,5.6,15.2,1,0.002,0.106,0,6.6,57.9,0
"5123",2026-10-08,9,19.3,35,0.001,0.001,1,44,1.1,1
"5124",2026-10-08,10.4,20,1,0.001,0.067,0,11.4,58.4,0
"5125",2026-10-08,1.7,5.4,0.1,0,0.077,0,1.7,61.5,0
"5126",2026-10-08,1.9,10.2,0.5,0.001,0.154,0,2.4,68.9,0
"5127",2026-10-08,1,55.9,1.2,0.001,0.023,0,2.1,73,0
"5128",2026-10-08,3.8,15.7,39.3,0.002,0.007,0,43.1,135.4,0
"5129",2026-10-08,3,19.2,19.2,0.002,0.005,0,22.1,48.2,0
"5134",2026-10-08,0.1,4.5,1,0.001,0.021,0,1.1,169.6,0
"5135",2026-10-08,0,2,0.2,0.001,0.025,0,0.3,189.8,0
"5136",2026-10-08,0.1,0.1,0.7,0.002,0.008,0,0.8,36.4,0
"5137",2026-10-08,0.1,0.1,0.1,0.003,0.033,0,0.2,12.4,0
"5138",2026-10-08,0.1,1.6,0.9,0.001,0.115,0,1,34,0
"5139",2026-10-08,0.1,1,0.1,0.002,0.22,0,0.2,15.9,0
"5140",2026-10-08,0,1,0,0.002,0.444,0,0,15.6,0
"5141",2026-10-08,0,0.6,0,0.005,0.936,0,0,18.6,0
"5142",2026-10-08,0,0.5,0,0.004,0.989,0,0,13.7,0
"5143",2026-10-08,0,0,0,0.002,0.375,0,0,5,0
"5318",2026-10-08,16,94.2,217.9,0.002,0.017,0,233.9,9.1,1
"5319",2026-10-08,10.2,62.5,3.7,0.001,0.027,0,14,66.5,0
"5320",2026-10-08,5.9,37.2,89.6,0.001,0.013,0,95.6,13.4,1
"5321",2026-10-08,4,1.3,54.8,0.001,0.046,0,58.8,11.3,1
"5322",2026-10-08,2.4,2.1,15.1,0.001,0.058,0,17.6,103.5,0
"5323",2026-10-08,1.2,0.3,6.7,0.001,0.024,0,7.9,111,0
"5324",2026-10-08,0.8,15.9,0.2,0,0,1,1,49.1,0
"5325",2026-10-08,1.5,1,0.3,0.001,0.312,0,1.8,39.8,0
"5326",2026-10-08,2.2,10,10,0,0.28,0,12.2,122.3,0
"5327",2026-10-08,3.2,19.3,8.8,0.002,0.128,0,12.1,0.1,1
"5328",2026-10-08,3.9,6.3,19.6,0.002,0.333,0,23.6,0.1,1
"5329",2026-10-08,3.6,12.3,0.6,0.002,0.087,0,4.2,55.7,0
"5330",2026-10-08,4.3,9.9,0.8,0.002,0.07,0,5.1,57.5,0
"5331",2026-10-08,5.5,1,1,0.002,0.09,0,6.5,65.4,0
"5332",2026-10-08,7.8,4.4,1.2,0.001,0.163,0,9,78.2,0
"5333",2026-10-08,14.6,34.6,1.2,0.004,0.045,0,15.8,29.1,0
"5334",2026-10-08,31,35.2,0.6,0.012,0.156,0,31.6,92.9,0
"5335",2026-10-08,11.5,21.9,2.8,0.001,0.239,0,14.3,144.1,0
"5336",2026-10-08,2.3,15.1,43.8,0.001,0.452,0,46.1,232.1,0
"5337",2026-10-08,4.8,93.5,9.5,0.004,0.053,0,14.2,74,0
"5338",2026-10-08,5.6,97.8,21.9,0.004,0.046,0,27.5,102.2,0
"5339",2026-10-08,3,32.8,26.8,0.002,0.178,0,29.9,124.2,0
"5341",2026-10-08,0.2,19.3,19.3,0,0.002,0,19.5,125.9,0
"5342",2026-10-08,0.1,9.4,7.6,0,0.032,0,7.6,186.8,0
"5345",2026-10-08,0.1,0.1,0.1,0.002,0.028,0,0.2,48.4,0
"5346",2026-10-08,0.1,0.2,3,0.003,0.074,0,3.2,326.4,0
"5347",2026-10-08,0.2,0.2,3.5,0.002,0.024,0,3.7,206.3,0
"5348",2026-10-08,0.2,0.2,0.2,0,0.022,0,0.4,17,0
"5349",2026-10-08,0.1,0.1,6.6,0.002,0.145,0,6.7,100.5,0
"5350",2026-10-08,0,0,0,0.002,0.233,0,0,13.7,0
"5351",2026-10-08,0,0.8,0,0.001,0.198,0,0,5.4,0
"5352",2026-10-08,0,0.7,0,0.001,0.978,0,0,11.6,0
"5353",2026-10-08,0,0.6,0,0.001,0.948,0,0,2.4,0
"5354",2026-10-08,0,0.5,0,0.001,0.206,0,0,3.5,0
"5355",2026-10-08,0,0,0,0,0.144,0,0,4.7,0
"5527",2026-10-08,14.7,5.7,225,0.005,0.18,0,239.8,9.3,1
"5528",2026-10-08,12.8,72.8,197.8,0.001,0.022,0,210.6,16.7,1
"5529",2026-10-08,8.8,51.4,140.3,0.001,0.024,0,149.1,18.8,1
"5530",2026-10-08,6.4,37.5,96,0.001,0.013,0,102.4,16.7,1
"5531",2026-10-08,6.1,35.7,1.9,0.001,0.013,0,8,47.4,0
"5532",2026-10-08,4.8,1.4,27,0.001,0.051,0,31.8,148.3,0
"5533",2026-10-08,3.3,0.8,17.2,0.001,0.095,0,20.5,160.6,0
"5534",2026-10-08,2.7,26.6,12.5,0,0,1,15.2,111.4,0
"5535",2026-10-08,2.6,0.5,0.5,0.001,0.07,0,3.1,36.9,0
"5536",2026-10-08,2.7,9.2,9.2,0,0.325,0,11.9,98,0
"5537",2026-10-08,3.1,12.7,0.1,0.002,0.101,0,3.2,91.8,0
"5538",2026-10-08,3.3,7.8,17.2,0.004,0.461,0,20.5,0.5,1
"5539",2026-10-08,3.3,1.7,9.8,0.002,0.047,0,13.1,113.5,0
"5540",2026-10-08,3.5,0.6,0.6,0.001,0.056,0,4.1,58.8,0
"5541",2026-10-08,4.9,42.6,0.8,0,0.068,0,5.7,70.6,0
"5542",2026-10-08,9.6,27.3,1.4,0.001,0.054,0,11,80.6,0
"5543",2026-10-08,17.2,37.1,1.4,0.002,0.698,0,18.6,54.7,0
"5544",2026-10-08,28.4,16.8,0.7,0.006,0.469,0,29.1,91.2,0
"5545",2026-10-08,17.7,34.3,0.9,0.004,0.61,0,18.6,92.8,0
"5546",2026-10-08,14.1,54.2,0.2,0.007,0.786,0,14.2,85.5,0
"5547",2026-10-08,5.9,115.4,6.6,0.003,0.66,0,12.5,78.3,0
"5548",2026-10-08,5.5,49,62.2,0.005,0.033,0,67.8,123.9,0
"5551",2026-10-08,0.7,36.6,36.6,0,0,1,37.4,0.3,1
"5552",2026-10-08,0.2,14.6,14.6,0,0.002,0,14.8,108,0
"5555",2026-10-08,0.2,2.6,2.6,0.001,0.007,0,2.8,52.3,0
"5556",2026-10-08,0.2,1.7,6.4,0.002,0.018,0,6.6,326.3,0
"5557",2026-10-08,0.2,1.7,3,0.001,0.029,0,3.3,200.5,0
"5558",2026-10-08,0.2,2.5,2.5,0.001,0.04,0,2.6,64.1,0
"5559",2026-10-08,0,0,7.9,0.002,0.736,0,7.9,176.1,0
"5560",2026-10-08,0.1,0.1,0.1,0.002,0.088,0,0.2,24.5,0
"5561",2026-10-08,0,1.4,0.1,0.001,0.291,0,0.1,50.8,0
"5562",2026-10-08,0,0,0,0.002,0.56,0,0,14.6,0
"5563",2026-10-08,0,0.8,0,0.001,0.19,0,0,7.9,0
"5565",2026-10-08,0,0.5,0,0.001,0.358,0,0,6.3,0
"5566",2026-10-08,0,0,0,0,0.447,0,0,12.1,0
"5567",2026-10-08,0,0,0,0,0.464,0,0,16.4,0
"5568",2026-10-08,0,0,0,0,0.48,0,0,20.8,0
"5736",2026-10-08,18.9,16.9,197.1,0.007,0.004,1,216,31.3,1
"5737",2026-10-08,14.1,12.6,198.9,0.005,0.202,0,213,13.4,1
"5738",2026-10-08,11.6,4.3,173.9,0.002,0.107,0,185.5,16.5,1
"5739",2026-10-08,9.2,3.2,125.3,0.002,0.136,0,134.6,14.9,1
"5740",2026-10-08,8.5,2.8,7.3,0.001,0.23,0,15.7,146.8,0
"5741",2026-10-08,8.5,2.6,7,0.001,0.247,0,15.5,146.4,0
"5742",2026-10-08,7.5,2.1,5.9,0.001,0.147,0,13.4,119,0
"5743",2026-10-08,6,1.5,4.3,0.001,0.216,0,10.3,109.6,0
"5744",2026-10-08,4.7,1,40.6,0.001,0.207,0,45.2,7.5,1
"5745",2026-10-08,4,2,29.9,0.002,0.035,0,33.9,4.6,1
"5746",2026-10-08,3.7,9.2,1.2,0.002,0.021,0,4.9,55.1,0
"5747",2026-10-08,4.1,7.5,7.5,0.001,0.038,0,11.5,62.9,0
"5748",2026-10-08,4,8.6,8.6,0.001,0.031,0,12.6,64.9,0
"5749",2026-10-08,4.1,2,6.3,0.002,0.124,0,10.3,123.6,0
"5750",2026-10-08,3.7,14.4,6.4,0.002,0.12,0,10.1,215,0
"5751",2026-10-08,3.9,15.4,6.4,0.001,0.134,0,10.3,199.5,0
"5752",2026-10-08,8.1,38.7,1.2,0.002,0.014,0,9.3,37.3,0
"5753",2026-10-08,14.9,14.7,32.9,0.004,0.016,0,47.7,177.6,0
"5754",2026-10-08,17.4,29,12.3,0.003,0.417,0,29.7,170.3,0
"5755",2026-10-08,14.5,36.5,1.2,0.003,0.669,0,15.7,85.7,0
"5756",2026-10-08,15.5,40.8,0,0.008,0.884,0,15.5,51.6,0
"5757",2026-10-08,7.8,36.2,2.1,0.003,0.71,0,9.9,67.3,0
"5758",2026-10-08,6,35.6,3.7,0.004,0.145,0,9.7,50.7,0
"5760",2026-10-08,3.7,78.1,51.4,0.001,0.009,0,55.1,110.1,0
"5761",2026-10-08,0.3,45.6,32.3,0,0.008,0,32.6,121.3,0
"5765",2026-10-08,0.4,3.8,6.2,0.001,0.009,0,6.6,104.7,0
"5766",2026-10-08,0.3,2.5,4,0.001,0.013,0,4.3,90.2,0
"5767",2026-10-08,0.2,1.6,1.6,0.001,0.214,0,1.8,42.8,0
"5768",2026-10-08,0.2,1.2,1.9,0.001,0.042,0,2,69.6,0
"5770",2026-10-08,0.1,0.6,0.2,0.001,0.119,0,0.3,47.5,0
"5771",2026-10-08,0,0.5,0.1,0.001,0.06,0,0.1,38.6,0
"5772",2026-10-08,0,0.1,0,0.002,0.108,0,0,22.8,0
"5774",2026-10-08,0,0.1,0.1,0,0.328,0,0.1,18.9,0
"5775",2026-10-08,0,0.1,0.1,0,0.173,0,0.1,13.4,0
"5776",2026-10-08,0,0,0,0,0.438,0,0,14.4,0
"5777",2026-10-08,0,0,0,0,0.459,0,0,20.2,0
"5778",2026-10-08,0,0,0,0,0.472,0,0,22.7,0
"5780",2026-10-08,0,0.1,0,0.002,0.009,0,0.1,33.1,0
"5947",2026-10-08,13.5,5.1,5.1,0.001,0.004,0,18.6,40.4,0
"5948",2026-10-08,12.5,4.5,11,0.001,0.005,0,23.5,121,0
"5949",2026-10-08,10.8,3.7,9.3,0.001,0.004,0,20.1,154.8,0
"5950",2026-10-08,10.7,3.4,8.8,0.001,0.004,0,19.5,213.8,0
"5951",2026-10-08,11.7,3.3,9.1,0.001,0.011,0,20.8,241.1,0
"5952",2026-10-08,10.7,2.7,7.8,0.001,0.006,0,18.5,203.5,0
"5953",2026-10-08,8.2,1.9,5.6,0.001,0.01,0,13.8,165,0
"5954",2026-10-08,5.7,1.1,54.1,0.001,0.19,0,59.8,12.9,1
"5955",2026-10-08,4.3,0.6,0.6,0.002,0.039,0,5,51.8,0
"5956",2026-10-08,5.6,4.6,0.4,0.002,0.556,0,6,44.6,0
"5957",2026-10-08,8.8,0,0,0.004,0.235,0,8.8,54.1,0
"5958",2026-10-08,7.1,1.3,1.3,0.001,0.022,0,8.4,61.6,0
"5959",2026-10-08,6.4,2.9,8.4,0.001,0.197,0,14.9,145.7,0
"5960",2026-10-08,5.3,6.6,6.6,0,0.173,0,11.8,184.7,0
"5961",2026-10-08,4.1,12.3,5.1,0.001,0.099,0,9.2,145,0
"5962",2026-10-08,5.8,3.8,1,0.001,0.04,0,6.7,48.1,0
"5963",2026-10-08,11.5,7.5,32.7,0.001,0.059,0,44.1,223.8,0
"5964",2026-10-08,15.6,36.5,16.8,0.002,0.195,0,32.4,148.6,0
"5965",2026-10-08,12.9,36.9,1.7,0.003,0.486,0,14.6,74.7,0
"5966",2026-10-08,11.1,29.2,1.2,0.003,0.571,0,12.3,61.1,0
"5967",2026-10-08,12.9,15.9,0.6,0.002,0.177,0,13.5,51.8,0
"5968",2026-10-08,11.5,27,1.9,0.002,0.606,0,13.4,68.9,0
"5970",2026-10-08,4.5,21.7,21.7,0.002,0.028,0,26.2,45.9,0
"5971",2026-10-08,2.1,52.8,52.8,0,0.033,0,54.9,136.4,0
"5972",2026-10-08,0.6,30.7,18.5,0.006,0.305,0,19,114.7,0
"5976",2026-10-08,0.5,3.8,6.9,0.001,0.091,0,7.4,195.7,0
"5977",2026-10-08,0.3,2.3,4.3,0.001,0.212,0,4.6,160.7,0
"5978",2026-10-08,0.1,1.5,2.1,0.001,0.046,0,2.2,100,0
"5979",2026-10-08,0.2,2.1,13.9,0,0.049,0,14.1,180,0
"5980",2026-10-08,0.2,31.8,31.8,0,0.16,0,32,272.8,0
"5984",2026-10-08,0.2,1.1,1.1,0,0.489,0,1.2,35.5,0
"5985",2026-10-08,0,0.1,0.1,0,0.414,0,0.1,29.4,0
"5986",2026-10-08,0,0.1,0.1,0,0.458,0,0.1,26,0
"5987",2026-10-08,0,0.1,0.1,0,0.457,0,0.1,32.5,0
"5988",2026-10-08,0,0,0,0.001,0.492,0,0.1,31.5,0
"5989",2026-10-08,0,0.1,0.1,0.001,0.57,0,0.1,23.7,0
"5990",2026-10-08,0,0.1,0.1,0.003,0.6,0,0.1,24,0
"5991",2026-10-08,0,0.1,0.1,0.008,0.769,0,0.1,22.5,0
"5992",2026-10-08,0,0.1,0.1,0.007,0.818,0,0.1,11.6,0
"6157",2026-10-08,13.7,5.2,12.3,0.002,0.004,0,25.9,130.6,0
"6158",2026-10-08,11.6,4.2,10.2,0.001,0.005,0,21.8,172.2,0
"6159",2026-10-08,8.8,3,7.5,0.001,0.005,0,16.3,201.2,0
"6160",2026-10-08,9,2.7,7,0.001,0.007,0,16.1,241.8,0
"6161",2026-10-08,12.2,3,8.3,0.001,0.008,0,20.5,253.2,0
"6162",2026-10-08,11.9,2.5,7.1,0.001,0.004,0,19,219.8,0
"6163",2026-10-08,9.1,1.8,5.5,0.001,0.005,0,14.6,153.1,0
"6164",2026-10-08,3.9,8.7,8.7,0,0.003,0,12.6,86.2,0
"6165",2026-10-08,1,0.1,30.3,0.002,0.481,0,31.3,4.9,1
"6166",2026-10-08,5.7,0.5,0.5,0.002,0.045,0,6.3,51.5,0
"6167",2026-10-08,7.4,1.2,0.3,0.002,0.076,0,7.8,50.6,0
"6168",2026-10-08,6,5.1,13.5,0.002,0.211,0,19.6,89.2,0
"6169",2026-10-08,6.4,8.5,3.1,0.001,0.028,0,9.5,85.5,0
"6170",2026-10-08,6.3,4.7,4.7,0,0.086,0,11,130,0
"6171",2026-10-08,6,14.4,1.9,0.001,0.001,1,7.9,104.4,0
"6172",2026-10-08,6.1,21.1,4.3,0.001,0,1,10.4,95.1,0
"6173",2026-10-08,7.8,6,1.5,0.001,0.089,0,9.3,60.7,0
"6174",2026-10-08,11.5,31.8,2.2,0.001,0.215,0,13.7,72.8,0
"6175",2026-10-08,10.1,26.1,1.8,0.001,0.42,0,11.9,72.8,0
"6176",2026-10-08,8.6,1.2,1.2,0.002,0.426,0,9.8,58.1,0
"6177",2026-10-08,9.8,17.9,0.6,0.001,0.312,0,10.4,53.9,0
"6178",2026-10-08,10.6,23,1.2,0.002,0.513,0,11.8,63,0
"6182",2026-10-08,0.6,16,22.9,0.013,0.498,0,23.5,123.3,0
"6186",2026-10-08,0.8,5.6,10.3,0.001,0.1,0,11.1,171.9,0
"6187",2026-10-08,0.5,4.3,6.8,0.001,0.16,0,7.4,141.9,0
"6188",2026-10-08,0.1,12.1,3,0,0.015,0,3.1,70.7,0
"6190",2026-10-08,0.7,40.4,8.3,0,0.077,0,9,174.4,0
"6195",2026-10-08,0.2,1.1,1.1,0,0.124,0,1.2,42.3,0
"6196",2026-10-08,0,0.2,0.2,0,0.356,0,0.2,41.9,0
"6197",2026-10-08,0,0.1,0.1,0,0.467,0,0.1,54.1,0
"6198",2026-10-08,0,0.1,0.1,0.002,0.475,0,0.2,56.6,0
"6199",2026-10-08,0,0.1,0.1,0.001,0.339,0,0.1,21.9,0
"6200",2026-10-08,0,0.1,0.1,0.001,0.57,0,0.1,16.8,0
"6201",2026-10-08,0,0.1,0.1,0.003,0.469,0,0.1,12.4,0
"6202",2026-10-08,0,0.1,0.1,0.003,0.437,0,0.1,9.6,0
"6203",2026-10-08,0,0.1,0,0.003,0.173,0,0,2.5,0
"6204",2026-10-08,0,0.1,0.1,0.001,0.42,0,0.1,3.8,0
"6367",2026-10-08,15.9,6.2,14.5,0.002,0.004,0,30.4,134.3,0
"6368",2026-10-08,10.5,3.9,9.4,0.001,0.004,0,19.9,166.3,0
"6369",2026-10-08,6.5,2.2,5.4,0.001,0.005,0,11.9,188.3,0
"6370",2026-10-08,6.8,2,5,0.001,0.007,0,11.9,233.1,0
"6371",2026-10-08,10.3,1.9,5.3,0.001,0.007,0,15.6,240.1,0
"6372",2026-10-08,10,0.8,30.6,0.002,0.005,0,40.6,195,0
"6373",2026-10-08,8.5,1.2,3.6,0.001,0.004,0,12.2,127.3,0
"6374",2026-10-08,6.6,1.3,1.3,0.001,0.005,0,7.9,55.3,0
"6375",2026-10-08,4.8,0.8,0.8,0.002,0.017,0,5.6,63.6,0
"6376",2026-10-08,5.3,18.9,0.8,0.001,0.018,0,6.1,51.5,0
"6377",2026-10-08,5.2,7.1,16.8,0.001,0.008,0,22.1,76.9,0
"6378",2026-10-08,3.8,16.1,1.9,0.001,0.004,0,5.7,36.8,0
"6379",2026-10-08,4.4,6.9,2.6,0.001,0.006,0,7,53.1,0
"6380",2026-10-08,7.1,45,4.4,0.001,0,1,11.5,84.9,0
"6381",2026-10-08,8.9,39.1,6,0.001,0.006,0,14.8,88.2,0
"6384",2026-10-08,8.9,8,2.1,0.001,0.124,0,11,65.4,0
"6385",2026-10-08,8.4,7.4,1.9,0.001,0.347,0,10.3,74.8,0
"6386",2026-10-08,6.8,5.3,1.4,0.001,0.406,0,8.2,60.7,0
"6392",2026-10-08,2,4.5,4.5,0,0.055,0,6.5,34.7,0
"6395",2026-10-08,1,7.2,13.6,0.001,0.188,0,14.6,143,0
"6396",2026-10-08,0.9,5.9,10.7,0.001,0.183,0,11.7,139.7,0
"6397",2026-10-08,0.9,5.6,9.3,0.002,0.23,0,10.2,92.1,0
"6398",2026-10-08,0.8,2.3,2.3,0,0.002,0,3.1,19.8,0
"6399",2026-10-08,0.9,27.3,7.7,0,0.106,0,8.6,118.7,0
"6400",2026-10-08,3.2,50,50,0,0.083,0,53.3,166,0
"6401",2026-10-08,4.1,51.3,28.6,0.002,0.019,0,32.7,80.1,0
"6405",2026-10-08,0.2,1.3,1.3,0,0.491,0,1.5,51.7,0
"6406",2026-10-08,0.2,1.4,1.4,0,0.452,0,1.6,55.9,0
"6407",2026-10-08,0.2,1.7,1.6,0.001,0.363,0,1.8,73.8,0
"6408",2026-10-08,0.2,1.6,1.3,0.001,0.482,0,1.5,34.1,0
"6409",2026-10-08,0,0.3,0.2,0.001,0.325,0,0.3,23.3,0
"6410",2026-10-08,0,0.2,0.2,0.001,0.319,0,0.2,13.3,0
"6411",2026-10-08,0,0.2,0.2,0.003,0.273,0,0.2,10.6,0
"6412",2026-10-08,0,0.1,0.1,0.003,0.338,0,0.2,15.3,0
"6413",2026-10-08,0,0.1,0.1,0.001,0.525,0,0.1,13.2,0
"6414",2026-10-08,0,0.2,0.2,0.001,0.35,0,0.2,8.2,0
"6415",2026-10-08,0,0.2,0.2,0.001,0.244,0,0.2,8.3,0
"6416",2026-10-08,0,0.2,0.2,0,0.358,0,0.2,8.6,0
"6417",2026-10-08,0,0.1,0.1,0,0.022,0,0.1,9.6,0
"6578",2026-10-08,10.4,4.2,9.7,0.002,0.004,0,20.1,101.3,0
"6579",2026-10-08,6.6,2.5,5.8,0.001,0.003,0,12.5,113.8,0
"6580",2026-10-08,7.8,2.4,5.8,0.001,0.006,0,13.6,184.7,0
"6581",2026-10-08,9.2,1.7,4.4,0.001,0.007,0,13.7,207.6,0
"6582",2026-10-08,7.4,0.3,0.7,0.001,0.003,0,8.1,121.7,0
"6583",2026-10-08,7.3,0.9,2.8,0.001,0.005,0,10.1,138.1,0
"6584",2026-10-08,8.3,39,5.2,0.001,0.019,0,13.5,149,0
"6585",2026-10-08,8.3,1.7,1.7,0.002,0.023,0,10,67.8,0
"6586",2026-10-08,6,25.1,3.9,0.001,0.005,0,9.8,75.7,0
"6587",2026-10-08,4.5,20.4,2.9,0.001,0.006,0,7.4,50.7,0
"6588",2026-10-08,2.8,19.4,1.9,0.001,0.001,1,4.7,32.3,0
"6589",2026-10-08,0.9,44.9,0.6,0.001,0.001,1,1.5,37.1,0
"6590",2026-10-08,2.4,56.3,1.8,0.002,0.001,1,4.1,61.5,0
"6591",2026-10-08,7.7,48.8,6.3,0.002,0.006,0,14,78.6,0
"6602",2026-10-08,1.6,4.9,4.9,0,0.012,0,6.5,28.6,0
"6603",2026-10-08,1.2,7.7,7.7,0.001,0.003,0,8.9,26.9,0
"6604",2026-10-08,1.3,7.6,7.6,0.001,0.013,0,8.8,33.6,0
"6605",2026-10-08,1.5,28.1,4.3,0.001,0.168,0,5.8,63.8,0
"6608",2026-10-08,1.6,12.8,3,0,0.013,0,4.6,27,0
"6609",2026-10-08,2,37.9,12.5,0,0.021,0,14.5,78.4,0
"6610",2026-10-08,4.3,53.6,53.6,0,0.064,0,57.9,168.5,0
"6611",2026-10-08,4.4,30,48.6,0.001,0.003,0,53.1,103.9,0
"6612",2026-10-08,1.5,22.6,22.6,0.001,0.008,0,24.1,69,0
"6617",2026-10-08,0.5,4.6,4.3,0.001,0.19,0,4.9,70.8,0
"6618",2026-10-08,0.4,6.3,2.8,0.001,0.396,0,3.2,39.6,0
"6619",2026-10-08,0.3,3,2.2,0.001,0.47,0,2.5,33.1,0
"6620",2026-10-08,0.2,2.4,1.8,0.001,0.261,0,1.9,24.3,0
"6621",2026-10-08,0,0.3,0.2,0.003,0.456,0,0.3,16.5,0
"6622",2026-10-08,0,0.5,0,0.001,0.263,0,0,10.4,0
"6623",2026-10-08,0,0.2,0.2,0.001,0.724,0,0.2,18.8,0
"6624",2026-10-08,0,0,0,0,0.747,0,0,3.6,0
"6625",2026-10-08,0,1.1,0.5,0.002,0.342,0,0.5,18.9,0
"6626",2026-10-08,0,0.3,0.3,0,0.375,0,0.3,17.2,0
"6628",2026-10-08,0,0,0,0,0.76,0,0,4.5,0
"6787",2026-10-08,16.1,7.5,104,0.003,0.008,0,120.1,375.1,0
"6788",2026-10-08,9.6,4.8,67,0.003,0.014,0,76.6,242.5,0
"6789",2026-10-08,7,3.4,50.2,0.002,0.016,0,57.2,232.8,0
"6790",2026-10-08,10.6,4.1,71.9,0.002,0.038,0,82.5,254.9,0
"6791",2026-10-08,12,67.3,8.2,0.003,0.014,0,20.2,183.3,0
"6792",2026-10-08,8.1,26.1,4.5,0.002,0.036,0,12.6,149.3,0
"6793",2026-10-08,8,1.7,4.9,0.001,0.004,0,12.9,181.3,0
"6794",2026-10-08,9,42.1,6.4,0.002,0.046,0,15.3,156.5,0
"6795",2026-10-08,9.6,43.2,7.1,0.002,0.001,1,16.7,109.6,0
"6796",2026-10-08,7.5,33.7,5.6,0.001,0.001,1,13,74.1,0
"6797",2026-10-08,4.4,22.1,3.3,0.001,0.006,0,7.8,55.2,0
"6798",2026-10-08,2.6,17.7,2,0.001,0.001,1,4.5,39.1,0
"6799",2026-10-08,1.6,21.5,1.3,0.001,0.004,0,2.9,38.3,0
"6800",2026-10-08,3.2,36.8,2.5,0.002,0.007,0,5.7,51.7,0
"6812",2026-10-08,1.6,4.3,4.3,0,0.026,0,5.9,28,0
"6813",2026-10-08,1.3,8.4,8.4,0.001,0.005,0,9.8,26.6,0
"6814",2026-10-08,0.6,13.5,11.9,0,0.003,0,12.5,26.5,0
"6815",2026-10-08,2,11.8,20.1,0,0.7,0,22.1,110.8,0
"6816",2026-10-08,2,13.7,13.7,0,0.263,0,15.7,147.1,0
"6817",2026-10-08,1.9,6.7,13.3,0,0.829,0,15.2,175.7,0
"6818",2026-10-08,2.9,9,2.8,0,0.012,0,5.7,40.5,0
"6819",2026-10-08,3.5,12.9,19.5,0,0.108,0,23,0.2,1
"6820",2026-10-08,2.4,5.1,20.7,0.001,0.231,0,23.1,157.7,0
"6821",2026-10-08,0.8,15.5,15.5,0,0.066,0,16.3,174.8,0
"6825",2026-10-08,0.3,6.4,2.6,0,0.007,0,2.9,81.3,0
"6826",2026-10-08,0.4,8.6,3.7,0,0.069,0,4.2,93.1,0
"6827",2026-10-08,0.8,6.8,4.4,0.001,0.157,0,5.1,57.1,0
"6828",2026-10-08,0.7,10.8,4.2,0.001,0.155,0,4.9,40.5,0
"6829",2026-10-08,0.4,5.7,3.1,0,0.436,0,3.5,43.2,0
"6830",2026-10-08,0.2,2.7,2,0.001,0.548,0,2.2,34.6,0
"6831",2026-10-08,0,0.5,0,0.001,0.495,0,0,17.1,0
"6832",2026-10-08,0,0.5,0.2,0.001,0.44,0,0.2,41.4,0
"6833",2026-10-08,0,0.3,0.3,0.001,0.756,0,0.3,37.9,0
"6834",2026-10-08,0,0,0,0.001,0.071,0,0,11.3,0
"6835",2026-10-08,0,0,0,0,0.747,0,0,7.7,0
"6838",2026-10-08,0,0,0,0,0.76,0,0,5,0
"692",2026-10-08,0.1,0.3,2,0.004,0.332,0,2,82.2,0
"693",2026-10-08,0.1,0.1,0,0.002,0.007,0,0.1,7.3,0
"694",2026-10-08,0,0,1.9,0.002,0.363,0,1.9,101.3,0
"695",2026-10-08,0.1,0,1.9,0.001,0.009,0,1.9,119.9,0
"696",2026-10-08,0,0,0,0.001,0.007,0,0.1,27.4,0
"697",2026-10-08,0,0,0,0.001,0.001,1,0,93.1,0
"698",2026-10-08,0,0,0.1,0.001,0.005,0,0.1,37.1,0
"699",2026-10-08,0,0,0,0.001,0.506,0,0,52.7,0
"6996",2026-10-08,20.6,20.7,20.7,0.001,0.026,0,41.3,131.3,0
"6997",2026-10-08,12.2,13.6,13.6,0.001,0.024,0,25.8,120.5,0
"6998",2026-10-08,5.4,7.5,7.5,0.001,0.013,0,12.9,79.1,0
"6999",2026-10-08,3.8,6,6,0.001,0.009,0,9.8,70.1,0
"700",2026-10-08,0,0,0,0.001,0.618,0,0,64.9,0
"7000",2026-10-08,8.7,9.7,5.2,0.001,0.013,0,13.9,61,0
"7001",2026-10-08,13.2,11.6,5,0.001,0.007,0,18.2,58,0
"7002",2026-10-08,10.4,53.8,8.1,0.003,0.011,0,18.5,159.3,0
"7003",2026-10-08,9.5,46.3,7.4,0.002,0.012,0,16.9,189.6,0
"7004",2026-10-08,10.5,48.5,29.3,0.003,0.048,0,39.8,184.9,0
"7005",2026-10-08,10.6,27.6,27.6,0.002,0.021,0,38.2,128.4,0
"7006",2026-10-08,8.6,39.2,7,0.002,0.001,1,15.6,67.5,0
"7007",2026-10-08,5.4,26.1,4.4,0.002,0.007,0,9.8,53.1,0
"701",2026-10-08,0,0.1,0.1,0.004,0.891,0,0.1,274.7,0
"702",2026-10-08,0,0.1,0.2,0.004,0.766,0,0.2,302.9,0
"7020",2026-10-08,4.9,49.3,49.3,0.005,0.008,0,54.2,110.9,0
"7021",2026-10-08,3.4,23.5,23.5,0,0.008,0,26.9,114.7,0
"7022",2026-10-08,2.3,4,4,0,0.076,0,6.3,29.6,0
"7023",2026-10-08,1.9,5.2,5.2,0,0.012,0,7.2,21.1,0
"7024",2026-10-08,1.9,22.1,6,0,0.068,0,7.9,28.5,0
"7025",2026-10-08,2.5,35.1,22.4,0,0.84,0,24.9,139.9,0
"7026",2026-10-08,1.8,6.2,6.2,0,0.628,0,8,108.1,0
"7027",2026-10-08,0.9,29.3,0.8,0.001,0.831,0,1.7,72.8,0
"7028",2026-10-08,3.8,6.7,6.7,0,0.006,0,10.4,59.1,0
"7029",2026-10-08,5.5,0.5,7.1,0.001,0.467,0,12.6,71.4,0
"703",2026-10-08,0,0,0,0.002,0.056,0,0,40.5,0
"7030",2026-10-08,0.4,13.1,0.4,0.001,0.132,0,0.7,62.3,0
"7033",2026-10-08,0.5,5.1,5.1,0,0.435,0,5.6,118.7,0
"7034",2026-10-08,0.3,0.5,0.5,0,0.359,0,0.8,59.8,0
"7035",2026-10-08,0.4,9.7,4,0,0.324,0,4.4,66.3,0
"7036",2026-10-08,0.7,12.9,5.4,0,0.225,0,6.1,94.5,0
"7037",2026-10-08,0.9,7.9,4.9,0.001,0.073,0,5.8,71.3,0
"7038",2026-10-08,0.7,6.8,0.8,0.001,0.13,0,1.6,35,0
"7039",2026-10-08,0.5,4.6,3.3,0,0.348,0,3.8,33,0
"704",2026-10-08,0,0,0,0,0.002,0,0,37.5,0
"7040",2026-10-08,0.2,2.7,2.1,0.001,0.481,0,2.3,33.4,0
"7041",2026-10-08,0,0.8,0.3,0.001,0.399,0,0.3,45.6,0
"7042",2026-10-08,0,0.7,0,0.001,0.259,0,0,28.9,0
"7043",2026-10-08,0,0.9,0.4,0.001,0.407,0,0.4,56.3,0
"7044",2026-10-08,0,0,0,0,0.464,0,0,19.7,0
"7045",2026-10-08,0,0,0,0,0.355,0,0,12,0
"7046",2026-10-08,0,0.6,0,0.002,0.014,0,0,10.1,0
"7047",2026-10-08,0,0,0,0.001,0.654,0,0,10.9,0
"7048",2026-10-08,0,0.1,0,0.001,0.001,0,0,7.6,0
"7049",2026-10-08,0,0,0,0,0.802,0,0,4.6,0
"7205",2026-10-08,17.4,17,17,0.002,0.007,0,34.4,72.9,0
"7206",2026-10-08,12,12.5,12.5,0.001,0.009,0,24.4,70.9,0
"7207",2026-10-08,7.2,8.8,8.8,0.001,0.013,0,16,78,0
"7208",2026-10-08,2.4,6,6,0,0.015,0,8.5,75,0
"7209",2026-10-08,0.2,4.6,4.5,0,0.008,0,4.7,48,0
"7210",2026-10-08,5.3,7.9,5,0.001,0.007,0,10.3,52.4,0
"7211",2026-10-08,12.3,12.4,5.7,0.001,0.008,0,18,54.2,0
"7212",2026-10-08,12.2,10.9,4.2,0.001,0.012,0,16.4,64.6,0
"7213",2026-10-08,11.3,9.7,3.5,0.001,0.011,0,14.7,76.5,0
"7214",2026-10-08,11.5,32.8,32.8,0.002,0.015,0,44.4,152.7,0
"7215",2026-10-08,10.6,28.4,111.3,0.002,0.001,1,121.9,28.5,1
"7228",2026-10-08,5.9,22.6,22.6,0.004,0.004,0,28.5,35.6,0
"7229",2026-10-08,5.1,20.2,20.2,0.001,0.169,0,25.3,100.5,0
"7230",2026-10-08,4.6,49.6,25.9,0.005,0.006,0,30.5,127.6,0
"7231",2026-10-08,4.5,49.7,27.6,0.001,0.001,1,32.1,0.7,1
"7232",2026-10-08,4.7,45.7,45.7,0.001,0,1,50.4,0.8,1
"7233",2026-10-08,4,5.9,5.9,0,0.005,0,9.8,33.5,0
"7234",2026-10-08,2.8,31.7,21.6,0,0.023,0,24.4,131.4,0
"7235",2026-10-08,2.7,28.8,20,0,0.018,0,22.8,122.1,0
"7236",2026-10-08,2.3,7.4,2.6,0,0.069,0,4.9,42.1,0
"7237",2026-10-08,1.6,4.5,1.4,0,0.149,0,3,49.9,0
"7238",2026-10-08,2.4,5.5,5.5,0,0.009,0,7.9,49.5,0
"7239",2026-10-08,2.9,6.8,19.8,0,0.232,0,22.7,0.3,1
"7240",2026-10-08,1.7,7.1,9,0.001,0.011,0,10.7,51.4,0
"7243",2026-10-08,0.3,1,2.2,0.001,0.24,0,2.5,71.6,0
"7244",2026-10-08,0.5,10.2,0.6,0,0.241,0,1.1,43.2,0
"7245",2026-10-08,0.7,0.8,0.8,0,0.221,0,1.5,34.1,0
"7248",2026-10-08,1.2,9.9,6.6,0.001,0.072,0,7.8,65.4,0
"7249",2026-10-08,0.8,6.7,4.8,0.001,0.215,0,5.6,33.6,0
"7250",2026-10-08,0.5,4.8,3.6,0.001,0.363,0,4.1,36.8,0
"7251",2026-10-08,0.4,4.3,3.5,0.001,0.396,0,3.8,34,0
"7252",2026-10-08,0.3,3.9,0.3,0.001,0.025,0,0.6,4.8,0
"7253",2026-10-08,0.2,4.9,3.8,0,0.086,0,4,17.5,0
"7255",2026-10-08,0,0,0,0.003,0.006,0,0,3.4,0
"7256",2026-10-08,0,0,0,0.003,0.169,0,0,19.3,0
"7257",2026-10-08,0,0.7,0,0.001,0.002,0,0,0.7,0
"7258",2026-10-08,0,0,0,0.001,0.002,0,0,0.5,0
"7415",2026-10-08,17.5,17.3,17.3,0.002,0.008,0,34.8,71.3,0
"7416",2026-10-08,9.4,9.8,9.8,0.001,0.007,0,19.3,58.8,0
"7417",2026-10-08,8.2,9.7,9.7,0.001,0.005,0,17.9,61.6,0
"7418",2026-10-08,6.9,11.3,11.3,0.001,0.005,0,18.2,74.7,0
"7419",2026-10-08,4.8,10.3,10.3,0.001,0.005,0,15.2,80.9,0
"7420",2026-10-08,7.7,10.1,5.8,0.001,0.006,0,13.4,58.4,0
"7421",2026-10-08,11.1,79.2,79.2,0.001,0.009,0,90.3,185.9,0
"7422",2026-10-08,11.8,11.1,4.3,0.001,0.01,0,16.1,62.8,0
"7423",2026-10-08,11.3,10.3,3.7,0.001,0.013,0,15,71.8,0
"7432",2026-10-08,2,9,1.4,0.001,0.13,0,3.4,43.1,0
"7433",2026-10-08,2.1,0.2,0.2,0.001,0.298,0,2.3,64.8,0
"7438",2026-10-08,6.6,25.6,16.6,0.001,0.119,0,23.1,91.7,0
"7439",2026-10-08,4.7,2.6,19,0.004,0.002,1,23.6,17.2,1
"7440",2026-10-08,3.6,30.8,6.8,0.005,0.006,0,10.5,4,1
"7441",2026-10-08,4.2,22.6,22.6,0.002,0.007,0,26.8,42.1,0
"7442",2026-10-08,6,45.9,23.9,0.001,0,1,29.8,0.1,1
"7443",2026-10-08,6.8,51.3,51.3,0.001,0,1,58.2,0.6,1
"7444",2026-10-08,4.6,40.5,28.6,0.001,0.012,0,33.3,157.3,0
"7445",2026-10-08,3.2,32.1,18.6,0.001,0.001,1,21.9,55.8,0
"7446",2026-10-08,3,13.6,2.9,0,0.006,0,5.9,32.1,0
"7447",2026-10-08,2.3,6.4,6.4,0,0.003,0,8.7,34.9,0
"7448",2026-10-08,2.3,6.3,6.3,0,0.012,0,8.6,49.1,0
"7449",2026-10-08,2.4,7.1,7.1,0,0.013,0,9.5,46,0
"7450",2026-10-08,1.6,5.5,5.5,0,0.028,0,7.1,42.1,0
"7452",2026-10-08,0.6,1,4.6,0.001,0.145,0,5.1,61.7,0
"7453",2026-10-08,0.5,0.9,4.3,0.001,0.137,0,4.8,63.5,0
"7454",2026-10-08,0.9,1.1,6.6,0,0.066,0,7.5,57.9,0
"7458",2026-10-08,1.6,11.8,2.1,0.001,0.026,0,3.7,13.8,0
"7459",2026-10-08,1.4,8,16.8,0,0.179,0,18.2,62.1,0
"7460",2026-10-08,1.1,6.9,1.5,0.001,0.1,0,2.6,14.3,0
"7461",2026-10-08,0.8,9.5,6.5,0,0.095,0,7.3,36.5,0
"7462",2026-10-08,0.4,6.5,4.5,0,0.064,0,4.9,38.1,0
"7463",2026-10-08,0.4,7,7,0,0.568,0,7.3,38.9,0
"7465",2026-10-08,0.1,0.2,0.2,0.003,0.007,0,0.3,5.1,0
"7466",2026-10-08,0,2,0.3,0.001,0.214,0,0.3,79.1,0
"7625",2026-10-08,18.6,18.3,18.3,0.002,0.005,0,36.9,64,0
"7626",2026-10-08,14.4,14.7,14.7,0.002,0.004,0,29.1,59.2,0
"7627",2026-10-08,13.8,91.6,91.6,0.002,0.015,0,105.4,273.5,0
"7628",2026-10-08,13.9,98.7,98.7,0.001,0.023,0,112.6,299.2,0
"7629",2026-10-08,13.7,100.7,100.7,0.001,0.028,0,114.4,322.5,0
"7630",2026-10-08,12.8,89.8,89.8,0.001,0.012,0,102.7,272.2,0
"7631",2026-10-08,12.4,82.1,82.1,0.002,0.007,0,94.5,198.1,0
"7632",2026-10-08,12.6,76.6,76.6,0.001,0.01,0,89.3,231.1,0
"7635",2026-10-08,10.2,3,130.6,0.001,0.088,0,140.8,17.4,1
"7636",2026-10-08,11.2,10.1,56.6,0.001,0,1,67.8,12.1,1
"7637",2026-10-08,10.3,9.3,89.6,0,0,1,99.9,20.6,1
"7638",2026-10-08,7.4,6.6,68.8,0,0,1,76.2,191.8,0
"7643",2026-10-08,3.3,12,3,0.001,0.067,0,6.2,31.8,0
"7645",2026-10-08,8.8,31.7,31.7,0,0.015,0,40.5,125.7,0
"7646",2026-10-08,9,32.7,32.7,0,0.009,0,41.8,114.3,0
"7647",2026-10-08,9.5,35,35,0,0.004,0,44.5,104.3,0
"7648",2026-10-08,8.8,33.2,61.3,0.001,0,1,70,4.9,1
"7650",2026-10-08,3.3,14.6,14.6,0.003,0.014,0,17.9,24.6,0
"7651",2026-10-08,2.9,14,14,0.001,0.014,0,16.9,33.2,0
"7652",2026-10-08,4.3,28.6,21.1,0.001,0,1,25.4,0.1,1
"7653",2026-10-08,6.1,31.1,39.6,0.002,0.006,0,45.7,69,0
"7654",2026-10-08,5.6,41.5,27.9,0.002,0.001,1,33.5,0.4,1
"7655",2026-10-08,4.2,36,36,0.001,0.001,1,40.2,0.4,1
"7656",2026-10-08,3.7,9.7,15,0.002,0.093,0,18.7,97.3,0
"7657",2026-10-08,3,7.9,23.5,0,0.141,0,26.6,0.5,1
"7658",2026-10-08,2.6,10.3,2,0,0.147,0,4.6,25.4,0
"7659",2026-10-08,2.5,7.3,7.3,0,0.017,0,9.8,45.7,0
"7660",2026-10-08,2,6.2,6.2,0,0.038,0,8.2,44.9,0
"7662",2026-10-08,1,1.2,7.3,0.001,0.046,0,8.3,69.8,0
"7663",2026-10-08,0.8,3.1,4.7,0.001,0.027,0,5.5,49.3,0
"7664",2026-10-08,1.1,7.4,6.5,0,0.378,0,7.6,51.9,0
"7667",2026-10-08,1,1.3,1.3,0.001,0.02,0,2.3,9.6,0
"7668",2026-10-08,1.5,2.1,2.1,0.001,0.057,0,3.5,11.2,0
"7669",2026-10-08,1.9,2.9,2.9,0,0.436,0,4.8,15.2,0
"7670",2026-10-08,1.9,10.1,3,0.001,0.169,0,4.9,12.2,0
"7671",2026-10-08,1,2.2,2.2,0,0.324,0,3.2,10.4,0
"7675",2026-10-08,0.3,0.4,0.4,0.003,0.005,0,0.7,7,0
"7676",2026-10-08,0.1,0.1,3.7,0.001,0.134,0,3.8,0.3,1
"7677",2026-10-08,0,0,0.3,0.001,0.042,0,0.3,52.8,0
"7687",2026-10-08,0,0.3,0.1,0.001,0.082,0,0.1,5.7,0
"7835",2026-10-08,20.9,113.8,113.8,0.003,0.007,0,134.7,198.9,0
"7836",2026-10-08,18.4,102.6,102.6,0.003,0.007,0,121,224.3,0
"7837",2026-10-08,17.1,97,97,0.001,0.013,0,114.1,326.5,0
"7838",2026-10-08,15.6,89.5,89.5,0.001,0.008,0,105.1,266.5,0
"7839",2026-10-08,14.3,83.1,83.1,0,0.015,0,97.4,296.2,0
"7840",2026-10-08,13.1,78.1,78.1,0,0.234,0,91.2,355.1,0
"7841",2026-10-08,12.3,76,76,0,0.088,0,88.3,330.6,0
"7845",2026-10-08,8.7,2.5,128.5,0.001,0.001,1,137.2,18.6,1
"7846",2026-10-08,9.8,2.7,49.6,0.001,0.001,1,59.4,10.6,1
"7847",2026-10-08,9.7,8.6,87.1,0.001,0,1,96.8,20,1
"7848",2026-10-08,7.6,6.7,77.9,0,0,1,85.4,245.5,0
"7849",2026-10-08,5.6,4.9,63,0,0,1,68.6,217.1,0
"7850",2026-10-08,4.7,4.2,21.6,0.001,0.121,0,26.2,122.5,0
"7851",2026-10-08,4.3,8.8,18.3,0.001,0,1,22.6,75.1,0
"7853",2026-10-08,5.3,18.3,18.3,0,0.004,0,23.6,77.4,0
"7854",2026-10-08,9.2,9.5,31.4,0,0.002,0,40.6,104,0
"7856",2026-10-08,12.7,15.2,43.4,0,0.004,0,56.1,132.9,0
"7857",2026-10-08,12.8,44.5,44.5,0.001,0.003,0,57.2,118,0
"7862",2026-10-08,3.3,21.2,21.2,0.001,0,1,24.5,0.4,1
"7863",2026-10-08,3.8,17.8,26.1,0.002,0.008,0,29.9,43,0
"7864",2026-10-08,4.3,20.2,30.1,0.002,0.006,0,34.3,48.7,0
"7865",2026-10-08,4.7,22.5,20.8,0.002,0.018,0,25.5,46.8,0
"7866",2026-10-08,4.5,10.4,16.1,0.002,0.092,0,20.7,81.5,0
"7867",2026-10-08,3.7,8.8,16.7,0.002,0.048,0,20.3,148,0
"7868",2026-10-08,3.3,8.1,27.1,0.001,0.044,0,30.3,179.9,0
"7869",2026-10-08,3.1,8,2.3,0.001,0.053,0,5.4,33.7,0
"7870",2026-10-08,3.3,2.7,2.7,0,0.062,0,6,37.7,0
"7871",2026-10-08,3.6,3.2,15.6,0.001,0.057,0,19.2,89.1,0
"7872",2026-10-08,2.6,2.5,28.1,0.002,0.046,0,30.7,127.6,0
"7873",2026-10-08,1.9,6.6,9.7,0.001,0.016,0,11.6,68.3,0
"7878",2026-10-08,2.3,3.6,3.6,0.002,0.053,0,5.9,15.2,0
"7879",2026-10-08,2.8,24.2,4.7,0.004,0.138,0,7.6,15.1,0
"7880",2026-10-08,2.8,15.3,5,0.002,0.03,0,7.8,6.5,1
"7885",2026-10-08,0.8,11.2,7.4,0.001,0.098,0,8.2,88.3,0
"7886",2026-10-08,0.4,7.3,3,0.001,0.101,0,3.3,96.2,0
"7897",2026-10-08,0,0,0.3,0.001,0.005,0,0.4,5.6,0
"7898",2026-10-08,0,0.1,0.1,0,0.483,0,0.2,12,0
"7899",2026-10-08,0,0.1,0.1,0,0.453,0,0.2,8.8,0
"7901",2026-10-08,0,0.3,0,0,0.062,0,0,2.3,0
"8043",2026-10-08,23,137.3,137.3,0.001,0.003,0,160.3,245.5,0
"8044",2026-10-08,20.8,121,121,0.001,0.004,0,141.8,233.6,0
"8045",2026-10-08,19.6,107.1,107.1,0.002,0.024,0,126.7,280.1,0
"8046",2026-10-08,17.9,93.5,93.5,0.001,0.005,0,111.4,231.3,0
"8047",2026-10-08,17.9,91.7,91.7,0.001,0.011,0,109.6,253.6,0
"8048",2026-10-08,16.5,84.8,84.8,0.001,0.007,0,101.3,241.1,0
"8049",2026-10-08,12.9,67.5,67.5,0.001,0.006,0,80.4,225.8,0
"8050",2026-10-08,11,60.1,60.1,0,0.02,0,71.1,270.9,0
"8055",2026-10-08,8.7,2.5,131,0,0,1,139.7,46.3,1
"8056",2026-10-08,7.9,20.7,92.7,0,0.005,0,100.6,195.6,0
"8057",2026-10-08,6.2,5.4,33.6,0.001,0,1,39.9,186.7,0
"8058",2026-10-08,5,4.3,30.1,0,0,1,35.1,207.4,0
"8059",2026-10-08,4.7,4,29.1,0,0,1,33.8,201.8,0
"8060",2026-10-08,4.7,3.9,24.3,0,0,1,29,143.9,0
"8061",2026-10-08,3.9,7.9,17.1,0.001,0.015,0,21,94.1,0
"8065",2026-10-08,10.2,10.5,54.5,0.001,0.001,1,64.7,4.5,1
"8076",2026-10-08,4.5,17.9,17.9,0.003,0.105,0,22.4,44.3,0
"8077",2026-10-08,3.5,7.4,14.3,0.004,0.015,0,17.8,48.8,0
"8078",2026-10-08,3,6.7,10.1,0.002,0.006,0,13.1,32.5,0
"8079",2026-10-08,3,6.9,6.9,0.001,0.008,0,9.9,25.5,0
"8080",2026-10-08,4,10,10,0,0.234,0,14,58.7,0
"8081",2026-10-08,4.8,12.8,18.8,0.001,0.122,0,23.6,80.8,0
"8082",2026-10-08,4.2,11.9,17.3,0.001,0.097,0,21.5,78.8,0
"8083",2026-10-08,3.8,11.7,17,0.002,0.115,0,20.8,83.9,0
"8084",2026-10-08,3.5,41.3,3.6,0.003,0.095,0,7.1,13.1,0
"8088",2026-10-08,5.4,8.5,15.1,0.007,0.022,0,20.4,47.3,0
"8089",2026-10-08,4.5,12.1,7.3,0.011,0.053,0,11.8,12.2,0
"8090",2026-10-08,2.9,5.8,24.9,0.073,0.013,1,27.8,39,0
"8095",2026-10-08,1.9,10.4,12.9,0.005,0.217,0,14.8,81.9,0
"8096",2026-10-08,1.4,7.1,9.1,0.003,0.432,0,10.5,112.5,0
"8097",2026-10-08,1,16.5,16.5,0.001,0.001,1,17.6,1.3,1
"8108",2026-10-08,0,0,0,0,0.745,0,0,7.5,0
"8109",2026-10-08,0,0,0,0,0.748,0,0,6.1,0
"8110",2026-10-08,0,0,0,0,0.75,0,0,3.8,0
"8111",2026-10-08,0,0.5,0.5,0.001,0.999,0,0.5,7.1,0
"8112",2026-10-08,0,0.5,0,0.001,0.134,0,0,3.6,0
"8254",2026-10-08,17,102.9,102.9,0.001,0.006,0,119.9,241.1,0
"8255",2026-10-08,14.5,85.6,85.6,0,0.02,0,100.1,283.3,0
"8256",2026-10-08,13.3,144.3,71.2,0.001,0.049,0,84.6,265.6,0
"8257",2026-10-08,15.6,77.6,77.6,0,0.075,0,93.2,248.6,0
"8258",2026-10-08,17.1,85,85,0.001,0.019,0,102.1,238.8,0
"8259",2026-10-08,13,66.2,66.2,0.001,0.006,0,79.3,191.6,0
"8267",2026-10-08,3.6,3,23.7,0.001,0.001,1,27.3,154.2,0
"8268",2026-10-08,1.4,1.1,16.2,0,0,1,17.6,207.9,0
"8269",2026-10-08,1.6,1.3,21.9,0,0.005,0,23.6,235.2,0
"8270",2026-10-08,5.4,32,32,0,0.028,0,37.4,218.7,0
"8271",2026-10-08,5.4,25.3,25.3,0,0.061,0,30.8,146,0
"8273",2026-10-08,5.7,4.6,4.6,0,0.017,0,10.3,56.6,0
"8274",2026-10-08,7.2,6.2,1.7,0.001,0.023,0,8.9,46.3,0
"8275",2026-10-08,8.6,2.2,2.2,0.003,0.019,0,10.8,36.4,0
"8276",2026-10-08,11.7,11.5,21.9,0.001,0.001,1,33.6,1.2,1
"8289",2026-10-08,2.8,5.8,8.7,0.001,0.124,0,11.5,41.2,0
"8290",2026-10-08,3,6.6,6.6,0,0.575,0,9.6,37.7,0
"8291",2026-10-08,3,14.1,23.5,0.004,0.186,0,26.5,68.8,0
"8292",2026-10-08,3,11,11,0.002,0.218,0,14,53.5,0
"8293",2026-10-08,4.6,18.2,18.2,0.004,0.24,0,22.8,83.3,0
"8294",2026-10-08,5.8,17.2,17.2,0.004,0.098,0,23,66.7,0
"8295",2026-10-08,5.9,19.1,31,0.005,0.041,0,36.8,84.8,0
"8296",2026-10-08,7.1,58.2,40.3,0.012,0.032,0,47.4,61.5,0
"8298",2026-10-08,8.4,20.4,20.4,0.003,0.09,0,28.8,62.9,0
"8299",2026-10-08,6.9,13.7,16.7,0.008,0.217,0,23.6,101.3,0
"8300",2026-10-08,2.3,22.3,22.3,0,0.122,0,24.6,58.8,0
"8304",2026-10-08,2.8,16.6,19.1,0.007,0.014,0,21.9,41,0
"8305",2026-10-08,2.6,12.2,18,0.005,0.016,0,20.7,73.8,0
"8306",2026-10-08,1.8,24.5,10.2,0.002,0.089,0,12,96.7,0
"8307",2026-10-08,1.5,6.4,27.8,0.001,0,1,29.4,2.8,1
"8308",2026-10-08,1.3,9.5,5.5,0.001,0.123,0,6.8,76.3,0
"8309",2026-10-08,0.3,0.9,4,0.001,0.082,0,4.4,71.3,0
"8311",2026-10-08,0.4,4.5,0.2,0,0.216,0,0.6,37.6,0
"8318",2026-10-08,0,0,0,0,0.502,0,0,7.4,0
"8319",2026-10-08,0,0,0,0,0.103,0,0,3.2,0
"8320",2026-10-08,0,0,0,0,0.256,0,0,3.3,0
"8466",2026-10-08,9.2,57.2,57.2,0,0.064,0,66.4,245.4,0
"8467",2026-10-08,11.6,62,62,0,0.098,0,73.6,236,0
"8468",2026-10-08,15.2,77.5,77.5,0,0.018,0,92.7,216.1,0
"8469",2026-10-08,13.5,70.9,70.9,0,0.01,0,84.5,196.7,0
"8477",2026-10-08,3.1,54.7,54.7,0,0.012,0,57.8,169.9,0
"8478",2026-10-08,0.8,10.6,10.6,0,0,1,11.4,130.3,0
"8479",2026-10-08,0.9,5.2,0.6,0,0.246,0,1.6,86.9,0
"8480",2026-10-08,6.4,4.1,85.4,0.001,0.001,1,91.8,6.9,1
"8481",2026-10-08,9.8,100.3,16,0.001,0,1,25.8,137,0
"8482",2026-10-08,8.5,88.6,31.2,0.002,0,1,39.6,2.3,1
"8483",2026-10-08,8,1.4,1.4,0.001,0.001,1,9.4,1.8,1
"8484",2026-10-08,9.3,14.1,1.9,0.001,0.026,0,11.1,42.9,0
"8485",2026-10-08,10.1,2.2,2.2,0.005,0.019,0,12.4,32.9,0
"8486",2026-10-08,10.6,9.1,33.7,0.001,0.001,1,44.3,5.1,1
"8501",2026-10-08,3,13.5,9.3,0.002,0.08,0,12.3,36.9,0
"8502",2026-10-08,2.9,9.4,9.4,0.005,0.212,0,12.3,41.3,0
"8503",2026-10-08,4.6,11.3,16.2,0.008,0.027,0,20.7,54.9,0
"8504",2026-10-08,7.2,19.4,27.5,0.012,0.078,0,34.6,66.4,0
"8505",2026-10-08,9.1,27,43,0.026,0.047,0,52.1,74.7,0
"8506",2026-10-08,9.9,77.2,49,0.063,0.109,0,59,61.6,0
"8508",2026-10-08,5.5,30.7,24.4,0.01,0.018,0,29.9,37,0
"8509",2026-10-08,0.4,28.1,22.5,0.005,0.04,0,22.8,36.1,0
"8510",2026-10-08,1.7,16.8,16.8,0.009,0.026,0,18.5,24.7,0
"8511",2026-10-08,2.4,18.7,18.7,0.001,0.003,0,21.1,34,0
"8512",2026-10-08,2.2,14,4.4,0.003,0.118,0,6.6,13.4,0
"8515",2026-10-08,2.1,11.2,13.5,0.003,0.019,0,15.6,56.2,0
"8517",2026-10-08,1.3,8.5,22.7,0.001,0.001,1,24,1.6,1
"8518",2026-10-08,1.1,8.6,8.6,0,0.002,0,9.7,66.2,0
"8527",2026-10-08,0,0,0,0,0.675,0,0,54.2,0
"8528",2026-10-08,0,0,0,0,0.163,0,0,10.1,0
"8529",2026-10-08,0,0,0,0.001,0.013,0,0,5,0
"8530",2026-10-08,0,0,0,0.001,0.012,0,0,2.7,0
"8677",2026-10-08,7.9,50,50,0,0.02,0,57.9,201.8,0
"8678",2026-10-08,11,62.3,62.3,0,0.014,0,73.4,182.7,0
"8679",2026-10-08,11.3,62.6,62.6,0,0.009,0,73.9,167.9,0
"8687",2026-10-08,3.9,55.5,55.5,0,0.012,0,59.4,192.3,0
"8688",2026-10-08,1.9,10.7,27.4,0,0,1,29.3,3.8,1
"8689",2026-10-08,1.6,1,8.8,0.001,0.297,0,10.4,0.3,1
"8690",2026-10-08,4.9,2.4,47,0.003,0.29,0,51.9,2.1,1
"8691",2026-10-08,9,76.8,19.2,0.001,0,1,28.2,1.1,1
"8692",2026-10-08,10.9,99.8,99.8,0.001,0,1,110.6,309.3,0
"8693",2026-10-08,10.7,93.2,93.2,0,0.009,0,103.9,207.3,0
"8694",2026-10-08,12.6,74.3,25.3,0.002,0,1,37.9,1.2,1
"8711",2026-10-08,6,48.5,16.3,0.006,0.041,0,22.3,52,0
"8712",2026-10-08,4.6,33.5,13.3,0.004,0.042,0,17.9,43.5,0
"8713",2026-10-08,3.9,8.6,12.4,0.011,0.011,0,16.3,29.9,0
"8714",2026-10-08,5.5,13.3,18.8,0.034,0.008,1,24.3,30.4,0
"8715",2026-10-08,7.4,48.4,48.4,0.016,0.111,0,55.8,93.8,0
"8716",2026-10-08,7.6,56.2,31.3,0.05,0,1,38.8,36.8,1
"8717",2026-10-08,6.9,58.1,58.1,0.006,0,1,65,0.1,1
"8718",2026-10-08,4.6,44.7,32.2,0.005,0.27,0,36.8,96.6,0
"8719",2026-10-08,2.2,31.4,31.4,0.002,0.106,0,33.5,83.6,0
"8720",2026-10-08,2.1,11.1,14.7,0.019,0.017,1,16.8,28.4,0
"8727",2026-10-08,0.8,6.8,0.5,0.001,0.006,0,1.3,13.1,0
"8728",2026-10-08,0.9,11.1,11.1,0,0.002,0,11.9,77.3,0
"8730",2026-10-08,1,4.5,4.5,0,0.064,0,5.5,130.1,0
"8731",2026-10-08,1.1,5.1,5.1,0,0.105,0,6.2,113.9,0
"8738",2026-10-08,0,0,0,0,0.788,0,0,18.3,0
"8739",2026-10-08,0,0,0,0,0.497,0,0,10.7,0
"8740",2026-10-08,0.1,0,0,0,0.083,0,0.1,3.9,0
"8742",2026-10-08,0.1,0.4,0.4,0.002,0.191,0,0.5,7.7,0
"8888",2026-10-08,8.7,55.6,55.6,0.001,0.008,0,64.4,153.7,0
"8897",2026-10-08,5.5,63.9,63.9,0,0.01,0,69.4,237.8,0
"8898",2026-10-08,3,41,41,0,0.01,0,44,176.1,0
"8899",2026-10-08,1.9,0.3,33.9,0,0.189,0,35.8,160.7,0
"8900",2026-10-08,3.2,31.4,0.3,0,0.019,0,3.4,56.3,0
"8901",2026-10-08,4.5,10.7,40,0.001,0.089,0,44.5,264.5,0
"8902",2026-10-08,8.6,1.2,67.7,0.001,0.094,0,76.3,382.5,0
"8903",2026-10-08,11,3.5,75.9,0.001,0.067,0,86.9,291.1,0
"8904",2026-10-08,14.7,6.6,71.7,0.002,0.107,0,86.4,6.4,1
"8905",2026-10-08,16.6,77.1,2.4,0.002,0,1,19,47.6,0
"8921",2026-10-08,14,22.1,32.9,0.009,0.007,1,46.9,49,0
"8922",2026-10-08,11.9,20.5,20.5,0.008,0.005,1,32.4,33,0
"8923",2026-10-08,6,16.5,11.4,0.007,0.009,0,17.5,20.2,0
"8924",2026-10-08,4,11.8,11.8,0.013,0.068,0,15.8,24.1,0
"8925",2026-10-08,4.1,22.2,3.8,0.009,0.105,0,7.9,16.8,0
"8926",2026-10-08,4.5,27,27,0.011,0,1,31.4,0.1,1
"8927",2026-10-08,4.5,32.8,32.8,0.007,0,1,37.3,0.1,1
"8928",2026-10-08,4.5,35.3,35.3,0.01,0.318,0,39.8,67.7,0
"8929",2026-10-08,3.8,33,33,0.005,0.147,0,36.8,78,0
"8930",2026-10-08,2.9,28.2,28.2,0.002,0.001,1,31.1,0.5,1
"8934",2026-10-08,1.8,16.5,16.5,0.001,0.007,0,18.4,72,0
"8939",2026-10-08,0.8,3.4,3.4,0,0.208,0,4.2,74.3,0
"8940",2026-10-08,1.1,4.9,4.9,0,0.061,0,6,90.5,0
"8947",2026-10-08,0.2,0,0,0,0.681,0,0.3,22.9,0
"8948",2026-10-08,0.3,0,0,0,0.793,0,0.3,14.4,0
"8949",2026-10-08,0,0,0,0,0.969,0,0,9.6,0
"8950",2026-10-08,0,0,0,0,0.805,0,0,9,0
"8951",2026-10-08,0.1,0,0,0,0.612,0,0.1,7.6,0
"8952",2026-10-08,0,0.3,0,0.001,0.311,0,0,3.3,0
"8957",2026-10-08,0,0,0,0.001,0.42,0,0,4.9,0
"8958",2026-10-08,0,0,0.1,0.002,0.231,0,0.1,6.6,0
"8959",2026-10-08,0,0,NA,0.01,NA,NA,NA,NA,NA
"8960",2026-10-08,0,0.2,NA,0.009,NA,NA,NA,NA,NA
"8961",2026-10-08,0,0.2,NA,0.011,NA,NA,NA,NA,NA
"900",2026-10-08,0.1,0.3,0.2,0.002,0.253,0,0.2,60.2,0
"901",2026-10-08,0.1,2.5,0.1,0.001,0.035,0,0.2,42.2,0
"902",2026-10-08,0.1,2.2,0.1,0.002,0.369,0,0.2,37.3,0
"903",2026-10-08,0.1,0,2.1,0.002,0.016,0,2.1,88.3,0
"904",2026-10-08,0.1,0.1,0.2,0.002,0.145,0,0.2,117.9,0
"905",2026-10-08,0.1,0,2,0.001,0.014,0,2,193.7,0
"906",2026-10-08,0,0.2,0.3,0.001,0.039,0,0.4,175.5,0
"907",2026-10-08,0,0,1.7,0.002,0.027,0,1.8,237.6,0
"908",2026-10-08,0,0,0.1,0.001,0.002,0,0.2,33.2,0
"909",2026-10-08,0,0.1,0,0.001,0.15,0,0,47.9,0
"910",2026-10-08,0,0.1,0,0.001,0.047,0,0,21.8,0
"9107",2026-10-08,7.4,12.5,83,0,0.005,0,90.4,256.7,0
"9108",2026-10-08,4.1,61.8,61.8,0,0.01,0,65.9,184.9,0
"9109",2026-10-08,2.9,52.1,52.1,0,0.029,0,55,173,0
"911",2026-10-08,0,0,0,0,0.004,0,0,42.1,0
"9110",2026-10-08,3.6,6.3,6.3,0.002,0.333,0,9.8,142.8,0
"9111",2026-10-08,4.5,6.6,37.3,0.002,0.362,0,41.8,223,0
"9112",2026-10-08,8.3,0.6,49.7,0.001,0.117,0,58,240.7,0
"9113",2026-10-08,11.7,2.8,63.5,0.001,0.174,0,75.2,241.8,0
"9114",2026-10-08,15.7,5.3,1.5,0.002,0.182,0,17.2,77.5,0
"9115",2026-10-08,18.1,7.2,2,0.002,0.116,0,20.1,65.6,0
"9116",2026-10-08,15.9,2,2,0.001,0.061,0,17.9,69.8,0
"9117",2026-10-08,13.6,1.9,21.4,0,0.02,0,35,480.8,0
"9118",2026-10-08,14.9,2.3,24.5,0.001,0.013,0,39.4,757.8,0
"9119",2026-10-08,14.6,2.4,24.5,0.001,0.224,0,39.1,764.5,0
"912",2026-10-08,0,0,0,0,0.003,0,0,30.4,0
"913",2026-10-08,0,0,0,0.002,0.279,0,0,25.9,0
"9131",2026-10-08,25,32.9,123.5,0.012,0.004,1,148.5,138.9,1
"9132",2026-10-08,21.1,30.1,30.1,0.019,0.005,1,51.2,35.4,1
"9133",2026-10-08,13.4,21.3,21.3,0.038,0.007,1,34.7,23.9,1
"9134",2026-10-08,6.5,11.6,16.6,0.025,0.012,1,23.1,28.6,0
"9135",2026-10-08,4.8,31.8,13.6,0.028,0.088,0,18.4,23.1,0
"9136",2026-10-08,5,33.8,16,0.044,0.068,0,20.9,24.3,0
"9137",2026-10-08,4.5,31.6,16.1,0.027,0.091,0,20.6,28.3,0
"9138",2026-10-08,3.9,27,27,0.016,0.16,0,30.8,46.6,0
"914",2026-10-08,0,0,0,0.002,0.379,0,0,56,0
"9144",2026-10-08,2,1.7,1.7,0.001,0.038,0,3.7,19.2,0
"9145",2026-10-08,1.8,1.4,1.4,0.001,0.022,0,3.2,21.8,0
"9147",2026-10-08,1.4,1.1,16,0.007,0.005,1,17.4,28.8,0
"9158",2026-10-08,0.3,0,0,0,0.522,0,0.4,13.1,0
"9160",2026-10-08,0.3,0,0,0,0.655,0,0.3,17.8,0
"9161",2026-10-08,0.1,0.4,0,0,0.085,0,0.1,22.1,0
"9162",2026-10-08,0,0,0,0,0.712,0,0,20.1,0
"9167",2026-10-08,0,0,0,0.001,0.575,0,0,11,0
"9168",2026-10-08,0,0.2,NA,0.009,NA,NA,NA,NA,NA
"9169",2026-10-08,0,0.1,NA,0.011,NA,NA,NA,NA,NA
"9170",2026-10-08,0,0.2,NA,0.014,NA,NA,NA,NA,NA
"9171",2026-10-08,0,0.2,NA,0.019,NA,NA,NA,NA,NA
"9172",2026-10-08,0,0.1,NA,0.013,NA,NA,NA,NA,NA
"9318",2026-10-08,7.2,95.9,95.9,0,0.033,0,103.1,256.1,0
"9319",2026-10-08,4.7,82.1,82.1,0,0.039,0,86.7,254.5,0
"9320",2026-10-08,3.7,50.9,50.9,0.003,0.002,1,54.6,2.7,1
"9321",2026-10-08,1.3,34.2,4.2,0.002,0.308,0,5.6,194.3,0
"9322",2026-10-08,7.4,1.2,0.4,0.001,0.213,0,7.8,94.8,0
"9323",2026-10-08,13.7,2.7,0.8,0.004,0.154,0,14.5,103,0
"9324",2026-10-08,17.5,4,1.1,0.005,0.104,0,18.6,92.2,0
"9325",2026-10-08,17.2,4.9,78.4,0.005,0.104,0,95.5,3.6,1
"9326",2026-10-08,14.5,89.3,1.4,0.001,0,1,15.9,91.8,0
"9327",2026-10-08,12.9,79.1,1.4,0.001,0.004,0,14.3,94.5,0
"9328",2026-10-08,13,61.3,1.5,0.001,0.21,0,14.5,140.6,0
"9329",2026-10-08,12.6,1.6,17.5,0.001,0.012,0,30.1,803.9,0
"9330",2026-10-08,10.8,1.4,14.8,0.001,0.042,0,25.6,722.8,0
"9331",2026-10-08,10.7,1.3,13.7,0.001,0.051,0,24.4,472.9,0
"9332",2026-10-08,14.8,74.5,74.5,0.001,0,1,89.4,16.5,1
"9342",2026-10-08,29,32.3,48.7,0.018,0.003,1,77.7,51.6,1
"9343",2026-10-08,20.2,25.6,37.8,0.133,0.017,1,58,42.7,1
"9344",2026-10-08,11.1,16.4,23.7,0.044,0.024,1,34.8,37.6,0
"9345",2026-10-08,8.4,20.4,20.4,0.019,0.087,0,28.8,36.9,0
"9346",2026-10-08,8.2,54.6,22.5,0.035,0.001,1,30.7,42.5,0
"9347",2026-10-08,7.6,52,52,0.007,0.001,1,59.6,0.1,1
"9348",2026-10-08,5.1,34.7,34.7,0.004,0,1,39.8,0.1,1
"9349",2026-10-08,3.1,21.9,21.9,0.003,0.228,0,25,63.5,0
"9350",2026-10-08,2.7,2.9,2.9,0,0.045,0,5.6,5,1
"9351",2026-10-08,2.7,7.7,13.9,0.002,0.011,0,16.6,48,0
"9355",2026-10-08,1.9,18,5.4,0.001,0.004,0,7.3,17.4,0
"9356",2026-10-08,1.8,1.6,4.9,0.001,0.003,0,6.7,19,0
"9357",2026-10-08,2.2,2.3,8.1,0.002,0.206,0,10.3,0.1,1
"9358",2026-10-08,2.8,2.9,12.1,0.002,0.279,0,14.9,0.6,1
"9369",2026-10-08,0.1,0,0,0,0.157,0,0.1,13.5,0
"9370",2026-10-08,0,0.3,0,0,0.034,0,0,36.7,0
"9371",2026-10-08,0.2,0,0,0,0.722,0,0.2,36.4,0
"9377",2026-10-08,0,0,0,0,0.313,0,0,15.7,0
"9378",2026-10-08,0,0.1,0.3,0.001,0.608,0,0.3,29,0
"9379",2026-10-08,0,0.2,NA,0.007,NA,NA,NA,NA,NA
"9380",2026-10-08,0,0.1,NA,0.011,NA,NA,NA,NA,NA
"9381",2026-10-08,0,0.1,NA,0.012,NA,NA,NA,NA,NA
"9382",2026-10-08,0,0.1,NA,0.014,NA,NA,NA,NA,NA
"9383",2026-10-08,0,0.2,NA,0.012,NA,NA,NA,NA,NA
"9526",2026-10-08,13.6,22,131.5,0.001,0,1,145.1,37.1,1
"9528",2026-10-08,14.4,2.2,138.6,0.001,0.106,0,153,307.4,0
"9529",2026-10-08,11.9,1.5,121.3,0.001,0.145,0,133.1,304,0
"9530",2026-10-08,8.7,70.5,70.5,0,0.038,0,79.2,269.2,0
"9531",2026-10-08,7.2,0.5,6.9,0.002,0.025,0,14.1,138.4,0
"9532",2026-10-08,10.9,36.7,0.5,0.002,0.08,0,11.4,84.2,0
"9533",2026-10-08,20.5,2.2,41,0.006,0.081,0,61.4,2.2,1
"9534",2026-10-08,20.2,2.5,47.5,0.006,0.074,0,67.7,0.9,1
"9535",2026-10-08,13.5,2.5,0.7,0.004,0.072,0,14.1,100.5,0
"9536",2026-10-08,9.5,71.2,71.2,0.004,0.002,1,80.7,3.7,1
"9537",2026-10-08,9.3,71.6,71.6,0.003,0.002,1,80.9,5.4,1
"9538",2026-10-08,10.9,67.9,1,0.001,0.008,0,11.9,99.4,0
"9539",2026-10-08,12.6,22.8,1.2,0.001,0.02,0,13.8,108.8,0
"9540",2026-10-08,11.3,17.5,1.1,0.001,0.012,0,12.4,85.4,0
"9541",2026-10-08,10.7,6.5,10.8,0.001,0.064,0,21.5,199,0
"9542",2026-10-08,14.6,45.1,10.7,0.001,0,1,25.3,189.5,0
"9543",2026-10-08,23.8,56.9,56.9,0.001,0.005,0,80.7,9.5,1
"9553",2026-10-08,27.9,38.9,7.2,0.024,0.007,1,35.2,35.8,0
"9554",2026-10-08,18.3,31,21.1,0.014,0.012,1,39.4,30.7,1
"9555",2026-10-08,13.1,26.6,18.5,0.01,0.011,0,31.6,27,1
"9556",2026-10-08,10.8,70.1,5.9,0.029,0.068,0,16.7,25.4,0
"9557",2026-10-08,9.5,64.2,64.2,0.007,0.038,0,73.8,0.4,1
"9558",2026-10-08,6.7,43,43,0.003,0,1,49.7,0.4,1
"9559",2026-10-08,4.3,23.6,23.6,0.002,0,1,27.9,0.1,1
"9560",2026-10-08,3,2.4,2.4,0,0.013,0,5.4,4.6,1
"9564",2026-10-08,1.9,16.8,4.8,0.011,0.007,1,6.7,11.2,0
"9565",2026-10-08,2,5.2,15.9,0.011,0.031,0,17.9,6,1
"9566",2026-10-08,2.2,2.3,12.8,0.01,0.071,0,15,7.5,1
"9567",2026-10-08,3.3,4.4,14.1,0.002,0.275,0,17.4,0.1,1
"9568",2026-10-08,4.6,13.2,17.8,0.001,0.064,0,22.4,0.2,1
"9569",2026-10-08,3.9,13,14.8,0.002,0.001,1,18.7,0.3,1
"9572",2026-10-08,4.4,32.2,32.2,0,0.241,0,36.7,100.7,0
"9573",2026-10-08,4.3,35.3,35.3,0.001,0.252,0,39.6,115.9,0
"9574",2026-10-08,2.8,13.1,25,0,0,1,27.8,0.7,1
"9580",2026-10-08,0.4,0,0,0,0.505,0,0.4,32.2,0
"9581",2026-10-08,0.3,1.5,0,0,0.253,0,0.4,48.2,0
"9588",2026-10-08,0.2,1.6,0,0.001,0.743,0,0.2,20.5,0
"9589",2026-10-08,0,0.2,NA,0.005,NA,NA,NA,NA,NA
"9590",2026-10-08,0,0,NA,0.009,NA,NA,NA,NA,NA
"9591",2026-10-08,0,0,NA,0.008,NA,NA,NA,NA,NA
"9592",2026-10-08,0,0.1,NA,0.006,NA,NA,NA,NA,NA
"9593",2026-10-08,0,0.4,NA,0.008,NA,NA,NA,NA,NA
"9735",2026-10-08,8.3,14.2,181.3,0,0,1,189.6,37,1
"9736",2026-10-08,12,18.4,161.3,0.001,0,1,173.3,39.2,1
"9737",2026-10-08,14.5,2.5,151.5,0.001,0,1,166,38.1,1
"9738",2026-10-08,17.8,8.7,167.2,0.001,0,1,185,43.2,1
"9739",2026-10-08,20.5,2.5,18.8,0.001,0.062,0,39.3,204.9,0
"9740",2026-10-08,21,2,39.1,0.003,0.142,0,60.1,7.1,1
"9741",2026-10-08,18.5,1.3,1.3,0.003,0.038,0,19.8,87.6,0
"9742",2026-10-08,21.8,49,0.9,0.003,0.023,0,22.7,83.6,0
"9743",2026-10-08,39.9,39.6,0.7,0.008,0.155,0,40.6,101.2,0
"9744",2026-10-08,24.8,43.7,12.2,0.004,0.001,1,37,173.2,0
"9745",2026-10-08,9.9,1.1,57.5,0.004,0.135,0,67.4,0.8,1
"9746",2026-10-08,4.3,0.4,54,0.002,0.1,0,58.3,308,0
"9747",2026-10-08,6.6,0.4,12.4,0.002,0.059,0,19,0.6,1
"9748",2026-10-08,10.4,0.6,65.2,0.003,0.212,0,75.6,2.3,1
"9749",2026-10-08,14,6.1,3.4,0.002,0.171,0,17.3,135.5,0
"9750",2026-10-08,13.3,16.4,0.9,0.001,0.001,1,14.2,81.9,0
"9751",2026-10-08,11.9,5.3,0.8,0.002,0.014,0,12.7,64.9,0
"9752",2026-10-08,15.6,0.7,31,0.003,0.098,0,46.6,255.5,0
"9753",2026-10-08,31.4,0.3,0.3,0.005,0.845,0,31.7,194.9,0
"9754",2026-10-08,27.9,7.3,0.5,0.001,0,1,28.3,91.8,0
"9764",2026-10-08,29.6,38.6,7.1,0.009,0.006,1,36.7,51.6,0
"9765",2026-10-08,21.3,36.2,7.1,0.008,0.006,1,28.4,39.1,0
"9766",2026-10-08,16.4,33.3,53.1,0.023,0.458,0,69.6,0.2,1
"9767",2026-10-08,12.2,27.8,69.7,0.009,0.211,0,81.9,1,1
"9768",2026-10-08,7.1,41.6,26.4,0.003,0,1,33.5,0.2,1
"9769",2026-10-08,5.4,28.1,10.3,0.004,0.167,0,15.7,34.5,0
"9770",2026-10-08,5.8,34.8,3.4,0.003,0.078,0,9.2,28.1,0
"9772",2026-10-08,2.9,23.3,6.3,0.009,0.006,1,9.2,21.4,0
"9773",2026-10-08,1.7,14,4.9,0.003,0.008,0,6.6,19,0
"9774",2026-10-08,1.9,1.2,4.4,0.018,0.045,0,6.3,9.9,0
"9775",2026-10-08,2.2,8.9,5.3,0.006,0.013,0,7.5,14.6,0
"9776",2026-10-08,2.5,2.6,6.8,0.003,0.329,0,9.3,51,0
"9777",2026-10-08,4.3,6,14,0.007,0.165,0,18.2,160,0
"9778",2026-10-08,6.8,15.2,20.8,0.003,0.268,0,27.7,184.9,0
"9779",2026-10-08,5.3,13.1,16.3,0.004,0.002,1,21.6,0.1,1
"9780",2026-10-08,4.1,11.1,29.4,0.002,0.032,0,33.5,152.8,0
"9781",2026-10-08,4.7,2.5,31.6,0,0.156,0,36.3,135.2,0
"9782",2026-10-08,6.2,41,41,0,0.167,0,47.2,82.5,0
"9783",2026-10-08,5.1,38.5,38.5,0.001,0.155,0,43.6,89.8,0
"9784",2026-10-08,3.4,28.6,28.6,0.001,0.107,0,32,73.1,0
"9785",2026-10-08,2.5,15,22.2,0.001,0.006,0,24.7,1.3,1
"9791",2026-10-08,0.6,2.3,0,0,0.347,0,0.7,41.1,0
"9793",2026-10-08,0.3,0,0,0,0.05,0,0.3,31.9,0
"9794",2026-10-08,0.2,0,0,0,0.167,0,0.2,45.1,0
"9795",2026-10-08,0.1,1.3,0,0,0.441,0,0.1,36.5,0
"9796",2026-10-08,0.1,0.3,0,0,0.714,0,0.1,47.7,0
"9797",2026-10-08,0.1,1.1,1.1,0,0.185,0,1.2,159.4,0
"9798",2026-10-08,0.1,1,0,0,0.428,0,0.1,25.9,0
"9799",2026-10-08,0,0,0.1,0.001,0.905,0,0.1,65.4,0
"9800",2026-10-08,0,0,NA,0.002,NA,NA,NA,NA,NA
"9801",2026-10-08,0,0,NA,0.006,NA,NA,NA,NA,NA
"9802",2026-10-08,0,0.1,0,0.001,0.461,0,0,5.2,0
"9803",2026-10-08,0,0,0,0.002,0.467,0,0,17.9,0
"9804",2026-10-08,0,0,0,0.003,0.611,0,0,13.3,0
"9805",2026-10-08,0,0,0,0.001,0.672,0,0,2,0
"9806",2026-10-08,0,0.1,0,0.002,0.581,0,0,2.1,0
"9946",2026-10-08,9.6,6,6,0.001,0.001,1,15.6,0.9,1
"9947",2026-10-08,12,6.7,141,0.001,0.001,1,153,31.5,1
"9948",2026-10-08,16.6,8,161.6,0.001,0,1,178.2,39.5,1
"9949",2026-10-08,19.4,7.8,149.1,0.001,0,1,168.4,40.4,1
"9950",2026-10-08,25.5,8.2,112.7,0.001,0,1,138.2,38.5,1
"9951",2026-10-08,30.1,2.2,77.8,0.004,0.025,0,107.8,18.9,1
"9952",2026-10-08,29,1.4,1.4,0.003,0.212,0,30.4,72.2,0
"9953",2026-10-08,28.3,0.8,18,0.005,0.143,0,46.3,244.8,0
"9954",2026-10-08,19.2,0.2,33.1,0.004,0.023,0,52.2,271.6,0
"9955",2026-10-08,13.4,0.7,33.7,0.004,0.216,0,47.1,0.7,1
"9956",2026-10-08,7.4,0.3,0.3,0.004,0.116,0,7.7,80.5,0
"9957",2026-10-08,8.8,0.4,0.4,0.005,0.023,0,9.2,52.7,0
"9958",2026-10-08,16.6,1.9,0.4,0.007,0.021,0,17,61.9,0
"9959",2026-10-08,19.9,0.4,0.4,0.003,0.083,0,20.4,87.7,0
"9960",2026-10-08,13.5,0.6,0.6,0.001,0.042,0,14.1,83.8,0
"9961",2026-10-08,9.9,2.4,18.5,0.001,0.069,0,28.4,249.8,0
"9962",2026-10-08,12.1,23.8,23.8,0.002,0.113,0,35.9,0.4,1
"9976",2026-10-08,25.7,45.5,114.2,0.005,0,1,140,5.5,1
"9977",2026-10-08,19.6,38.8,59.6,0.007,0,1,79.1,1.8,1
"9978",2026-10-08,11.2,29.2,4.7,0.013,0.168,0,15.9,33.5,0
"9979",2026-10-08,9,19.8,19.8,0.009,0.36,0,28.8,65.8,0
"9980",2026-10-08,12,72.4,27.6,0.005,0.114,0,39.6,99,0
"9982",2026-10-08,10,18.9,43.2,0.01,0.005,1,53.2,13.2,1
"9983",2026-10-08,5.7,2.9,45.3,0.007,0.157,0,51,8.1,1
"9984",2026-10-08,4,2.2,27.8,0.012,0.029,0,31.7,5.3,1
"9985",2026-10-08,3.1,9.9,6.8,0.005,0.007,0,9.9,12.6,0
"9986",2026-10-08,2.7,7.2,7.2,0.002,0.048,0,9.8,41,0
"9987",2026-10-08,4,9.3,10.3,0.004,0.287,0,14.4,79.7,0
"9988",2026-10-08,5.4,12.6,29.3,0.003,0.213,0,34.7,0.2,1
"9989",2026-10-08,4.3,11.7,19.7,0.001,0.111,0,24,0.1,1
"9990",2026-10-08,3.6,11,11,0.001,0.021,0,14.7,63.4,0
"9991",2026-10-08,4.4,34.6,34.6,0.001,0,1,38.9,0.4,1
"9992",2026-10-08,5.5,20.2,20.2,0.002,0.019,0,25.7,67.5,0
"9993",2026-10-08,4.1,33.4,33.4,0,0.073,0,37.5,65.8,0
"9994",2026-10-08,2.9,26.3,26.3,0.002,0.079,0,29.3,68.5,0
"9995",2026-10-08,2.1,10.1,12.5,0.001,0.01,0,14.6,0.7,1
"9996",2026-10-08,1.7,5.7,5.7,0,0.003,0,7.4,18.2,0
"9997",2026-10-08,1.7,5.4,9.9,0,0.006,0,11.6,103.6,0
"9998",2026-10-08,1.2,0.2,0.2,0,0.024,0,1.4,31.3,0
"1336",2026-10-08,0,0.9,0.9,0,0.029,0,0.9,325.5,0
"3219",2026-10-08,0.6,13.1,31.4,0.001,0.118,0,32,220.8,0
"4081",2026-10-08,0,0,0,0.002,0.01,0,0,34.5,0
"4086",2026-10-08,0,0,0,0.001,0.368,0,0,7.4,0
"4292",2026-10-08,0,0,0,0,0.637,0,0,33.2,0
"4295",2026-10-08,0,0,0,0.001,0.7,0,0,20.1,0
"4505",2026-10-08,0,0.1,0.1,0.001,0.08,0,0.1,56.8,0
"4717",2026-10-08,0,0,0.1,0.001,0.021,0,0.1,43.2,0
"4924",2026-10-08,0.1,0.7,0.7,0,0.703,0,0.8,91.9,0
"5564",2026-10-08,0,0.6,0,0.001,0.206,0,0.1,3.5,0
"5769",2026-10-08,0.1,0.3,13.1,0.002,0.736,0,13.2,176.1,0
"5773",2026-10-08,0,1.1,0,0.001,0.19,0,0,7.9,0
"5779",2026-10-08,0,0,0,0.001,0.57,0,0,23.7,0
"5981",2026-10-08,0.1,2.5,0.7,0.001,0.06,0,0.9,38.6,0
"6181",2026-10-08,2.5,47,47,0,0.033,0,49.5,136.4,0
"6189",2026-10-08,0.3,3.7,17.7,0,0.049,0,18,180,0
"6606",2026-10-08,1.3,11.1,11.1,0,0.263,0,12.4,147.1,0
"6607",2026-10-08,1.4,6.7,11.5,0,0.829,0,12.9,175.7,0
"6627",2026-10-08,0,0.1,0.1,0,0.022,0,0.1,9.6,0
"6629",2026-10-08,0,0,0,0,0.76,0,0,4.5,0
"6836",2026-10-08,0,0.2,0.2,0,0.375,0,0.2,17.2,0
"6837",2026-10-08,0,0,0,0.001,0.654,0,0,10.9,0
"6839",2026-10-08,0,0,0,0,0.802,0,0,4.6,0
"6840",2026-10-08,0,0,0,0,0.802,0,0,4.6,0
"7224",2026-10-08,5.6,1.6,1.6,0.002,0.298,0,7.2,64.8,0
"7259",2026-10-08,0,0,0,0,0.802,0,0,4.6,0
"7434",2026-10-08,4.9,1.3,1.3,0.002,0.298,0,6.2,64.8,0
"7435",2026-10-08,6.4,23.6,23.6,0,0.015,0,30,125.7,0
"7467",2026-10-08,0,0,0.1,0.001,0.042,0,0.1,52.8,0
"7468",2026-10-08,0,0,0,0.001,0.002,0,0,0.5,0
"7640",2026-10-08,4.7,4.2,21.7,0.001,0.121,0,26.4,122.5,0
"7641",2026-10-08,4.1,8.1,18.3,0.001,0,1,22.4,75.1,0
"7642",2026-10-08,3,13.4,2.6,0.001,0.13,0,5.6,43.1,0
"7644",2026-10-08,6.7,7,24.3,0,0.002,0,31,104,0
"7649",2026-10-08,5.7,2.9,22.3,0.004,0.002,1,27.9,17.2,1
"7665",2026-10-08,1.2,9.4,8.5,0,0.378,0,9.7,51.9,0
"7678",2026-10-08,0.1,0.1,1,0.001,0.042,0,1.1,52.8,0
"7852",2026-10-08,4.1,14.2,14.2,0,0.004,0,18.2,77.4,0
"7855",2026-10-08,11.8,40.1,40.1,0,0.015,0,52,125.7,0
"7875",2026-10-08,1.5,12.5,11.4,0,0.378,0,13,51.9,0
"7887",2026-10-08,0.2,0.2,1.9,0.001,0.042,0,2.1,52.8,0
"7891",2026-10-08,0.3,3,0.1,0,0.216,0,0.4,37.6,0
"7892",2026-10-08,0.2,1.6,0.1,0,0.216,0,0.3,37.6,0
"7896",2026-10-08,0,0,0.4,0.001,0.005,0,0.4,5.6,0
"7900",2026-10-08,0,0,0,0,0.75,0,0,3.8,0
"8062",2026-10-08,4.1,8,17.2,0.001,0.015,0,21.3,94.1,0
"8063",2026-10-08,5.8,5.3,5.3,0,0.017,0,11.1,56.6,0
"8064",2026-10-08,8,7.8,2.1,0.001,0.023,0,10.2,46.3,0
"8066",2026-10-08,12.4,13.8,25.8,0.001,0.001,1,38.2,1.2,1
"8067",2026-10-08,12.4,40,40,0.001,0.003,0,52.5,118,0
"8100",2026-10-08,0.4,6.2,0.2,0,0.216,0,0.6,37.6,0
"8101",2026-10-08,0.5,4.1,0.2,0,0.216,0,0.6,37.6,0
"8102",2026-10-08,0.4,2.2,0.1,0,0.216,0,0.5,37.6,0
"8113",2026-10-08,0.1,0.8,0,0.001,0.134,0,0.1,3.6,0
"8114",2026-10-08,0.1,1,0,0.001,0.134,0,0.1,3.6,0
"8272",2026-10-08,4.4,53.6,19.3,0.001,0,1,23.7,2.3,1
"8277",2026-10-08,12.7,13.4,24.8,0.001,0.001,1,37.5,1.2,1
"8297",2026-10-08,7.8,58.3,38.6,0.014,0.032,0,46.4,61.5,0
"8310",2026-10-08,0.5,0.3,3.3,0.001,0.082,0,3.8,71.3,0
"8312",2026-10-08,0.4,3.4,0.1,0,0.216,0,0.5,37.6,0
"8321",2026-10-08,0,0.5,0.3,0.001,0.999,0,0.3,7.1,0
"8322",2026-10-08,0.1,0.6,0,0.001,0.134,0,0.1,3.6,0
"8323",2026-10-08,0.2,1.2,0,0.001,0.134,0,0.2,3.6,0
"8324",2026-10-08,0.3,1.9,0,0.003,0.134,0,0.3,3.6,0
"8507",2026-10-08,9.1,72,72,0.015,0,1,81.1,0.1,1
"8516",2026-10-08,1.4,22.1,7.6,0.002,0.089,0,9,96.7,0
"8519",2026-10-08,0.3,0.7,3.6,0.001,0.082,0,3.9,71.3,0
"8520",2026-10-08,0.6,3.1,3.1,0,0.064,0,3.6,130.1,0
"8521",2026-10-08,0.5,2.9,2.9,0,0.105,0,3.5,113.9,0
"8522",2026-10-08,0,0.8,0.8,0,0.105,0,0.8,113.9,0
"8531",2026-10-08,0.1,0,0,0.001,0.012,0,0.1,2.7,0
"8532",2026-10-08,0.1,0.5,0.5,0.002,0.191,0,0.5,7.7,0
"8533",2026-10-08,0.2,0.9,0.9,0.003,0.191,0,1.2,7.7,0
"8534",2026-10-08,0.4,1.8,1.8,0.006,0.191,0,2.2,7.7,0
"8698",2026-10-08,13.6,3.2,31,0.001,0.013,0,44.6,757.8,0
"8721",2026-10-08,2.5,18,18,0.001,0.003,0,20.5,34,0
"8722",2026-10-08,2.6,15.4,4.7,0.004,0.118,0,7.3,13.4,0
"8729",2026-10-08,0.6,3,3,0,0.208,0,3.6,74.3,0
"8732",2026-10-08,0.5,2.4,2.4,0,0.105,0,2.9,113.9,0
"8741",2026-10-08,0.1,0,0,0,0.612,0,0.1,7.6,0
"8743",2026-10-08,0.1,0.6,0.6,0.002,0.191,0,0.8,7.7,0
"8907",2026-10-08,12.7,2.3,23.9,0,0.02,0,36.5,480.8,0
"8908",2026-10-08,16.5,3.1,32.1,0.001,0.013,0,48.6,757.8,0
"8909",2026-10-08,16.6,3.4,33,0.001,0.224,0,49.7,764.5,0
"8910",2026-10-08,11.4,2.4,22.8,0.001,0.224,0,34.3,764.5,0
"8911",2026-10-08,10.5,2.3,20.9,0.001,0.051,0,31.4,472.9,0
"8931",2026-10-08,2.4,24.2,24.2,0.002,0.001,1,26.6,0.5,1
"8941",2026-10-08,1.1,4.7,4.7,0,0.105,0,5.8,113.9,0
"8953",2026-10-08,0.1,0.5,0,0.001,0.311,0,0.1,3.3,0
"9120",2026-10-08,11.7,1.9,19.6,0.001,0.042,0,31.3,722.8,0
"9121",2026-10-08,11.5,1.9,18.5,0.001,0.051,0,29.9,472.9,0
"9122",2026-10-08,15.7,112.2,112.2,0.001,0,1,127.9,16.5,1
"9150",2026-10-08,1.4,5.6,5.6,0,0.061,0,6.9,90.5,0
"9333",2026-10-08,22.7,105.5,105.5,0.001,0.005,0,128.2,9.5,1
"9368",2026-10-08,0.2,0,0,0,0.522,0,0.2,13.1,0
"9544",2026-10-08,28.6,13.5,1.1,0.002,0,1,29.7,91.8,0
"9584",2026-10-08,0,0,0,0,0.167,0,0,45.1,0
"9585",2026-10-08,0,1.7,0,0,0.441,0,0,36.5,0
"9586",2026-10-08,0,0.1,0,0,0.714,0,0,47.7,0
"9587",2026-10-08,0.2,0,0,0,0.313,0,0.2,15.7,0
"9755",2026-10-08,26.2,14.7,0.9,0.002,0,1,27.1,91.8,0
"9790",2026-10-08,0.1,0,0,0,0.505,0,0.1,32.2,0
"9792",2026-10-08,0.5,1.9,0,0,0.347,0,0.5,41.1,0
"10000",2026-10-08,0.6,2.4,0.1,0.001,0.089,0,0.7,27.1,0
"10002",2026-10-08,0.4,0,0,0,0.256,0,0.5,29.6,0
"10003",2026-10-08,0.1,0,0,0,0.05,0,0.1,31.9,0
"10213",2026-10-08,0.7,3,3,0,0.02,0,3.7,70.4,0
"10214",2026-10-08,0.4,2.6,2.6,0,0.02,0,3,70.4,0
"10215",2026-10-08,0.2,0,1.4,0,0.017,0,1.7,75.4,0
"10634",2026-10-08,2.5,10.3,10.3,0,0.02,0,12.8,70.4,0
"10844",2026-10-08,3.6,0.4,11.4,0,0.008,0,15,40.7,0
"10845",2026-10-08,1.5,0.2,4.8,0,0.008,0,6.3,40.7,0
"10846",2026-10-08,0.6,0.1,2,0,0.008,0,2.6,40.7,0
"10851",2026-10-08,0.2,1.2,1.2,0,0.182,0,1.4,196.4,0
"11054",2026-10-08,3.4,0.4,10,0,0.008,0,13.5,40.7,0
"11055",2026-10-08,2,0.2,5.9,0,0.008,0,7.9,40.7,0
"11287",2026-10-08,0,0,0,0,0.07,0,0,2.4,0
"11290",2026-10-08,0,0,0,0,0.002,0,0,1.3,0
"11473",2026-10-08,2.3,17.1,17.1,0.002,0.008,0,19.4,39.5,0
"11499",2026-10-08,0,0,0,0,0.002,0,0,1.3,0
"11683",2026-10-08,1.3,5.7,5.7,0.001,0.01,0,7.1,20.5,0
"11684",2026-10-08,0.7,2.2,13,0,0,1,13.8,0.4,1
"11685",2026-10-08,0.5,1.2,3.1,0.001,0.064,0,3.6,74.8,0
"11709",2026-10-08,0,0,0,0.002,0.005,0,0,0.9,0
"11710",2026-10-08,0,0,0,0.002,0.005,0,0,0.9,0
"11884",2026-10-08,5.7,13.4,13.4,0.001,0.015,0,19.1,70.4,0
"11885",2026-10-08,4.3,10.4,10.4,0,0.189,0,14.7,177.9,0
"11896",2026-10-08,0.5,1.2,1.2,0.001,0.02,0,1.7,29.3,0
"11908",2026-10-08,0.1,1.2,1.2,0,0.003,0,1.3,47.7,0
"11919",2026-10-08,0,0,0,0.002,0.005,0,0,0.9,0
"12094",2026-10-08,6.8,1,1,0,0.02,0,7.8,76,0
"12095",2026-10-08,6.5,14.1,0.9,0.001,0.004,0,7.5,55.8,0
"12124",2026-10-08,0,0,0,0,0.178,0,0,28,0
"12129",2026-10-08,0,0,0,0.001,0.029,0,0,3.6,0
"12304",2026-10-08,9.8,15,1.4,0.001,0.007,0,11.2,73.6,0
"12322",2026-10-08,0.6,3.7,3.7,0.001,0.012,0,4.3,45.7,0
"12323",2026-10-08,0.7,2.9,4.5,0,0.059,0,5.1,130.5,0
"12329",2026-10-08,0.2,0.1,0.1,0,0.011,0,0.3,22.5,0
"12330",2026-10-08,0.1,0.6,0.1,0,0.003,0,0.2,12.8,0
"12332",2026-10-08,0,0,0,0,0.017,0,0,19.7,0
"12339",2026-10-08,0,0,0,0.001,0.029,0,0,3.6,0
"12340",2026-10-08,0,0,0,0.001,0.029,0,0,3.6,0
"12501",2026-10-08,22.8,0.5,17.2,0.001,0.09,0,40,1.1,1
"12502",2026-10-08,23.6,1.5,27.4,0.001,0.09,0,51,1.1,1
"12518",2026-10-08,6.8,10.4,13.9,0.001,0.127,0,20.7,145.1,0
"12524",2026-10-08,2.3,0.5,5.8,0.001,0.03,0,8,36.4,0
"12533",2026-10-08,0.3,0.1,2.4,0.001,0.026,0,2.7,57.2,0
"12540",2026-10-08,0.3,0.1,2.7,0,0.003,0,2.9,145.8,0
"12541",2026-10-08,0.1,0.5,0.1,0,0.003,0,0.2,12.8,0
"12560",2026-10-08,0,0,0,0.002,0.015,0,0,1.1,0
"12708",2026-10-08,24.1,101.4,1.4,0.004,0.041,0,25.5,99,0
"12709",2026-10-08,26.4,1.2,1.2,0.003,0.134,0,27.6,110.3,0
"12710",2026-10-08,29,1.6,88,0.001,0.087,0,117,3.3,1
"12711",2026-10-08,26.2,1.7,16,0.001,0.156,0,42.2,159.4,0
"12712",2026-10-08,21.3,1.7,14.5,0.001,0.156,0,35.8,159.4,0
"12721",2026-10-08,15.5,2.7,2.7,0,0.003,0,18.1,89.8,0
"12722",2026-10-08,15.7,2.7,2.7,0.001,0.003,0,18.3,48.3,0
"12723",2026-10-08,16.8,45.6,2.7,0,0.013,0,19.5,97.3,0
"12724",2026-10-08,20.1,27.6,2.8,0.001,0.007,0,22.9,73.6,0
"12725",2026-10-08,17.9,16.5,1.6,0.001,0.01,0,19.5,52.8,0
"12751",2026-10-08,0.3,0.1,0.1,0,0.005,0,0.4,18.7,0
"12755",2026-10-08,0,0,0,0,0.007,0,0.1,12.2,0
"12768",2026-10-08,0,0,0,0,0.007,0,0,0.7,0
"12769",2026-10-08,0,0,0,0.001,0.048,0,0,0.9,0
"12917",2026-10-08,18.2,78.2,1.3,0.003,0.045,0,19.5,102.6,0
"12918",2026-10-08,19.5,75.2,0.5,0.004,0.041,0,20,99,0
"12919",2026-10-08,24.3,0.1,0.1,0.002,0.134,0,24.4,110.3,0
"12920",2026-10-08,29.6,1.1,81.8,0.001,0.087,0,111.3,3.3,1
"12921",2026-10-08,27.4,1.9,75.1,0.001,0.087,0,102.6,3.3,1
"12922",2026-10-08,22,1.9,15.7,0.001,0.156,0,37.7,159.4,0
"12931",2026-10-08,14.4,107.7,64.1,0,0,1,78.5,467.5,0
"12932",2026-10-08,15.8,113.8,69.2,0,0,1,85,467.5,0
"12933",2026-10-08,17.9,50.4,3.1,0,0.013,0,21,97.3,0
"12934",2026-10-08,21.7,32.4,3.5,0.001,0.007,0,25.2,73.6,0
"12935",2026-10-08,21.7,39.7,52.2,0.004,0.132,0,73.9,244.5,0
"12936",2026-10-08,14.7,24.9,32.7,0.002,0.132,0,47.4,244.5,0
"12957",2026-10-08,0.2,1.8,0.3,0,0.383,0,0.5,33.2,0
"12961",2026-10-08,0.3,2.5,0.2,0,0,1,0.5,69,0
"12962",2026-10-08,0.3,0.1,0.1,0,0.005,0,0.4,18.7,0
"12963",2026-10-08,0.2,0.1,0.1,0,0.008,0,0.4,16.5,0
"12964",2026-10-08,0.2,0.1,0.1,0,0.014,0,0.3,17.4,0
"13138",2026-10-08,11.7,90.2,53.3,0.001,0,1,65,1.8,1
"13142",2026-10-08,19.1,129,81.2,0,0,1,100.4,467.5,0
"13143",2026-10-08,18.9,133.5,83.1,0,0,1,102.1,467.5,0
"13144",2026-10-08,21,47.1,61.9,0.004,0.132,0,82.9,244.5,0
"13145",2026-10-08,23,51.6,67.6,0.005,0.132,0,90.5,244.5,0
"13157",2026-10-08,0.7,0.1,1.6,0.001,0.029,0,2.2,30.9,0
"13172",2026-10-08,0.2,1.9,0.1,0,0,1,0.3,69,0
"13173",2026-10-08,0.2,0.1,0.1,0,0.008,0,0.3,16.5,0
"13189",2026-10-08,0,0,0,0.001,0.048,0,0,0.9,0
"13190",2026-10-08,0,0,0,0.001,0.003,0,0,0.4,0
"13194",2026-10-08,0,0,0,0,0.001,0,0,0.4,0
"13346",2026-10-08,8.7,7.6,45.8,0.001,0.007,0,54.6,308.5,0
"13347",2026-10-08,9.2,9.9,1.4,0.001,0.008,0,10.5,92.9,0
"13348",2026-10-08,9.5,74.3,74.3,0,0,1,83.7,2.5,1
"13353",2026-10-08,15.8,120.3,120.3,0,0,1,136.1,11.5,1
"13354",2026-10-08,17.3,122.7,122.7,0,0,1,140,11.5,1
"13355",2026-10-08,20.3,123.9,123.9,0.004,0.001,1,144.2,2.4,1
"13381",2026-10-08,0.4,3.8,0.2,0,0,1,0.6,69,0
"13382",2026-10-08,0,1.7,0,0,0,1,0,69,0
"13400",2026-10-08,0,0,0,0,0.62,0,0,2.2,0
"13544",2026-10-08,8,49.6,1.2,0.001,0,1,9.2,142.1,0
"13545",2026-10-08,7.3,51.4,0.9,0.001,0,1,8.2,142.1,0
"13556",2026-10-08,6.2,9.2,4.9,0.001,0.15,0,11.1,169.5,0
"13558",2026-10-08,7.5,12.7,62.9,0,0.207,0,70.4,1.3,1
"13583",2026-10-08,0.3,1,0.1,0.001,0.132,0,0.4,15.9,0
"13587",2026-10-08,0.3,1.5,0.1,0.002,0.569,0,0.4,67.6,0
"13601",2026-10-08,0,0.1,0,0,0.006,0,0,14,0
"13604",2026-10-08,0,0,0,0,0.001,0,0,4.2,0
"13607",2026-10-08,0,0,0,0,0.911,0,0,14.4,0
"13615",2026-10-08,0,0,0,0,0.003,0,0,0.9,0
"13756",2026-10-08,11.3,39.4,1.1,0.003,0.001,1,12.4,59.7,0
"13757",2026-10-08,17.5,46.3,1.2,0.004,0.001,1,18.6,59.3,0
"13758",2026-10-08,23.7,62,9.7,0.006,0.001,1,33.4,120.9,0
"13765",2026-10-08,10.5,67.4,67.4,0,0.03,0,77.9,490.3,0
"13766",2026-10-08,11.5,50.7,50.7,0,0,1,62.2,5.1,1
"13793",2026-10-08,0.4,1.4,1.4,0.001,0.014,0,1.8,31.8,0
"13804",2026-10-08,0.3,0.2,0.2,0.002,0.038,0,0.5,13,0
"13805",2026-10-08,0.3,2.5,3.6,0,0.006,0,3.9,88.2,0
"13811",2026-10-08,0.1,0.3,0.1,0,0.006,0,0.1,14,0
"13813",2026-10-08,0,0,0,0,0.001,0,0.1,4.2,0
"13825",2026-10-08,0,0,0,0.001,0.001,0,0,0.4,0
"13966",2026-10-08,11.2,5.9,8.8,0.007,0.045,0,20,163.5,0
"14014",2026-10-08,0.3,0.2,0.2,0.002,0.038,0,0.4,13,0
"14015",2026-10-08,0.3,2.7,4.3,0,0.006,0,4.7,88.2,0
"14022",2026-10-08,0.2,0.1,0.1,0,0.001,0,0.3,4.2,0
"14023",2026-10-08,0.1,0.1,0.1,0,0.001,0,0.2,4.2,0
"14028",2026-10-08,0,0,0,0,0.082,0,0,4.4,0
"14029",2026-10-08,0,0,0,0.002,0.536,0,0,2.8,0
"14218",2026-10-08,0.1,0.7,3.1,0,0,1,3.3,0.1,1
"14225",2026-10-08,0.2,0.1,0.1,0.002,0.012,0,0.3,9.1,0
"14232",2026-10-08,0.2,0.1,0.1,0,0.001,0,0.3,4.2,0
"14233",2026-10-08,0.1,0.3,0.1,0.001,0.833,0,0.3,48.3,0
"14412",2026-10-08,3.8,28.7,28.7,0,0.002,0,32.5,90.6,0
"14424",2026-10-08,0.4,1.1,4.4,0.001,0.017,0,4.8,99.7,0
"14428",2026-10-08,0.2,0.9,3.6,0,0,1,3.8,0.1,1
"14430",2026-10-08,0.1,0.3,0.1,0,0.009,0,0.2,22.9,0
"14431",2026-10-08,0.1,0,0.4,0.001,0.055,0,0.5,112.3,0
"14442",2026-10-08,0.1,0.3,0.4,0.001,0.825,0,0.5,49.7,0
"14621",2026-10-08,4.6,30.7,30.7,0.001,0.003,0,35.3,87.6,0
"14622",2026-10-08,4.8,16.1,66.8,0.002,0.063,0,71.5,207.4,0
"14634",2026-10-08,0.7,1.7,6.6,0.001,0.017,0,7.3,99.7,0
"14648",2026-10-08,0.2,0.4,2.2,0.001,0.001,1,2.4,3.2,0
"14660",2026-10-08,0,0,0,0.002,0.536,0,0,2.8,0
"14661",2026-10-08,0,0,0,0.002,0.536,0,0,2.8,0
"14844",2026-10-08,1.7,4.2,10.6,0.001,0.001,1,12.3,551.4,0
"14856",2026-10-08,0.3,2.7,2.7,0,0.004,0,3,45.7,0
"14869",2026-10-08,0,0.2,0.1,0,0.861,0,0.1,46.3,0
"14870",2026-10-08,0,0.1,0,0,0.861,0,0,46.3,0
"14871",2026-10-08,0,0,0,0.002,0.536,0,0,2.8,0
"14873",2026-10-08,0,0,0,0,1,0,0,1.4,0
"14874",2026-10-08,0,0,0,0,1,0,0,1.4,0
"15066",2026-10-08,0.4,0.2,0.2,0.002,0.533,0,0.6,62.1,0
"15068",2026-10-08,0.3,0.5,3.7,0.001,0.001,1,4,3.2,1
"15080",2026-10-08,0,0.1,0,0,0.861,0,0,46.3,0
"15081",2026-10-08,0,0,0,0,0.861,0,0,46.3,0
"15082",2026-10-08,0,0,0,0,1,0,0,1.4,0
"15083",2026-10-08,0,0,0,0,1,0,0,1.4,0
"15084",2026-10-08,0,0,0,0,1,0,0,1.4,0
"15085",2026-10-08,0,0,0,0,1,0,0,1.4,0
"15089",2026-10-08,0,0,0,0,1,0,0,1.4,0
"15265",2026-10-08,4.8,46.8,46.8,0,0.035,0,51.6,261.5,0
"15290",2026-10-08,0,0.1,0,0,0.861,0,0,46.3,0
"15291",2026-10-08,0,0.1,0.1,0,0.264,0,0.1,239,0
"15292",2026-10-08,0,0.1,0.1,0,0.247,0,0.1,155.3,0
"15298",2026-10-08,0,0,0,0,1,0,0,1.4,0
"15474",2026-10-08,5.2,2.9,46.3,0.003,0.385,0,51.5,407.3,0
"15475",2026-10-08,4.7,2.6,50.7,0.003,0.132,0,55.4,9,1
"15476",2026-10-08,2.2,34.1,34.1,0.001,0.008,0,36.3,111.5,0
"15477",2026-10-08,0.6,1.6,1.6,0.001,0.704,0,2.2,27.2,0
"15491",2026-10-08,0.2,0.1,0.4,0.001,0.024,0,0.6,11.5,0
"15495",2026-10-08,0.1,1,0.7,0,0.532,0,0.7,102.3,0
"15500",2026-10-08,0,0.4,0.4,0,0.264,0,0.4,239,0
"15501",2026-10-08,0,0.2,0.2,0,0.264,0,0.2,239,0
"15502",2026-10-08,0,0.1,0.1,0,0.264,0,0.1,239,0
"15686",2026-10-08,3,48.5,48.5,0.002,0.001,1,51.5,1.6,1
"15687",2026-10-08,1.7,30.7,17.9,0.002,0.001,1,19.6,0.2,1
"15690",2026-10-08,0.1,0.1,1.7,0.004,0.01,0,1.8,66.8,0
"15700",2026-10-08,0.2,0.1,0.4,0.001,0.024,0,0.6,11.5,0
"15701",2026-10-08,0.1,0.1,0.3,0.001,0.024,0,0.5,11.5,0
"15704",2026-10-08,0.2,0.1,0.1,0.001,0.647,0,0.3,32.5,0
"15705",2026-10-08,0.1,0.2,0.2,0.002,0.002,0,0.3,3.7,0
"15706",2026-10-08,0.1,0.1,0.1,0.002,0.002,0,0.2,3.7,0
"15710",2026-10-08,0,0.5,0.5,0,0.264,0,0.6,239,0
"15711",2026-10-08,0,0.4,0.4,0,0.264,0,0.5,239,0
"15712",2026-10-08,0,0.1,0.1,0,0.264,0,0.1,239,0
"15820",2026-10-08,0.8,1.7,41.7,0.003,0.003,1,42.4,10,1
"15902",2026-10-08,0.2,0.1,2,0.004,0.011,0,2.2,122,0
"16029",2026-10-08,2.9,6.6,76.8,0.003,0.003,1,79.6,10,1
"16030",2026-10-08,1.6,3.4,57.7,0.003,0.003,1,59.3,10,1
"16031",2026-10-08,0.7,1.4,38.3,0.003,0.003,1,38.9,10,1
"16032",2026-10-08,1.5,0.4,0.4,0.005,0.005,0,1.8,2.1,0
"16112",2026-10-08,0.2,0.2,0.2,0.001,0.004,0,0.4,10.4,0
"16114",2026-10-08,0.2,0.2,0.2,0.002,0.011,0,0.4,42.8,0
"16133",2026-10-08,0,0.5,0.5,0,0.289,0,0.5,275.7,0
"16239",2026-10-08,4.1,9.8,86.5,0.003,0.003,1,90.6,10,1
"16240",2026-10-08,3.8,8.1,67.8,0.003,0.003,1,71.6,10,1
"16241",2026-10-08,2.6,5.7,51.2,0.003,0.003,1,53.9,10,1
"16242",2026-10-08,2.6,0.6,0.6,0.005,0.005,1,3.2,2.1,1
"16320",2026-10-08,2.2,5.1,9.6,0.001,0.017,0,11.8,133.1,0
"16321",2026-10-08,1.1,14.3,14.3,0.001,0.003,0,15.4,50.2,0
"16323",2026-10-08,0.3,0.2,0.2,0.001,0.004,0,0.5,10.4,0
"16342",2026-10-08,0,0.6,0.6,0,0.264,0,0.6,239,0
"16343",2026-10-08,0,0.7,0.7,0,0.289,0,0.8,275.7,0
"16344",2026-10-08,0,0.5,0.5,0,0.403,0,0.5,183.5,0
"16346",2026-10-08,0,0.1,0.1,0,0.247,0,0.1,155.3,0
"16451",2026-10-08,4.5,10.5,59.5,0.003,0.003,1,63.9,10,1
"16533",2026-10-08,0.4,1.9,1.9,0,0.044,0,2.3,79.8,0
"16535",2026-10-08,0.3,1.4,1,0,0.029,0,1.3,120.1,0
"16556",2026-10-08,0,0.1,0.1,0,0.32,0,0.1,141,0
"16557",2026-10-08,0,0,0,0,NA,NA,0,15.3,0
"16739",2026-10-08,3.3,2.5,14.3,0.003,0.008,0,17.5,220,0
"16765",2026-10-08,0,0,0,0,0.32,0,0.1,141,0
"16766",2026-10-08,0,0,0,0,NA,NA,0,15.3,0
"16864",2026-10-08,2.3,11.5,57.8,0.004,0.018,0,60.1,2.6,1
"16865",2026-10-08,2.1,10.5,58.1,0.004,0.018,0,60.3,2.6,1
"16866",2026-10-08,2.2,10.2,71,0.004,0.018,0,73.2,2.6,1
"16976",2026-10-08,0,0,0,0.003,0.571,0,0,32.4,0
"17072",2026-10-08,1.6,10.6,75,0.004,0.021,0,76.6,2.2,1
"17073",2026-10-08,1.9,80.3,80.3,0.004,0.003,1,82.2,2.5,1
"17074",2026-10-08,2.5,71.6,71.6,0.004,0.003,1,74,2.5,1
"17075",2026-10-08,2.7,12.3,63.8,0.004,0.018,0,66.5,2.6,1
"17076",2026-10-08,3,12.5,73.5,0.004,0.018,0,76.5,2.6,1
"17077",2026-10-08,3.5,13.3,86.5,0.004,0.018,0,90,2.6,1
"17280",2026-10-08,1.7,46.5,46.5,0.001,0,1,48.1,10.7,1
"17281",2026-10-08,1.9,15.9,36.4,0.001,0,1,38.2,10.3,1
"17282",2026-10-08,1.8,11.4,29.1,0.001,0,1,30.9,10.3,1
"17283",2026-10-08,2,86.7,86.7,0.004,0.003,1,88.7,2.5,1
"17284",2026-10-08,2.5,87,87,0.004,0.003,1,89.5,2.5,1
"17285",2026-10-08,3.2,81.9,81.9,0.004,0.003,1,85.1,2.5,1
"17286",2026-10-08,3.9,15.6,87.7,0.004,0.018,0,91.5,2.6,1
"17287",2026-10-08,4.7,17.8,86.2,0.004,0.018,0,90.8,2.6,1
"17491",2026-10-08,2.7,20.1,44.2,0,0,1,46.9,7.2,1
"17492",2026-10-08,2.5,15,36.9,0,0,1,39.4,7.2,1
"17493",2026-10-08,2.6,1.5,90.8,0,0.037,0,93.4,28.9,1
"17494",2026-10-08,2.8,1.5,86.4,0,0.037,0,89.1,28.9,1
"17495",2026-10-08,3.5,1.9,85.9,0,0.037,0,89.3,28.9,1
"17496",2026-10-08,4.5,18.1,98.6,0,0,1,103.1,35.5,1
"17497",2026-10-08,6,23.2,100.5,0,0,1,106.5,35.5,1
"17695",2026-10-08,0.4,0.3,115.4,0.001,0,1,115.9,20.2,1
"17696",2026-10-08,0.4,0.3,101.1,0.001,0,1,101.6,20.2,1
"17697",2026-10-08,1.2,0.8,118.4,0,0.029,0,119.5,28.3,1
"17698",2026-10-08,2.1,1.4,123.5,0.001,0.013,0,125.7,28.9,1
"17699",2026-10-08,2.8,25.8,123.4,0.001,0.001,1,126.1,15.3,1
"17702",2026-10-08,3.3,18.7,100.2,0,0,1,103.5,32.5,1
"17703",2026-10-08,3.4,1.9,97.1,0,0.037,0,100.5,28.9,1
"17704",2026-10-08,3.5,1.9,91.7,0,0.037,0,95.2,28.9,1
"17705",2026-10-08,4.2,17.4,91.3,0,0,1,95.5,35.5,1
"17905",2026-10-08,0.2,0.1,96.7,0.001,0,1,96.9,20.2,1
"17906",2026-10-08,0.1,0.4,92.3,0.001,0,1,92.3,20.2,1
"17907",2026-10-08,1,1,105,0,0.029,0,106,28.3,1
"17908",2026-10-08,2.1,1.5,107.2,0.001,0.013,0,109.3,28.9,1
"17909",2026-10-08,2.5,107.9,107.9,0,0,1,110.4,22.1,1
"17910",2026-10-08,3.2,119.8,119.8,0,0,1,123,22.1,1
"17914",2026-10-08,4.9,21.3,105.8,0,0,1,110.7,35.5,1
"17915",2026-10-08,6,24.7,112.6,0,0,1,118.6,35.5,1
"18003",2026-10-08,0.3,0.5,7.7,0,0.005,0,8,58.3,0
"18116",2026-10-08,0.6,0.5,87.7,0.001,0,1,88.2,20.2,1
"18117",2026-10-08,1.6,1.3,97,0,0.029,0,98.5,28.3,1
"18118",2026-10-08,2.1,94,94,0,0,1,96.1,22.1,1
"18119",2026-10-08,2.3,101.7,101.7,0,0,1,104,22.1,1
"18120",2026-10-08,3.1,18.1,45.5,0,0,1,48.6,13.2,1
"18121",2026-10-08,3.7,19.6,52.8,0,0,1,56.5,13.2,1
"18122",2026-10-08,3.9,19,135.3,0,0,1,139.2,32.5,1
"18211",2026-10-08,1,3.5,3.5,0,0.003,0,4.5,45.1,0
"18212",2026-10-08,0.6,6.1,1.2,0.001,0.079,0,1.8,61.5,0
"18213",2026-10-08,0.4,6.7,5.8,0.001,0.001,1,6.2,0.6,1
"18214",2026-10-08,0.3,8.2,7,0.001,0.001,1,7.3,0.6,1
"18328",2026-10-08,2.7,83.5,83.5,0,0,1,86.2,22.1,1
"18329",2026-10-08,2.8,16.5,39,0,0,1,41.9,13.2,1
"18331",2026-10-08,3.4,16.6,51.5,0,0,1,54.9,13.2,1
"18333",2026-10-08,4.7,20.4,56.2,0,0,1,61,16.5,1
"18334",2026-10-08,6.9,28.3,128.5,0,0,1,135.5,35.5,1
"18423",2026-10-08,0.4,6.8,6.8,0,0.112,0,7.3,132.7,0
"18430",2026-10-08,0.2,0.9,0.9,0.002,0.007,0,1,70.1,0
"18431",2026-10-08,0,0.5,0.5,0,0,1,0.5,0.1,1
"18447",2026-10-08,0,0,0,0,0.009,0,0,25.5,0
"18838",2026-10-08,1.8,4.3,1.6,0,0.002,0,3.5,28.4,0
"18840",2026-10-08,1.6,2.6,7.1,0,0.077,0,8.8,1.6,1
"19051",2026-10-08,0.8,2.4,12.7,0.001,0.001,1,13.5,50,0
"19062",2026-10-08,0.4,4.7,0.5,0,0.031,0,1,25.9,0
"19257",2026-10-08,1.3,1.5,1.5,0,0.003,0,2.8,73.1,0
"19258",2026-10-08,1.4,2.1,0.6,0,0.002,0,2,28.4,0
"19259",2026-10-08,1.4,1.4,17.4,0,0.091,0,18.8,5.2,1
"19274",2026-10-08,0.3,1.3,0.4,0,0.017,0,0.8,29.2,0
"19467",2026-10-08,2.2,4.5,4.5,0,0.003,0,6.6,73.1,0
"19468",2026-10-08,1.9,4.1,1.6,0,0.002,0,3.5,28.4,0
"19469",2026-10-08,1.5,1.7,16,0,0.121,0,17.5,3.7,1
"19470",2026-10-08,0.7,1,8.5,0,0.121,0,9.2,3.7,1
"19478",2026-10-08,0.4,9.3,9.3,0.001,0.001,1,9.7,0.3,1
"19483",2026-10-08,0.4,1.4,0.5,0,0.032,0,0.8,31.1,0
"19676",2026-10-08,2.4,2.4,2.4,0.005,0.017,0,4.8,13.6,0
"19677",2026-10-08,2.6,2.7,2.7,0.006,0.017,0,5.3,13.6,0
"19678",2026-10-08,2,2.4,2.4,0.005,0.017,0,4.4,13.6,0
"19679",2026-10-08,1.4,1.9,1.9,0.004,0.017,0,3.3,13.6,0
"19680",2026-10-08,0.7,1.1,8.9,0,0.121,0,9.6,3.7,1
"19687",2026-10-08,0.5,1.4,1,0.001,0.149,0,1.5,37.4,0
"19688",2026-10-08,0.4,1.8,9,0.001,0.001,1,9.5,0.6,1
"19689",2026-10-08,0.3,1.1,5.8,0.001,0.001,1,6,0.6,1
"19719",2026-10-08,0,0.1,0,0.001,0.195,0,0,6.8,0
"19720",2026-10-08,0,0.1,0,0.001,0.043,0,0,0.5,0
"19887",2026-10-08,3,3.7,3.7,0.007,0.017,0,6.8,13.6,0
"19889",2026-10-08,1.7,2.8,2.8,0.007,0.009,0,4.5,8.3,0
"19890",2026-10-08,1.1,2.1,2.1,0.007,0.008,0,3.1,4.8,0
"19899",2026-10-08,0.3,0.6,4.9,0,0.109,0,5.2,0.5,1
"19900",2026-10-08,0.3,0.4,0.4,0.001,0.002,0,0.7,5.7,0
"19930",2026-10-08,0,0.1,0,0.001,0.195,0,0,6.8,0
"20125",2026-10-08,0.1,0.6,0.2,0.001,0.001,0,0.3,10.4,0
"20132",2026-10-08,0,0,0,0.001,0.002,0,0,5.5,0
"20133",2026-10-08,0,0,0,0.001,0.002,0,0,5.5,0
"20140",2026-10-08,0,0,0,0.001,0.183,0,0,4.8,0
"20309",2026-10-08,5.3,9.4,9.4,0.018,0.009,1,14.7,8.3,1
"20310",2026-10-08,4.2,10,10,0.026,0.008,1,14.1,4.8,1
"20311",2026-10-08,2,8.5,8.5,0.02,0.008,1,10.6,4.8,1
"20320",2026-10-08,0.3,0.5,0.5,0.001,0.002,0,0.8,5.7,0
"20322",2026-10-08,0.5,1.1,1.3,0.001,0.005,0,1.9,50.6,0
"20323",2026-10-08,0.7,1.5,1.8,0.001,0.005,0,2.6,50.6,0
"20330",2026-10-08,0.2,0.4,0.3,0,0.513,0,0.5,29.3,0
"20331",2026-10-08,0.2,0.3,0.2,0,0.497,0,0.4,35.1,0
"20335",2026-10-08,0.1,0.7,0.3,0.001,0.001,0,0.4,10.4,0
"20336",2026-10-08,0,0.3,0.1,0.001,0.001,0,0.2,3.8,0
"20341",2026-10-08,0,0,0,0.001,0.002,0,0,5.5,0
"20342",2026-10-08,0,0,0,0.001,0.002,0,0,5.5,0
"20348",2026-10-08,0,0,0,0.001,0.187,0,0,7.4,0
"20349",2026-10-08,0,0,0,0.001,0.183,0,0,4.8,0
"20350",2026-10-08,0,0,0,0.002,0.003,0,0,1.2,0
"20518",2026-10-08,9.5,13.7,13.7,0.022,0.01,1,23.2,12.3,1
"20519",2026-10-08,9.1,14.3,14.3,0.039,0.009,1,23.3,8.3,1
"20520",2026-10-08,8.9,17.2,17.2,0.087,0.008,1,26.1,4.8,1
"20521",2026-10-08,4.6,16.5,16.5,0.071,0.008,1,21.1,4.8,1
"20522",2026-10-08,0.6,13,38.5,0.001,0.049,0,39.1,0.4,1
"20539",2026-10-08,0.3,0.6,0.6,0,0.184,0,0.9,68.4,0
"20540",2026-10-08,0.2,0.4,0.3,0,0.513,0,0.5,29.3,0
"20541",2026-10-08,0.1,0.2,0.2,0,0.497,0,0.3,35.1,0
"20551",2026-10-08,0,0,0,0,0.069,0,0,17.2,0
"20552",2026-10-08,0,0,0,0,0.069,0,0,17.2,0
"20558",2026-10-08,0,0,0,0.001,0.187,0,0,7.4,0
"20559",2026-10-08,0,0,0,0.001,0.183,0,0,4.8,0
"20560",2026-10-08,0,0,0,0.002,0.003,0,0,1.2,0
"20561",2026-10-08,0,0,0,0.002,0.003,0,0,1.2,0
"20562",2026-10-08,0,0,0,0.002,0.239,0,0,5.3,0
"20728",2026-10-08,9.6,12.6,12.6,0.021,0.01,1,22.2,12.3,1
"20729",2026-10-08,11.8,15,15,0.051,0.009,1,26.8,8.3,1
"20730",2026-10-08,17.6,20.5,20.5,0.169,0.008,1,38.1,4.8,1
"20731",2026-10-08,15.2,22.6,22.6,0.21,0.008,1,37.8,4.8,1
"20732",2026-10-08,2.6,14.6,66.5,0.002,0.049,0,69.2,0.4,1
"20737",2026-10-08,0.1,1.1,0.9,0.001,0.046,0,0.9,30.3,0
"20744",2026-10-08,0.6,1.1,1.1,0.004,0.01,0,1.7,9.3,0
"20745",2026-10-08,0.5,1.2,1,0.001,0.001,1,1.5,4,0
"20746",2026-10-08,0.5,1.2,1,0.001,0.001,1,1.5,4,0
"20751",2026-10-08,0.1,2.7,0.2,0.002,0.097,0,0.3,14.9,0
"20753",2026-10-08,0.2,1.4,0.3,0.002,0.097,0,0.5,14.9,0
"20760",2026-10-08,0,0,0,0,0.069,0,0,17.2,0
"20761",2026-10-08,0,0,0,0,0.069,0,0,17.2,0
"20768",2026-10-08,0,0,0,0.001,0.299,0,0,100.1,0
"20769",2026-10-08,0,0,0,0.002,0.003,0,0,1.2,0
"20770",2026-10-08,0,0,0,0.002,0.003,0,0,1.2,0
"20771",2026-10-08,0,0,0,0.002,0.003,0,0,1.2,0
"20772",2026-10-08,0,0,0,0,0.299,0,0,1.5,0
"20773",2026-10-08,0,0,0,0,0.299,0,0,1.5,0
"20939",2026-10-08,13.2,14.7,14.7,0.053,0.009,1,27.9,8.3,1
"20940",2026-10-08,20.4,17.4,17.4,0.117,0.008,1,37.8,4.8,1
"20941",2026-10-08,24.3,20.1,20.1,0.184,0.008,1,44.4,4.8,1
"20946",2026-10-08,0.2,3.7,0.8,0.002,0.204,0,1,81.6,0
"20947",2026-10-08,0.2,1.2,0.9,0.001,0.046,0,1.1,30.3,0
"20954",2026-10-08,0.6,4,1.1,0.001,0.001,1,1.7,6.6,0
"20955",2026-10-08,0.7,2.4,1.3,0.001,0.001,1,1.9,4.4,0
"20965",2026-10-08,0,0.2,0,0,0.536,0,0.1,12.6,0
"20970",2026-10-08,0,0.2,0.2,0.001,0.019,0,0.2,23.8,0
"20971",2026-10-08,0,0,0,0.001,0.019,0,0,23.8,0
"20979",2026-10-08,0,0,0,0,0.256,0,0,2,0
"20980",2026-10-08,0,0,0,0,0.256,0,0,2,0
"20981",2026-10-08,0,0,0,0,0.256,0,0,2,0
"20982",2026-10-08,0,0,0,0,0.293,0,0,2.1,0
"21150",2026-10-08,15.4,35.4,35.4,0.001,0.002,0,50.8,200.1,0
"21151",2026-10-08,13.5,30.8,30.8,0,0.003,0,44.3,239.4,0
"21152",2026-10-08,8,23.5,23.5,0,0.003,0,31.5,239.4,0
"21160",2026-10-08,0.7,1.4,1.8,0.001,0.009,0,2.4,52.1,0
"21163",2026-10-08,0.3,0.6,0.8,0.004,0.006,0,1.1,11.8,0
"21180",2026-10-08,0,0.2,0.2,0.001,0.019,0,0.2,23.8,0
"21181",2026-10-08,0,0.1,0.1,0.001,0.019,0,0.1,23.8,0
"21182",2026-10-08,0,0,0,0.001,0.019,0,0,23.8,0
"21194",2026-10-08,0,0.1,0.1,0,0.408,0,0.1,2.1,0
"21360",2026-10-08,16.4,46,46,0.001,0.002,0,62.4,200.1,0
"21361",2026-10-08,14.2,40.6,40.6,0,0.003,0,54.7,239.4,0
"21362",2026-10-08,8.8,28.2,28.2,0,0.003,0,37.1,239.4,0
"21363",2026-10-08,3.3,12.2,12.2,0,0.003,0,15.5,239.4,0
"21364",2026-10-08,0.9,3.7,3.7,0,0.003,0,4.6,239.4,0
"21365",2026-10-08,0.3,1.3,1.3,0,0.003,0,1.6,239.4,0
"21369",2026-10-08,1,2.1,2.7,0.001,0.009,0,3.7,52.1,0
"21370",2026-10-08,0.8,1.5,2,0.001,0.009,0,2.7,52.1,0
"21374",2026-10-08,0.3,2.6,0.4,0.001,0.001,1,0.7,6.6,0
"21397",2026-10-08,0,0,0,0,0.006,0,0,14.2,0
"21400",2026-10-08,0,0,0,0,0.256,0,0,2,0
"21401",2026-10-08,0,0,0,0,0.256,0,0,2,0
"21402",2026-10-08,0,0,0,0,0.293,0,0,2.1,0
"21403",2026-10-08,0,0.1,0.1,0,0.408,0,0.1,2.1,0
"21404",2026-10-08,0,0.1,0.1,0,0.408,0,0.1,2.1,0
"21405",2026-10-08,0,0.3,0.3,0.003,0.035,0,0.3,1.1,0
"21572",2026-10-08,10,34.8,34.8,0,0.003,0,44.8,239.4,0
"21573",2026-10-08,5.3,19.5,19.5,0,0.003,0,24.8,239.4,0
"21574",2026-10-08,1.7,6.5,6.5,0,0.003,0,8.2,239.4,0
"21575",2026-10-08,0.4,1.7,1.7,0,0.003,0,2.1,239.4,0
"21578",2026-10-08,1,2,2.7,0.001,0.009,0,3.7,52.1,0
"21579",2026-10-08,1,1.9,2.6,0.001,0.009,0,3.5,52.1,0
"21580",2026-10-08,0.7,1.3,1.8,0.001,0.009,0,2.5,52.1,0
"21585",2026-10-08,0.4,0.5,0.7,0.001,0.005,0,1,4.1,0
"21605",2026-10-08,0,0.1,0,0,0.006,0,0,14.2,0
"21606",2026-10-08,0,0,0,0,0.006,0,0,14.2,0
"21607",2026-10-08,0,0,0,0,0.698,0,0,37.8,0
"21610",2026-10-08,0,0,0,0,0.748,0,0,6.5,0
"21611",2026-10-08,0,0,0,0,0.748,0,0,6.5,0
"21612",2026-10-08,0,0,0,0,0.293,0,0,2.1,0
"21613",2026-10-08,0,0.1,0.1,0,0.408,0,0.1,2.1,0
"21614",2026-10-08,0,0.1,0.1,0,0.408,0,0.1,2.1,0
"21788",2026-10-08,0.5,1.8,8.6,0,0,1,9.1,0.1,1
"21789",2026-10-08,0.7,2.4,10.6,0,0,1,11.3,0.1,1
"21790",2026-10-08,0.6,2.2,9.5,0,0,1,10.1,0.1,1
"21795",2026-10-08,0.4,4.2,0.5,0.001,0.002,0,0.9,3.1,0
"21796",2026-10-08,0.3,3.9,0.4,0.001,0.002,0,0.7,3.1,0
"21821",2026-10-08,0,0,0,0.001,0.748,0,0,9,0
"21822",2026-10-08,0,0.1,0,0.001,0.81,0,0,13.3,0
"21825",2026-10-08,0,0.3,0.3,0.001,0.192,0,0.3,0.9,0
"21826",2026-10-08,0,0.1,0.4,0.001,0.001,1,0.4,0.9,0
"21828",2026-10-08,0,0.3,1.1,0.002,0.001,1,1.2,0.9,1
"21829",2026-10-08,0,0.5,0.5,0.001,0.001,0,0.5,0.9,0
"21999",2026-10-08,0.5,1.6,9.9,0,0,1,10.4,0.1,1
"22034",2026-10-08,0,0.1,0,0.003,0.244,0,0,8.8,0
"22035",2026-10-08,0,0.3,0.3,0.001,0.192,0,0.3,0.9,0
"22036",2026-10-08,0,0.4,0.1,0.001,0.167,0,0.1,1.2,0
"22038",2026-10-08,0,0.5,1.5,0.004,0.001,1,1.5,0.9,1
"22039",2026-10-08,0,0.7,0.7,0.001,0.001,0,0.7,0.9,0
"22240",2026-10-08,0,0,0,0.001,0.748,0,0,7.9,0
"22243",2026-10-08,0,0,0,0.001,0.027,0,0,15.2,0
"22244",2026-10-08,0,0,0,0.001,0.038,0,0,6.2,0
"22248",2026-10-08,0,0.4,0.4,0.001,0.008,0,0.4,1.4,0
"22450",2026-10-08,0,0.1,0,0.001,0.267,0,0,19.3,0
"22451",2026-10-08,0,0,0,0,1,0,0,14.1,0
"22456",2026-10-08,0,0.3,0.1,0.001,0.167,0,0.1,1.2,0
"22460",2026-10-08,0.1,0.3,0.3,0.001,0.001,0,0.4,0.8,0
"22461",2026-10-08,0.1,0.6,0.6,0.004,0.323,0,0.7,1.6,0
"22643",2026-10-08,0.3,1,2,0.001,0.009,0,2.3,52.2,0
"22644",2026-10-08,0.3,0.9,1.7,0.001,0.009,0,1.9,52.2,0
"22660",2026-10-08,0,0,0,0.002,0.005,0,0,5.9,0
"22661",2026-10-08,0,0,0,0,0.624,0,0,8.8,0
"22667",2026-10-08,0.1,0.5,0.5,0.001,0.012,0,0.6,2,0
"22669",2026-10-08,0.1,0.3,0.3,0.001,0.002,0,0.3,1,0
"22670",2026-10-08,0.1,0.3,0.3,0.001,0.002,0,0.4,1,0
"22671",2026-10-08,0.1,0.6,0.6,0.005,0.323,0,0.7,1.6,0
"22848",2026-10-08,0.4,0.6,0.6,0,0.252,0,0.9,67.1,0
"22853",2026-10-08,0.2,0.8,2.1,0.001,0.009,0,2.4,52.2,0
"22854",2026-10-08,0.2,0.8,1.6,0.001,0.009,0,1.9,52.2,0
"22871",2026-10-08,0,0,0,0.001,0.403,0,0.1,25.2,0
"22880",2026-10-08,0.1,0.3,0.3,0.005,0.005,0,0.4,0.4,1
"23081",2026-10-08,0,0.1,0.1,0.001,0.008,0,0.2,23.9,0
"23253",2026-10-08,12.3,123.9,38.3,0,0.035,0,50.6,551.4,0
"23280",2026-10-08,0.5,0.8,0.8,0.001,0.148,0,1.3,36.8,0
"23463",2026-10-08,10.7,32.4,87.9,0.001,0.059,0,98.5,1046.5,0
"23464",2026-10-08,12.3,7.6,7.6,0.001,0.001,0,19.8,32.5,0
"23467",2026-10-08,7.8,4.8,19.9,0.001,0.003,0,27.7,230.4,0
"23490",2026-10-08,0.5,0.8,0.8,0,0.01,0,1.4,31.8,0
"23676",2026-10-08,10.3,102,29.9,0,0.011,0,40.2,687.3,0
"23679",2026-10-08,1.3,4,4,0,0.005,0,5.3,50.2,0
"23719",2026-10-08,0.1,0.2,0.1,0,0.126,0,0.2,7.8,0
"23888",2026-10-08,5.7,57.4,13.1,0.003,0.02,0,18.8,178.6,0
"23899",2026-10-08,0.2,0.4,0.4,0,0.235,0,0.6,55.4,0
"23900",2026-10-08,0.3,0.4,0.4,0,0.267,0,0.7,52.5,0
"23929",2026-10-08,0.2,0.2,0.4,0,0.006,0,0.5,23.8,0
"23931",2026-10-08,0.5,1.3,1.3,0.005,0.695,0,1.8,12.9,0
"24094",2026-10-08,9.2,86.7,7.4,0.002,0.002,1,16.6,34.3,0
"24095",2026-10-08,8.9,7.2,7.2,0.001,0.001,0,16.1,58,0
"24096",2026-10-08,11.3,9.3,9.3,0.001,0.002,0,20.6,77.4,0
"24100",2026-10-08,1.2,10.7,1.2,0.001,0.047,0,2.4,17.3,0
"24102",2026-10-08,0.4,5.3,5.3,0,0,1,5.7,0.5,1
"24103",2026-10-08,0.2,0.2,0.2,0,0.011,0,0.4,19.3,0
"24106",2026-10-08,0.4,0.5,0.5,0.001,0.134,0,1,20.9,0
"24304",2026-10-08,6.6,73.4,73.4,0.001,0.001,1,80,20.1,1
"24305",2026-10-08,7.8,68.1,84.9,0.001,0.001,1,92.6,46.3,1
"24306",2026-10-08,11.8,88.5,106.5,0.001,0.001,1,118.2,41.6,1
"24307",2026-10-08,15.1,13.4,136.3,0.001,0.001,1,151.4,45.7,1
"24309",2026-10-08,9.2,8.8,106.9,0.001,0.003,0,116.1,25.5,1
"24310",2026-10-08,2.9,2.9,31.8,0.001,0.003,0,34.7,6.9,1
"24315",2026-10-08,0.4,0.5,0.5,0,0.134,0,0.9,20.9,0
"24316",2026-10-08,0.5,0.6,0.6,0.001,0.134,0,1.1,20.9,0
"24317",2026-10-08,0.5,0.7,0.7,0,0.235,0,1.2,55.4,0
"24318",2026-10-08,0.3,0.5,0.5,0,0.235,0,0.8,55.4,0
"24319",2026-10-08,0.2,0.2,0.2,0,0.235,0,0.4,55.4,0
"24526",2026-10-08,0.4,0.5,0.5,0,0.134,0,0.9,20.9,0
"24527",2026-10-08,0.5,0.8,0.8,0,0.235,0,1.3,55.4,0
"24528",2026-10-08,0.4,16.1,16.1,0.001,0.056,0,16.5,123.2,0
"24529",2026-10-08,0.2,7.4,7.4,0.001,0.056,0,7.7,123.2,0
"24734",2026-10-08,0.2,0.2,0.2,0,0.134,0,0.4,20.9,0
"24735",2026-10-08,0.1,0.1,0.1,0,0.134,0,0.2,20.9,0
"24756",2026-10-08,1,4.7,4.7,0,0.238,0,5.7,137,0
"24757",2026-10-08,0.4,0.6,0.6,0.002,0.034,0,0.9,13.4,0
"24966",2026-10-08,1.6,2.5,2.5,0.005,0.04,0,4.1,12.6,0
"24969",2026-10-08,1.1,4,2.1,0.001,0.18,0,3.2,21.9,0
"25178",2026-10-08,0.5,1.1,1.1,0.003,0.046,0,1.6,11.8,0
"25179",2026-10-08,0.7,3.8,2.6,0.001,0.18,0,3.3,21.9,0
"25180",2026-10-08,1.2,6.7,4.9,0.001,0.18,0,6.1,21.9,0
"25181",2026-10-08,1.6,6.2,6.2,0,0.371,0,7.8,101.5,0
"25386",2026-10-08,0.6,1,1,0.003,0.04,0,1.7,12.6,0
"25388",2026-10-08,0.5,1.1,1.1,0.001,0.008,0,1.6,12.8,0
"25389",2026-10-08,0.2,2.5,2.1,0,0.171,0,2.4,53.9,0
"25596",2026-10-08,0.4,0.7,0.7,0.001,0.041,0,1.1,24.7,0
"25597",2026-10-08,0.5,0.9,0.9,0.001,0.008,0,1.4,12.8,0
"25598",2026-10-08,0.4,2.9,0.9,0,0.171,0,1.3,53.9,0
"25807",2026-10-08,0.6,4.6,1,0,0.136,0,1.5,61.4,0
